기준년월,대여소번호,대여소명,자치구,대여건수,반납건수
202101,1201,가락시장역 3번 출구,송파구,562.0,
202101,1203,밀리아나2빌딩 앞,송파구,464.0,
202101,1204,거여역 3번출구,송파구,291.0,
202101,1205,종합운동장역 4번출구,송파구,268.0,
202101,1206,9호선종합운동장역 9번출구,송파구,220.0,
202101,1207,마천CU우방점 앞,송파구,249.0,
202101,1208,풍납현대아파트쉼터,송파구,356.0,
202101,1209,잠실나루역 (2번 출구 쪽),송파구,1273.0,
202101,1210,롯데월드타워(잠실역2번출구 쪽),송파구,2089.0,
202101,1211,방이삼거리,송파구,907.0,
202101,1212,송파역 2번 출구앞,송파구,496.0,
202101,1213,백토공원 앞,송파구,162.0,
202101,1214,오금역 7번 출구 인근,송파구,298.0,
202101,1215,올림픽공원역 1번출구 앞,송파구,436.0,
202101,1217,송파파인타운 7단지,송파구,232.0,
202101,1218,방이역 4번출구,송파구,597.0,
202101,1220,잠실본동주민센터뒤 잠실근린공원,송파구,779.0,
202101,1221,삼전사거리 포스코더샵,송파구,596.0,
202101,1222,잠실새내역 5번 출구 뒤,송파구,875.0,
202101,1224,아시아지하보도 2번 출구,송파구,345.0,
202101,1226,잠실4동 주민센터 옆,송파구,485.0,
202101,1227,거여역 8번출구 뒤,송파구,368.0,
202101,1228,마천사거리,송파구,327.0,
202101,1229,송파체육문화회관 앞,송파구,397.0,
202101,1230,송파중학교 정문,송파구,284.0,
202101,1231,잠실역 6번출구,송파구,655.0,
202101,1232,롯데마트 주차장 옆,송파구,586.0,
202101,1233,잠실3거리(갤러리아팰리스),송파구,271.0,
202101,1235,잠실트리지움310동 옆,송파구,514.0,
202101,1239,문정 법조단지3,송파구,99.0,
202101,1240,문정 법조단지4,송파구,171.0,
202101,1241,문정 법조단지5,송파구,80.0,
202101,1242,문정 법조단지6,송파구,78.0,
202101,1243,문정 법조단지7,송파구,583.0,
202101,1244,문정 법조단지8,송파구,536.0,
202101,1245,문정 법조단지9,송파구,415.0,
202101,1246,문정 법조단지10,송파구,559.0,
202101,1247,문정 법조단지11,송파구,373.0,
202101,1248,방이초등학교,송파구,495.0,
202101,1249,아주중학교건너편,송파구,310.0,
202101,1250,문정2동 주민센터,송파구,165.0,
202101,1251,석촌역 2번출구,송파구,613.0,
202101,1253,오금역 3번 출구 뒤,송파구,235.0,
202101,1256,문정현대아파트 교차로,송파구,281.0,
202101,1257,가락시장역 롯데마트앞,송파구,599.0,
202101,1258,가락미륭아파트 앞,송파구,189.0,
202101,1259,방이역 1번출구,송파구,492.0,
202101,1260,방이동 한양3차아파트 옆,송파구,342.0,
202101,1262,송파여성문화회관 앞,송파구,555.0,
202101,1263,장지공영차고지,송파구,88.0,
202101,1264,천호역 10번 출구 앞,송파구,698.0,
202101,1265,문정동 근린공원,송파구,407.0,
202101,1266,문정동 글샘 공원,송파구,137.0,
202101,1267,올림픽공원 남2문 앞,송파구,341.0,
202101,1268,몽촌토성역 1번출구 옆,송파구,893.0,
202101,1269,리센츠아파트,송파구,474.0,
202101,1271,송파도서관,송파구,281.0,
202101,1274,영파여고 앞,송파구,415.0,
202101,1275,거여초등학교 옆,송파구,177.0,
202101,1277,오금동 송파 참병원,송파구,308.0,
202101,1278,송파구청 교차로,송파구,741.0,
202101,1279,마천금호어울림 1차아파트 건너편,송파구,130.0,
202101,1280,송파파크데일 2단지입구 앞 주차장,송파구,198.0,
202101,1282,송파소방서 맞은편(성내4교),송파구,507.0,
202101,1283,오금공원 사거리,송파구,94.0,
202101,1285,위례별 유치원 뒤,송파구,148.0,
202101,1286,위례중앙푸르지오 1단지 앞,송파구,365.0,
202101,1287,위례아이파크 101동 맞은편,송파구,155.0,
202101,1288,문정중교 사거리,송파구,316.0,
202101,1289,풍납동 자전거보관소,송파구,127.0,
202101,1290,위례송파꿈에그린아파트24단지 앞 성벽 다리 밑,송파구,193.0,
202101,1291,서울체육고등학교 앞,송파구,117.0,
202101,1293,석촌호교차로 (스타벅스 앞),송파구,639.0,
202101,1295,잠실역 8번출구,송파구,1237.0,
202101,1296,석촌호수교차로 (송파나루근린공원 앞),송파구,237.0,
202101,1297,석촌호수교차로(동호 팔각정 앞),송파구,497.0,
202101,1299,송파소방서 (방이119안전센터),송파구,168.0,
202101,1300,오륜사거리,송파구,181.0,
202101,2601,석촌호수 서호사거리,송파구,601.0,
202101,2603,송파 글마루 도서관,송파구,224.0,
202101,2604,삼표레미콘 앞,송파구,234.0,
202101,2605,복정역 1번 출구 앞,송파구,153.0,
202101,2606,위례동주민센터 맞은편 근린공원,송파구,331.0,
202101,2607,복정역 2번출구 후문 (장지치안센터),송파구,204.0,
202101,2608,송파구청,송파구,401.0,
202101,2609,보성중고등학교 후문 앞,송파구,28.0,
202101,2610,여흥레이크빌 앞 (석촌호수 까페거리),송파구,584.0,
202101,2611,송파지역자활센터 뒤,송파구,685.0,
202101,2612,문정·가락 대여소 앞,송파구,33.0,
202101,2613,잠실나들목,송파구,707.0,
202101,2614,가락고등학교 앞,송파구,311.0,
202101,2615,테라타워2,송파구,660.0,
202101,2616,거여동 사거리,송파구,78.0,
202101,2617,가락삼환아파트 앞,송파구,317.0,
202101,2618,삼전역 1번출구,송파구,367.0,
202101,2619,석촌고분역 4번출구,송파구,677.0,
202101,2620,송파나루역 4번 출구옆,송파구,969.0,
202101,2621,한성백제역 2번 출구,송파구,1053.0,
202101,2622,올림픽공원역 3번출구,송파구,1254.0,
202101,2623,석촌동 주민센터,송파구,669.0,
202101,2625,가락1동 주민센터,송파구,235.0,
202101,2626,"경찰병원역 1,2번 출구 사이",송파구,214.0,
202101,2627,문정시영아파트 5동 앞 공원,송파구,185.0,
202101,2628,문정역 1번출구,송파구,575.0,
202101,2629,문정동 힐스데이트 에코 송파,송파구,671.0,
202101,2630,서울방이동 고분군,송파구,334.0,
202101,2631,배명고등학교,송파구,260.0,
202101,2632,석촌고분역 2번 출구,송파구,472.0,
202101,2633,송파학사 옆,송파구,244.0,
202101,2634,위례포레샤인아파트 2318동,송파구,114.0,
202101,2635,잠실새내역 1번출구,송파구,359.0,
202101,2637,잠실월드 메르디앙,송파구,428.0,
202101,2638,쌍용아파트,송파구,429.0,
202101,2639,석촌역 8번출구,송파구,741.0,
202101,2641,송파역 4번출구,송파구,826.0,
202101,2642,마천동 성내천 쉼터,송파구,210.0,
202101,2643,풍납중학교 측면,송파구,120.0,
202101,2644,성내5교 (GS주유소),송파구,306.0,
202101,2645,잠실나들목2(엘스아파트136동),송파구,699.0,
202101,2646,레이클펠리스101동앞,송파구,630.0,
202101,2647,잠실 자전거 수리센터 앞,송파구,392.0,
202101,2648,헬리오시티 112동 앞,송파구,403.0,
202101,2649,오금공원사거리2,송파구,128.0,
202101,2650,위례22단지 2208동 다리앞,송파구,76.0,
202101,2651,경찰병원역 3번출구 앞,송파구,272.0,
202101,2652,송파 레미니스1단지 102동 앞,송파구,188.0,
202101,2653,올림픽공원사거리(선수촌아파트),송파구,348.0,
202101,2654,올림픽선수촌아파트 136동 앞,송파구,212.0,
202101,2655,송이공원,송파구,370.0,
202101,2656,풍납동 아이파크 107동 앞,송파구,411.0,
202101,2657,송파 파인타운 11단지,송파구,157.0,
202101,2658,가락몰 업무동,송파구,405.0,
202101,2659,서울친환경유통센터,송파구,44.0,
202102,1201,가락시장역 3번 출구,송파구,826.0,
202102,1203,밀리아나2빌딩 앞,송파구,772.0,
202102,1204,거여역 3번출구,송파구,573.0,
202102,1205,종합운동장역 4번출구,송파구,502.0,
202102,1206,9호선종합운동장역 9번출구,송파구,391.0,
202102,1207,마천CU우방점 앞,송파구,426.0,
202102,1208,풍납현대아파트쉼터,송파구,675.0,
202102,1209,잠실나루역 (2번 출구 쪽),송파구,1604.0,
202102,1210,롯데월드타워(잠실역2번출구 쪽),송파구,3410.0,
202102,1211,방이삼거리,송파구,1619.0,
202102,1212,송파역 2번 출구앞,송파구,777.0,
202102,1213,백토공원 앞,송파구,251.0,
202102,1214,오금역 7번 출구 인근,송파구,432.0,
202102,1215,올림픽공원역 1번출구 앞,송파구,721.0,
202102,1217,송파파인타운 7단지,송파구,268.0,
202102,1218,방이역 4번출구,송파구,1004.0,
202102,1220,잠실본동주민센터뒤 잠실근린공원,송파구,952.0,
202102,1221,삼전사거리 포스코더샵,송파구,873.0,
202102,1222,잠실새내역 5번 출구 뒤,송파구,1677.0,
202102,1224,아시아지하보도 2번 출구,송파구,625.0,
202102,1226,잠실4동 주민센터 옆,송파구,754.0,
202102,1227,거여역 8번출구 뒤,송파구,682.0,
202102,1228,마천사거리,송파구,518.0,
202102,1229,송파체육문화회관 앞,송파구,549.0,
202102,1230,송파중학교 정문,송파구,367.0,
202102,1231,잠실역 6번출구,송파구,1297.0,
202102,1232,롯데마트 주차장 옆,송파구,945.0,
202102,1233,잠실3거리(갤러리아팰리스),송파구,423.0,
202102,1235,잠실트리지움310동 옆,송파구,878.0,
202102,1239,문정 법조단지3,송파구,171.0,
202102,1240,문정 법조단지4,송파구,223.0,
202102,1241,문정 법조단지5,송파구,170.0,
202102,1242,문정 법조단지6,송파구,88.0,
202102,1243,문정 법조단지7,송파구,826.0,
202102,1244,문정 법조단지8,송파구,868.0,
202102,1245,문정 법조단지9,송파구,597.0,
202102,1246,문정 법조단지10,송파구,790.0,
202102,1247,문정 법조단지11,송파구,388.0,
202102,1248,방이초등학교,송파구,887.0,
202102,1249,아주중학교건너편,송파구,508.0,
202102,1250,문정2동 주민센터,송파구,242.0,
202102,1251,석촌역 2번출구,송파구,990.0,
202102,1253,오금역 3번 출구 뒤,송파구,321.0,
202102,1256,문정현대아파트 교차로,송파구,348.0,
202102,1257,가락시장역 롯데마트앞,송파구,535.0,
202102,1258,가락미륭아파트 앞,송파구,268.0,
202102,1259,방이역 1번출구,송파구,734.0,
202102,1260,방이동 한양3차아파트 옆,송파구,509.0,
202102,1262,송파여성문화회관 앞,송파구,893.0,
202102,1263,장지공영차고지,송파구,140.0,
202102,1264,천호역 10번 출구 앞,송파구,1153.0,
202102,1265,문정동 근린공원,송파구,515.0,
202102,1266,문정동 글샘 공원,송파구,241.0,
202102,1267,올림픽공원 남2문 앞,송파구,636.0,
202102,1268,몽촌토성역 1번출구 옆,송파구,2138.0,
202102,1269,리센츠아파트,송파구,681.0,
202102,1271,송파도서관,송파구,613.0,
202102,1274,영파여고 앞,송파구,662.0,
202102,1275,거여초등학교 옆,송파구,222.0,
202102,1277,오금동 송파 참병원,송파구,609.0,
202102,1278,송파구청 교차로,송파구,1173.0,
202102,1279,마천금호어울림 1차아파트 건너편,송파구,242.0,
202102,1280,송파파크데일 2단지입구 앞 주차장,송파구,253.0,
202102,1282,송파소방서 맞은편(성내4교),송파구,913.0,
202102,1283,오금공원 사거리,송파구,44.0,
202102,1285,위례별 유치원 뒤,송파구,187.0,
202102,1286,위례중앙푸르지오 1단지 앞,송파구,458.0,
202102,1287,위례아이파크 101동 맞은편,송파구,238.0,
202102,1288,문정중교 사거리,송파구,353.0,
202102,1289,풍납동 자전거보관소,송파구,161.0,
202102,1290,위례송파꿈에그린아파트24단지 앞 성벽 다리 밑,송파구,178.0,
202102,1291,서울체육고등학교 앞,송파구,87.0,
202102,1293,석촌호교차로 (스타벅스 앞),송파구,1124.0,
202102,1295,잠실역 8번출구,송파구,2157.0,
202102,1296,석촌호수교차로 (송파나루근린공원 앞),송파구,404.0,
202102,1297,석촌호수교차로(동호 팔각정 앞),송파구,905.0,
202102,1299,송파소방서 (방이119안전센터),송파구,268.0,
202102,1300,오륜사거리,송파구,286.0,
202102,2601,석촌호수 서호사거리,송파구,1079.0,
202102,2603,송파 글마루 도서관,송파구,226.0,
202102,2604,삼표레미콘 앞,송파구,372.0,
202102,2605,복정역 1번 출구 앞,송파구,232.0,
202102,2606,위례동주민센터 맞은편 근린공원,송파구,472.0,
202102,2607,복정역 2번출구 후문 (장지치안센터),송파구,334.0,
202102,2608,송파구청,송파구,695.0,
202102,2609,보성중고등학교 후문 앞,송파구,30.0,
202102,2610,여흥레이크빌 앞 (석촌호수 까페거리),송파구,1008.0,
202102,2611,송파지역자활센터 뒤,송파구,1043.0,
202102,2612,문정·가락 대여소 앞,송파구,50.0,
202102,2613,잠실나들목,송파구,555.0,
202102,2614,가락고등학교 앞,송파구,421.0,
202102,2615,테라타워2,송파구,918.0,
202102,2616,거여동 사거리,송파구,127.0,
202102,2617,가락삼환아파트 앞,송파구,477.0,
202102,2618,삼전역 1번출구,송파구,630.0,
202102,2619,석촌고분역 4번출구,송파구,902.0,
202102,2620,송파나루역 4번 출구옆,송파구,1656.0,
202102,2621,한성백제역 2번 출구,송파구,1904.0,
202102,2622,올림픽공원역 3번출구,송파구,2683.0,
202102,2623,석촌동 주민센터,송파구,973.0,
202102,2625,가락1동 주민센터,송파구,286.0,
202102,2626,"경찰병원역 1,2번 출구 사이",송파구,216.0,
202102,2627,문정시영아파트 5동 앞 공원,송파구,247.0,
202102,2628,문정역 1번출구,송파구,773.0,
202102,2629,문정동 힐스데이트 에코 송파,송파구,864.0,
202102,2630,서울방이동 고분군,송파구,573.0,
202102,2631,배명고등학교,송파구,393.0,
202102,2632,석촌고분역 2번 출구,송파구,859.0,
202102,2633,송파학사 옆,송파구,404.0,
202102,2634,위례포레샤인아파트 2318동,송파구,196.0,
202102,2635,잠실새내역 1번출구,송파구,677.0,
202102,2637,잠실월드 메르디앙,송파구,732.0,
202102,2638,쌍용아파트,송파구,653.0,
202102,2639,석촌역 8번출구,송파구,1041.0,
202102,2641,송파역 4번출구,송파구,1293.0,
202102,2642,마천동 성내천 쉼터,송파구,407.0,
202102,2643,풍납중학교 측면,송파구,213.0,
202102,2644,성내5교 (GS주유소),송파구,485.0,
202102,2645,잠실나들목2(엘스아파트136동),송파구,1530.0,
202102,2646,레이크펠리스101동앞,송파구,894.0,
202102,2647,잠실 자전거 수리센터 앞,송파구,769.0,
202102,2648,헬리오시티 112동 앞,송파구,655.0,
202102,2649,오금공원사거리2,송파구,120.0,
202102,2650,위례22단지 2208동 다리앞,송파구,101.0,
202102,2651,경찰병원역 3번출구 앞,송파구,435.0,
202102,2652,송파 레미니스1단지 102동 앞,송파구,296.0,
202102,2653,올림픽공원사거리(선수촌아파트),송파구,690.0,
202102,2654,올림픽선수촌아파트 136동 앞,송파구,302.0,
202102,2655,송이공원,송파구,519.0,
202102,2656,풍납동 아이파크 107동 앞,송파구,499.0,
202102,2657,송파 파인타운 11단지,송파구,194.0,
202102,2658,가락몰 업무동,송파구,466.0,
202102,2659,서울친환경유통센터,송파구,55.0,
202102,4452,삼성SDS,송파구,548.0,
202102,4453,위례중앙푸르지오 201동 앞,송파구,222.0,
202102,4456,위례포레샤인 2310동 부근,송파구,168.0,
202102,4457,아산병원 기숙사 부근,송파구,436.0,
202102,4458,서울힐링요양병원 앞,송파구,129.0,
202102,4461,한양3차아파트 3동 앞,송파구,92.0,
202102,4463,방이역 2번 출구,송파구,152.0,
202102,4464,올림픽공원 북2문,송파구,379.0,
202102,4465,건영아파트앞 사거리,송파구,277.0,
202102,4467,한림연예예술고등학교,송파구,114.0,
202102,4468,가락1동 주민센터 2,송파구,191.0,
202102,4474,가락현대 1차 11동 앞,송파구,94.0,
202102,4475,송파파인타운 4단지 403동,송파구,73.0,
202102,4478,문정근린공원2,송파구,211.0,
202102,4479,문정중학교,송파구,93.0,
202102,4480,가락시장역 롯데마트2,송파구,257.0,
202102,4481,올림픽공원 북2문 2,송파구,526.0,
202102,4483,잠실나들목4,송파구,1284.0,
202102,4484,잠실나루역4번출구뒤,송파구,531.0,
202102,4485,잠실나루역 고가하부,송파구,138.0,
202102,4486,홈플러스 잠실점,송파구,464.0,
202102,4488,문현중.고등학교 사이,송파구,29.0,
202102,4490,송파파인타운 10단지 1005동,송파구,113.0,
202102,4491,장지역 1번출구,송파구,186.0,
202102,4493,마천사거리 2,송파구,92.0,
202102,4496,잠실 파크리오 120동 앞,송파구,269.0,
202102,4497,아시아선수촌아파트 교차로,송파구,145.0,
202102,4499,세양청마루 101동 앞,송파구,96.0,
202102,4500,풍납나들목,송파구,248.0,
202102,4852,서울복합물류 게이트 1,송파구,240.0,
202102,4854,가락시장역 2번 출구,송파구,312.0,
202102,4856,올림픽공원 서1문 앞,송파구,247.0,
202102,4859,잠실나루 나들목,송파구,495.0,
202103,1201,가락시장역 3번 출구,송파구,1623.0,
202103,1203,밀리아나2빌딩 앞,송파구,1550.0,
202103,1204,거여역 3번출구,송파구,1040.0,
202103,1205,종합운동장역 4번출구,송파구,1040.0,
202103,1206,9호선종합운동장역 9번출구,송파구,849.0,
202103,1207,마천CU우방점 앞,송파구,749.0,
202103,1208,풍납현대아파트쉼터,송파구,1092.0,
202103,1209,잠실나루역 (2번 출구 쪽),송파구,2421.0,
202103,1210,롯데월드타워(잠실역2번출구 쪽),송파구,5798.0,
202103,1211,방이삼거리,송파구,3115.0,
202103,1212,송파역 2번 출구앞,송파구,1516.0,
202103,1213,백토공원 앞,송파구,427.0,
202103,1214,오금역 7번 출구 인근,송파구,922.0,
202103,1215,올림픽공원역 1번출구 앞,송파구,1195.0,
202103,1217,송파파인타운 7단지,송파구,558.0,
202103,1218,방이역 4번출구,송파구,1840.0,
202103,1220,잠실본동주민센터뒤 잠실근린공원,송파구,1681.0,
202103,1221,삼전사거리 포스코더샵,송파구,1559.0,
202103,1222,잠실새내역 5번 출구 뒤,송파구,2819.0,
202103,1224,아시아지하보도 2번 출구,송파구,1131.0,
202103,1226,잠실4동 주민센터 옆,송파구,1051.0,
202103,1227,거여역 8번출구 뒤,송파구,1249.0,
202103,1228,마천사거리,송파구,846.0,
202103,1229,송파체육문화회관 앞,송파구,1048.0,
202103,1230,송파중학교 정문,송파구,735.0,
202103,1231,잠실역 6번출구,송파구,2036.0,
202103,1232,롯데마트 주차장 옆,송파구,1428.0,
202103,1233,잠실3거리(갤러리아팰리스),송파구,732.0,
202103,1235,잠실트리지움310동 옆,송파구,1462.0,
202103,1239,문정 법조단지3,송파구,299.0,
202103,1240,문정 법조단지4,송파구,461.0,
202103,1241,문정 법조단지5,송파구,320.0,
202103,1242,문정 법조단지6,송파구,151.0,
202103,1243,문정 법조단지7,송파구,1812.0,
202103,1244,문정 법조단지8,송파구,1548.0,
202103,1245,문정 법조단지9,송파구,1154.0,
202103,1246,문정 법조단지10,송파구,1243.0,
202103,1247,문정 법조단지11,송파구,756.0,
202103,1248,방이초등학교,송파구,1600.0,
202103,1249,아주중학교건너편,송파구,785.0,
202103,1250,문정2동 주민센터,송파구,515.0,
202103,1251,석촌역 2번출구,송파구,1651.0,
202103,1253,오금역 3번 출구 뒤,송파구,634.0,
202103,1256,문정현대아파트 교차로,송파구,589.0,
202103,1257,가락시장역 롯데마트앞,송파구,809.0,
202103,1258,가락미륭아파트 앞,송파구,432.0,
202103,1259,방이역 1번출구,송파구,1318.0,
202103,1260,방이동 한양3차아파트 옆,송파구,1050.0,
202103,1262,송파여성문화회관 앞,송파구,1430.0,
202103,1263,장지공영차고지,송파구,292.0,
202103,1264,천호역 10번 출구 앞,송파구,1931.0,
202103,1265,문정동 근린공원,송파구,848.0,
202103,1266,문정동 글샘 공원,송파구,399.0,
202103,1267,올림픽공원 남2문 앞,송파구,1008.0,
202103,1268,몽촌토성역 1번출구 옆,송파구,3386.0,
202103,1269,리센츠아파트,송파구,1101.0,
202103,1271,송파도서관,송파구,1024.0,
202103,1274,영파여고 앞,송파구,976.0,
202103,1275,거여초등학교 옆,송파구,429.0,
202103,1277,오금동 송파 참병원,송파구,925.0,
202103,1278,송파구청 교차로,송파구,1988.0,
202103,1279,마천금호어울림 1차아파트 건너편,송파구,508.0,
202103,1280,송파파크데일 2단지입구 앞 주차장,송파구,480.0,
202103,1282,송파소방서 맞은편(성내4교),송파구,1367.0,
202103,1283,오금공원 사거리,송파구,155.0,
202103,1285,위례별 유치원 뒤,송파구,317.0,
202103,1286,위례중앙푸르지오 1단지 앞,송파구,822.0,
202103,1287,위례아이파크 101동 맞은편,송파구,377.0,
202103,1288,문정중교 사거리,송파구,771.0,
202103,1289,풍납동 자전거보관소,송파구,229.0,
202103,1290,위례송파꿈에그린아파트24단지 앞 성벽 다리 밑,송파구,260.0,
202103,1291,서울체육고등학교 앞,송파구,211.0,
202103,1293,석촌호교차로 (스타벅스 앞),송파구,1872.0,
202103,1295,잠실역 8번출구,송파구,3179.0,
202103,1296,석촌호수교차로 (송파나루근린공원 앞),송파구,818.0,
202103,1297,석촌호수교차로(동호 팔각정 앞),송파구,1974.0,
202103,1299,송파소방서 (방이119안전센터),송파구,421.0,
202103,1300,오륜사거리,송파구,600.0,
202103,2601,석촌호수 서호사거리,송파구,2015.0,
202103,2603,송파 글마루 도서관,송파구,473.0,
202103,2604,삼표레미콘 앞,송파구,716.0,
202103,2605,복정역 1번 출구 앞,송파구,458.0,
202103,2606,위례동주민센터 맞은편 근린공원,송파구,972.0,
202103,2607,복정역 2번출구 후문 (장지치안센터),송파구,673.0,
202103,2608,송파구청,송파구,1405.0,
202103,2609,보성중고등학교 후문 앞,송파구,104.0,
202103,2610,여흥레이크빌 앞 (석촌호수 까페거리),송파구,1779.0,
202103,2611,송파지역자활센터 뒤,송파구,1497.0,
202103,2612,문정·가락 대여소 앞,송파구,37.0,
202103,2613,잠실나들목,송파구,736.0,
202103,2614,가락고등학교 앞,송파구,686.0,
202103,2615,테라타워2,송파구,1754.0,
202103,2616,거여동 사거리,송파구,330.0,
202103,2617,가락삼환아파트 앞,송파구,969.0,
202103,2618,삼전역 1번출구,송파구,1062.0,
202103,2619,석촌고분역 4번출구,송파구,1605.0,
202103,2620,송파나루역 4번 출구옆,송파구,3012.0,
202103,2621,한성백제역 2번 출구,송파구,3160.0,
202103,2622,올림픽공원역 3번출구,송파구,4068.0,
202103,2623,석촌동 주민센터,송파구,1645.0,
202103,2625,가락1동 주민센터,송파구,444.0,
202103,2626,"경찰병원역 1,2번 출구 사이",송파구,459.0,
202103,2627,문정시영아파트 5동 앞 공원,송파구,497.0,
202103,2628,문정역 1번출구,송파구,1357.0,
202103,2629,문정동 힐스데이트 에코 송파,송파구,1796.0,
202103,2630,서울방이동 고분군,송파구,1216.0,
202103,2631,배명고등학교,송파구,733.0,
202103,2632,석촌고분역 2번 출구,송파구,1472.0,
202103,2633,송파학사 옆,송파구,913.0,
202103,2634,위례포레샤인아파트 2318동,송파구,368.0,
202103,2635,잠실새내역 1번출구,송파구,1200.0,
202103,2637,잠실월드 메르디앙,송파구,1482.0,
202103,2638,쌍용아파트,송파구,1147.0,
202103,2639,석촌역 8번출구,송파구,1879.0,
202103,2641,송파역 4번출구,송파구,2367.0,
202103,2642,마천동 성내천 쉼터,송파구,694.0,
202103,2643,풍납중학교 측면,송파구,493.0,
202103,2644,성내5교 (GS주유소),송파구,846.0,
202103,2645,잠실나들목2(엘스아파트136동),송파구,2283.0,
202103,2646,레이크펠리스101동앞,송파구,1838.0,
202103,2647,잠실 자전거 수리센터 앞,송파구,1369.0,
202103,2648,헬리오시티 112동 앞,송파구,1140.0,
202103,2649,오금공원사거리2,송파구,287.0,
202103,2650,위례22단지 2208동 다리앞,송파구,197.0,
202103,2651,경찰병원역 3번출구 앞,송파구,907.0,
202103,2652,송파 레미니스1단지 102동 앞,송파구,684.0,
202103,2653,올림픽공원사거리(선수촌아파트),송파구,1190.0,
202103,2654,올림픽선수촌아파트 136동 앞,송파구,479.0,
202103,2655,송이공원,송파구,971.0,
202103,2656,풍납동 아이파크 107동 앞,송파구,812.0,
202103,2657,송파 파인타운 11단지,송파구,347.0,
202103,2658,가락몰 업무동,송파구,925.0,
202103,2659,서울친환경유통센터,송파구,88.0,
202103,4452,삼성SDS,송파구,1685.0,
202103,4453,위례중앙푸르지오 201동 앞,송파구,679.0,
202103,4454,위례 포레샤인 1809동 부근,송파구,336.0,
202103,4456,위례포레샤인 2310동 부근,송파구,547.0,
202103,4457,아산병원 기숙사 부근,송파구,1076.0,
202103,4458,서울힐링요양병원 앞,송파구,289.0,
202103,4460,올림픽훼미리아파트 112동 앞,송파구,255.0,
202103,4461,한양3차아파트 3동 앞,송파구,169.0,
202103,4462,가락중학교 앞,송파구,114.0,
202103,4463,방이역 2번 출구,송파구,339.0,
202103,4464,올림픽공원 북2문,송파구,832.0,
202103,4465,건영아파트앞 사거리,송파구,737.0,
202103,4467,한림연예예술고등학교,송파구,239.0,
202103,4468,가락1동 주민센터 2,송파구,575.0,
202103,4469,거여동 어울림아파트 102동앞,송파구,125.0,
202103,4472,송파파크데일 1단지 115동 건너편,송파구,224.0,
202103,4473,마천금호어울림 1차 102동앞,송파구,93.0,
202103,4474,가락현대 1차 11동 앞,송파구,275.0,
202103,4475,송파파인타운 4단지 403동,송파구,280.0,
202103,4478,문정근린공원2,송파구,568.0,
202103,4479,문정중학교,송파구,105.0,
202103,4480,가락시장역 롯데마트2,송파구,613.0,
202103,4481,올림픽공원 북2문 2,송파구,1029.0,
202103,4483,잠실나들목4,송파구,2074.0,
202103,4484,잠실나루역4번출구뒤,송파구,1001.0,
202103,4485,잠실나루역 고가하부,송파구,151.0,
202103,4486,홈플러스 잠실점,송파구,1089.0,
202103,4488,문현중.고등학교 사이,송파구,73.0,
202103,4490,송파파인타운 10단지 1005동,송파구,236.0,
202103,4491,장지역 1번출구,송파구,591.0,
202103,4493,마천사거리 2,송파구,355.0,
202103,4496,잠실 파크리오 120동 앞,송파구,603.0,
202103,4497,아시아선수촌아파트 교차로,송파구,450.0,
202103,4499,세양청마루 101동 앞,송파구,431.0,
202103,4500,풍납나들목,송파구,575.0,
202103,4852,서울복합물류 게이트 1,송파구,475.0,
202103,4854,가락시장역 2번 출구,송파구,661.0,
202103,4855,거여5단지 503동 앞,송파구,237.0,
202103,4856,올림픽공원 서1문 앞,송파구,398.0,
202103,4857,올림픽공원 장미광장,송파구,142.0,
202103,4859,잠실나루 나들목,송파구,1101.0,
202104,1201,가락시장역 3번 출구,송파구,1891.0,
202104,1203,밀리아나2빌딩 앞,송파구,2108.0,
202104,1204,거여역 3번출구,송파구,1522.0,
202104,1205,종합운동장역 4번출구,송파구,1556.0,
202104,1206,9호선종합운동장역 9번출구,송파구,1037.0,
202104,1207,마천CU우방점 앞,송파구,1060.0,
202104,1208,풍납현대아파트쉼터,송파구,1661.0,
202104,1209,잠실나루역 (2번 출구 쪽),송파구,3192.0,
202104,1210,롯데월드타워(잠실역2번출구 쪽),송파구,8336.0,
202104,1211,방이삼거리,송파구,4180.0,
202104,1212,송파역 2번 출구앞,송파구,2178.0,
202104,1213,백토공원 앞,송파구,643.0,
202104,1214,오금역 7번 출구 인근,송파구,1324.0,
202104,1215,올림픽공원역 1번출구 앞,송파구,1649.0,
202104,1217,송파파인타운 7단지,송파구,920.0,
202104,1218,방이역 4번출구,송파구,2603.0,
202104,1220,잠실본동주민센터뒤 잠실근린공원,송파구,2300.0,
202104,1221,삼전사거리 포스코더샵,송파구,2353.0,
202104,1222,잠실새내역 5번 출구 뒤,송파구,4103.0,
202104,1224,아시아지하보도 2번 출구,송파구,1731.0,
202104,1226,잠실4동 주민센터 옆,송파구,1583.0,
202104,1227,거여역 8번출구 뒤,송파구,1689.0,
202104,1228,마천사거리,송파구,1112.0,
202104,1229,송파체육문화회관 앞,송파구,980.0,
202104,1230,송파중학교 정문,송파구,993.0,
202104,1231,잠실역 6번출구,송파구,3054.0,
202104,1232,롯데마트 주차장 옆,송파구,1962.0,
202104,1233,잠실3거리(갤러리아팰리스),송파구,882.0,
202104,1235,잠실트리지움310동 옆,송파구,1959.0,
202104,1239,문정 법조단지3,송파구,437.0,
202104,1240,문정 법조단지4,송파구,709.0,
202104,1241,문정 법조단지5,송파구,399.0,
202104,1242,문정 법조단지6,송파구,261.0,
202104,1243,문정 법조단지7,송파구,2506.0,
202104,1244,문정 법조단지8,송파구,2151.0,
202104,1245,문정 법조단지9,송파구,1565.0,
202104,1246,문정 법조단지10,송파구,1699.0,
202104,1247,문정 법조단지11,송파구,1002.0,
202104,1248,방이초등학교,송파구,2078.0,
202104,1249,아주중학교건너편,송파구,1205.0,
202104,1250,문정2동 주민센터,송파구,653.0,
202104,1251,석촌역 2번출구,송파구,2544.0,
202104,1253,오금역 3번 출구 뒤,송파구,856.0,
202104,1256,문정현대아파트 교차로,송파구,799.0,
202104,1257,가락시장역 롯데마트앞,송파구,1012.0,
202104,1258,가락미륭아파트 앞,송파구,455.0,
202104,1259,방이역 1번출구,송파구,1665.0,
202104,1260,방이동 한양3차아파트 옆,송파구,1329.0,
202104,1262,송파여성문화회관 앞,송파구,2124.0,
202104,1263,장지공영차고지,송파구,369.0,
202104,1264,천호역 10번 출구 앞,송파구,3044.0,
202104,1265,문정동 근린공원,송파구,1187.0,
202104,1266,문정동 글샘 공원,송파구,578.0,
202104,1267,올림픽공원 남2문 앞,송파구,1474.0,
202104,1268,몽촌토성역 1번출구 옆,송파구,5873.0,
202104,1269,리센츠아파트,송파구,1445.0,
202104,1271,송파도서관,송파구,1594.0,
202104,1274,영파여고 앞,송파구,1343.0,
202104,1275,거여초등학교 옆,송파구,561.0,
202104,1277,오금동 송파 참병원,송파구,1304.0,
202104,1278,송파구청 교차로,송파구,2742.0,
202104,1279,마천금호어울림 1차아파트 건너편,송파구,565.0,
202104,1280,송파파크데일 2단지입구 앞 주차장,송파구,714.0,
202104,1282,송파소방서 맞은편(성내4교),송파구,1988.0,
202104,1283,오금공원 사거리,송파구,157.0,
202104,1285,위례별 유치원 뒤,송파구,588.0,
202104,1286,위례중앙푸르지오 1단지 앞,송파구,1075.0,
202104,1287,위례아이파크 101동 맞은편,송파구,557.0,
202104,1288,문정중교 사거리,송파구,953.0,
202104,1289,풍납동 자전거보관소,송파구,386.0,
202104,1290,위례송파꿈에그린아파트24단지 앞 성벽 다리 밑,송파구,359.0,
202104,1291,서울체육고등학교 앞,송파구,350.0,
202104,1293,석촌호교차로 (스타벅스 앞),송파구,2717.0,
202104,1295,잠실역 8번출구,송파구,4526.0,
202104,1296,석촌호수교차로 (송파나루근린공원 앞),송파구,957.0,
202104,1297,석촌호수교차로(동호 팔각정 앞),송파구,2390.0,
202104,1299,송파소방서 (방이119안전센터),송파구,799.0,
202104,1300,오륜사거리,송파구,790.0,
202104,2601,석촌호수 서호사거리,송파구,2770.0,
202104,2603,송파 글마루 도서관,송파구,680.0,
202104,2604,삼표레미콘 앞,송파구,1165.0,
202104,2605,복정역 1번 출구 앞,송파구,667.0,
202104,2606,위례동주민센터 맞은편 근린공원,송파구,1428.0,
202104,2607,복정역 2번출구 후문 (장지치안센터),송파구,947.0,
202104,2608,송파구청,송파구,1870.0,
202104,2609,보성중고등학교 후문 앞,송파구,203.0,
202104,2610,여흥레이크빌 앞 (석촌호수 까페거리),송파구,2231.0,
202104,2611,송파지역자활센터 뒤,송파구,2060.0,
202104,2612,문정·가락 대여소 앞,송파구,69.0,
202104,2613,잠실나들목,송파구,3912.0,
202104,2614,가락고등학교 앞,송파구,687.0,
202104,2615,테라타워2,송파구,2049.0,
202104,2616,거여동 사거리,송파구,628.0,
202104,2617,가락삼환아파트 앞,송파구,1387.0,
202104,2618,삼전역 1번출구,송파구,1737.0,
202104,2619,석촌고분역 4번출구,송파구,2312.0,
202104,2620,송파나루역 4번 출구옆,송파구,4468.0,
202104,2621,한성백제역 2번 출구,송파구,5055.0,
202104,2622,올림픽공원역 3번출구,송파구,6564.0,
202104,2623,석촌동 주민센터,송파구,2594.0,
202104,2625,가락1동 주민센터,송파구,596.0,
202104,2626,"경찰병원역 1,2번 출구 사이",송파구,673.0,
202104,2627,문정시영아파트 5동 앞 공원,송파구,761.0,
202104,2628,문정역 1번출구,송파구,1951.0,
202104,2629,문정동 힐스데이트 에코 송파,송파구,2264.0,
202104,2630,서울방이동 고분군,송파구,1686.0,
202104,2631,배명고등학교,송파구,1051.0,
202104,2632,석촌고분역 2번 출구,송파구,2104.0,
202104,2633,송파학사 옆,송파구,1379.0,
202104,2634,위례포레샤인아파트 2318동,송파구,415.0,
202104,2635,잠실새내역 1번출구,송파구,1543.0,
202104,2637,잠실월드 메르디앙,송파구,2193.0,
202104,2638,쌍용아파트,송파구,1750.0,
202104,2639,석촌역 8번출구,송파구,2756.0,
202104,2641,송파역 4번출구,송파구,3282.0,
202104,2642,마천동 성내천 쉼터,송파구,1084.0,
202104,2643,풍납중학교 측면,송파구,648.0,
202104,2644,성내5교 (GS주유소),송파구,1267.0,
202104,2645,잠실나들목2(엘스아파트136동),송파구,1229.0,
202104,2646,레이크펠리스101동앞,송파구,2391.0,
202104,2647,잠실 자전거 수리센터 앞,송파구,2057.0,
202104,2648,헬리오시티 112동 앞,송파구,1593.0,
202104,2649,오금공원사거리2,송파구,338.0,
202104,2650,위례22단지 2208동 다리앞,송파구,324.0,
202104,2651,경찰병원역 3번출구 앞,송파구,1296.0,
202104,2652,송파 레미니스1단지 102동 앞,송파구,945.0,
202104,2653,올림픽공원사거리(선수촌아파트),송파구,1677.0,
202104,2654,올림픽선수촌아파트 136동 앞,송파구,667.0,
202104,2655,송이공원,송파구,1434.0,
202104,2656,풍납동 아이파크 107동 앞,송파구,1238.0,
202104,2657,송파 파인타운 11단지,송파구,558.0,
202104,2658,가락몰 업무동,송파구,1249.0,
202104,2659,서울친환경유통센터,송파구,108.0,
202104,4452,삼성SDS,송파구,2504.0,
202104,4453,위례중앙푸르지오 201동 앞,송파구,1367.0,
202104,4454,위례 포레샤인 1809동 부근,송파구,600.0,
202104,4456,위례포레샤인 2310동 부근,송파구,673.0,
202104,4457,아산병원 기숙사 부근,송파구,1783.0,
202104,4458,서울힐링요양병원 앞,송파구,449.0,
202104,4460,올림픽훼미리아파트 112동 앞,송파구,995.0,
202104,4461,한양3차아파트 3동 앞,송파구,309.0,
202104,4462,가락중학교 앞,송파구,453.0,
202104,4463,방이역 2번 출구,송파구,544.0,
202104,4464,올림픽공원 북2문,송파구,1336.0,
202104,4465,건영아파트앞 사거리,송파구,1032.0,
202104,4467,한림연예예술고등학교,송파구,544.0,
202104,4468,가락1동 주민센터 2,송파구,931.0,
202104,4469,거여동 어울림아파트 102동앞,송파구,516.0,
202104,4472,송파파크데일 1단지 115동 건너편,송파구,777.0,
202104,4473,마천금호어울림 1차 102동앞,송파구,316.0,
202104,4474,가락현대 1차 11동 앞,송파구,496.0,
202104,4475,송파파인타운 4단지 403동,송파구,369.0,
202104,4478,문정근린공원2,송파구,743.0,
202104,4479,문정중학교,송파구,146.0,
202104,4480,가락시장역 롯데마트2,송파구,811.0,
202104,4481,올림픽공원 북2문 2,송파구,2171.0,
202104,4483,잠실나들목4,송파구,3281.0,
202104,4484,잠실나루역4번출구뒤,송파구,1586.0,
202104,4485,잠실나루역 고가하부,송파구,263.0,
202104,4486,홈플러스 잠실점,송파구,1512.0,
202104,4488,문현중.고등학교 사이,송파구,108.0,
202104,4490,송파파인타운 10단지 1005동,송파구,315.0,
202104,4491,장지역 1번출구,송파구,903.0,
202104,4493,마천사거리 2,송파구,553.0,
202104,4496,잠실 파크리오 120동 앞,송파구,858.0,
202104,4497,아시아선수촌아파트 교차로,송파구,564.0,
202104,4499,세양청마루 101동 앞,송파구,524.0,
202104,4500,풍납나들목,송파구,911.0,
202104,4852,서울복합물류 게이트 1,송파구,704.0,
202104,4854,가락시장역 2번 출구,송파구,935.0,
202104,4855,거여5단지 503동 앞,송파구,814.0,
202104,4856,올림픽공원 서1문 앞,송파구,720.0,
202104,4857,올림픽공원 장미광장,송파구,460.0,
202104,4859,잠실나루 나들목,송파구,1650.0,
202104,4863,잠실나들목5,송파구,314.0,
202105,1201,가락시장역 3번 출구,송파구,1811.0,
202105,1203,밀리아나2빌딩 앞,송파구,1977.0,
202105,1204,거여역 3번출구,송파구,1549.0,
202105,1205,종합운동장역 4번출구,송파구,1365.0,
202105,1206,9호선종합운동장역 9번출구,송파구,1076.0,
202105,1207,마천CU우방점 앞,송파구,856.0,
202105,1208,풍납현대아파트쉼터,송파구,1619.0,
202105,1209,잠실나루역 (2번 출구 쪽),송파구,2786.0,
202105,1210,롯데월드타워(잠실역2번출구 쪽),송파구,8175.0,
202105,1211,방이삼거리,송파구,4527.0,
202105,1212,송파역 2번 출구앞,송파구,1992.0,
202105,1213,백토공원 앞,송파구,580.0,
202105,1214,오금역 7번 출구 인근,송파구,1210.0,
202105,1215,올림픽공원역 1번출구 앞,송파구,1749.0,
202105,1217,송파파인타운 7단지,송파구,753.0,
202105,1218,방이역 4번출구,송파구,2394.0,
202105,1220,잠실본동주민센터뒤 잠실근린공원,송파구,2386.0,
202105,1221,삼전사거리 포스코더샵,송파구,2385.0,
202105,1222,잠실새내역 5번 출구 뒤,송파구,3881.0,
202105,1224,아시아지하보도 2번 출구,송파구,1664.0,
202105,1226,잠실4동 주민센터 옆,송파구,1613.0,
202105,1227,거여역 8번출구 뒤,송파구,1652.0,
202105,1228,마천사거리,송파구,1018.0,
202105,1229,송파체육문화회관 앞,송파구,852.0,
202105,1230,송파중학교 정문,송파구,1040.0,
202105,1231,잠실역 6번출구,송파구,2795.0,
202105,1232,롯데마트 주차장 옆,송파구,2231.0,
202105,1233,잠실3거리(갤러리아팰리스),송파구,958.0,
202105,1235,잠실트리지움310동 옆,송파구,1929.0,
202105,1239,문정 법조단지3,송파구,325.0,
202105,1240,문정 법조단지4,송파구,645.0,
202105,1241,문정 법조단지5,송파구,315.0,
202105,1242,문정 법조단지6,송파구,148.0,
202105,1243,문정 법조단지7,송파구,2157.0,
202105,1244,문정 법조단지8,송파구,1992.0,
202105,1245,문정 법조단지9,송파구,1441.0,
202105,1246,문정 법조단지10,송파구,1634.0,
202105,1247,문정 법조단지11,송파구,951.0,
202105,1248,방이초등학교,송파구,2026.0,
202105,1249,아주중학교건너편,송파구,1251.0,
202105,1250,문정2동 주민센터,송파구,595.0,
202105,1251,석촌역 2번출구,송파구,2417.0,
202105,1253,오금역 3번 출구 뒤,송파구,732.0,
202105,1256,문정현대아파트 교차로,송파구,836.0,
202105,1257,가락시장역 롯데마트앞,송파구,932.0,
202105,1258,가락미륭아파트 앞,송파구,605.0,
202105,1259,방이역 1번출구,송파구,1739.0,
202105,1260,방이동 한양3차아파트 옆,송파구,1307.0,
202105,1262,송파여성문화회관 앞,송파구,2261.0,
202105,1263,장지공영차고지,송파구,434.0,
202105,1264,천호역 10번 출구 앞,송파구,3059.0,
202105,1265,문정동 근린공원,송파구,1078.0,
202105,1266,문정동 글샘 공원,송파구,545.0,
202105,1267,올림픽공원 남2문 앞,송파구,1559.0,
202105,1268,몽촌토성역 1번출구 옆,송파구,5589.0,
202105,1269,리센츠아파트,송파구,1340.0,
202105,1271,송파도서관,송파구,1423.0,
202105,1274,영파여고 앞,송파구,1143.0,
202105,1275,거여초등학교 옆,송파구,436.0,
202105,1277,오금동 송파 참병원,송파구,1161.0,
202105,1278,송파구청 교차로,송파구,2514.0,
202105,1279,마천금호어울림 1차아파트 건너편,송파구,483.0,
202105,1280,송파파크데일 2단지입구 앞 주차장,송파구,803.0,
202105,1282,송파소방서 맞은편(성내4교),송파구,1985.0,
202105,1283,오금공원 사거리,송파구,163.0,
202105,1285,위례별 유치원 뒤,송파구,530.0,
202105,1286,위례중앙푸르지오 1단지 앞,송파구,1101.0,
202105,1287,위례아이파크 101동 맞은편,송파구,580.0,
202105,1288,문정중교 사거리,송파구,962.0,
202105,1289,풍납동 자전거보관소,송파구,399.0,
202105,1290,위례송파꿈에그린아파트24단지 앞 성벽 다리 밑,송파구,375.0,
202105,1291,서울체육고등학교 앞,송파구,319.0,
202105,1293,석촌호교차로 (스타벅스 앞),송파구,2907.0,
202105,1295,잠실역 8번출구,송파구,4439.0,
202105,1296,석촌호수교차로 (송파나루근린공원 앞),송파구,905.0,
202105,1297,석촌호수교차로(동호 팔각정 앞),송파구,2328.0,
202105,1299,송파소방서 (방이119안전센터),송파구,653.0,
202105,1300,오륜사거리,송파구,808.0,
202105,2601,석촌호수 서호사거리,송파구,2623.0,
202105,2603,송파 글마루 도서관,송파구,592.0,
202105,2604,삼표레미콘 앞,송파구,1119.0,
202105,2605,복정역 1번 출구 앞,송파구,529.0,
202105,2606,위례동주민센터 맞은편 근린공원,송파구,1423.0,
202105,2607,복정역 2번출구 후문 (장지치안센터),송파구,958.0,
202105,2608,송파구청,송파구,1532.0,
202105,2609,보성중고등학교 후문 앞,송파구,149.0,
202105,2610,여흥레이크빌 앞 (석촌호수 까페거리),송파구,2212.0,
202105,2611,송파지역자활센터 뒤,송파구,2143.0,
202105,2612,문정·가락 대여소 앞,송파구,97.0,
202105,2613,잠실나들목,송파구,3975.0,
202105,2614,가락고등학교 앞,송파구,523.0,
202105,2615,테라타워2,송파구,1733.0,
202105,2616,거여동 사거리,송파구,496.0,
202105,2617,가락삼환아파트 앞,송파구,1351.0,
202105,2618,삼전역 1번출구,송파구,1643.0,
202105,2619,석촌고분역 4번출구,송파구,2308.0,
202105,2620,송파나루역 4번 출구옆,송파구,4373.0,
202105,2621,한성백제역 2번 출구,송파구,5234.0,
202105,2622,올림픽공원역 3번출구,송파구,7049.0,
202105,2623,석촌동 주민센터,송파구,2628.0,
202105,2625,가락1동 주민센터,송파구,589.0,
202105,2626,"경찰병원역 1,2번 출구 사이",송파구,665.0,
202105,2627,문정시영아파트 5동 앞 공원,송파구,527.0,
202105,2628,문정역 1번출구,송파구,1788.0,
202105,2629,문정동 힐스데이트 에코 송파,송파구,2035.0,
202105,2630,서울방이동 고분군,송파구,1718.0,
202105,2631,배명고등학교,송파구,1051.0,
202105,2632,석촌고분역 2번 출구,송파구,2091.0,
202105,2633,송파학사 옆,송파구,1227.0,
202105,2634,위례포레샤인아파트 2318동,송파구,493.0,
202105,2635,잠실새내역 1번출구,송파구,1637.0,
202105,2637,잠실월드 메르디앙,송파구,2115.0,
202105,2638,쌍용아파트,송파구,1805.0,
202105,2639,석촌역 8번출구,송파구,2521.0,
202105,2641,송파역 4번출구,송파구,3140.0,
202105,2642,마천동 성내천 쉼터,송파구,1086.0,
202105,2643,풍납중학교 측면,송파구,527.0,
202105,2644,성내5교 (GS주유소),송파구,1047.0,
202105,2645,잠실나들목2(엘스아파트136동),송파구,1103.0,
202105,2646,레이크펠리스101동앞,송파구,2497.0,
202105,2647,잠실 자전거 수리센터 앞,송파구,1953.0,
202105,2648,헬리오시티 112동 앞,송파구,1527.0,
202105,2649,오금공원사거리2,송파구,436.0,
202105,2650,위례22단지 2208동 다리앞,송파구,344.0,
202105,2651,경찰병원역 3번출구 앞,송파구,1138.0,
202105,2652,송파 레미니스1단지 102동 앞,송파구,1069.0,
202105,2653,올림픽공원사거리(선수촌아파트),송파구,1830.0,
202105,2654,올림픽선수촌아파트 136동 앞,송파구,819.0,
202105,2655,송이공원,송파구,1239.0,
202105,2656,풍납동 아이파크 107동 앞,송파구,1104.0,
202105,2657,송파 파인타운 11단지,송파구,572.0,
202105,2658,가락몰 업무동,송파구,1237.0,
202105,2659,서울친환경유통센터,송파구,94.0,
202105,4452,삼성SDS,송파구,2107.0,
202105,4453,위례중앙푸르지오 201동 앞,송파구,1392.0,
202105,4454,위례 포레샤인 1809동 부근,송파구,583.0,
202105,4456,위례포레샤인 2310동 부근,송파구,617.0,
202105,4457,아산병원 기숙사 부근,송파구,1885.0,
202105,4458,서울힐링요양병원 앞,송파구,551.0,
202105,4460,올림픽훼미리아파트 112동 앞,송파구,815.0,
202105,4461,한양3차아파트 3동 앞,송파구,368.0,
202105,4462,가락중학교 앞,송파구,545.0,
202105,4463,방이역 2번 출구,송파구,679.0,
202105,4464,올림픽공원 북2문,송파구,1361.0,
202105,4465,건영아파트앞 사거리,송파구,1097.0,
202105,4467,한림연예예술고등학교,송파구,579.0,
202105,4468,가락1동 주민센터 2,송파구,1059.0,
202105,4469,거여동 어울림아파트 102동앞,송파구,531.0,
202105,4472,송파파크데일 1단지 115동 건너편,송파구,722.0,
202105,4473,마천금호어울림 1차 102동앞,송파구,279.0,
202105,4474,가락현대 1차 11동 앞,송파구,382.0,
202105,4475,송파파인타운 4단지 403동,송파구,310.0,
202105,4478,문정근린공원2,송파구,781.0,
202105,4479,문정중학교,송파구,151.0,
202105,4480,가락시장역 롯데마트2,송파구,746.0,
202105,4481,올림픽공원 북2문 2,송파구,2312.0,
202105,4483,잠실나들목4,송파구,2964.0,
202105,4484,잠실나루역4번출구뒤,송파구,1490.0,
202105,4485,잠실나루역 고가하부,송파구,282.0,
202105,4486,홈플러스 잠실점,송파구,1570.0,
202105,4488,문현중.고등학교 사이,송파구,105.0,
202105,4490,송파파인타운 10단지 1005동,송파구,337.0,
202105,4491,장지역 1번출구,송파구,927.0,
202105,4493,마천사거리 2,송파구,544.0,
202105,4496,잠실 파크리오 120동 앞,송파구,914.0,
202105,4497,아시아선수촌아파트 교차로,송파구,745.0,
202105,4499,세양청마루 101동 앞,송파구,496.0,
202105,4500,풍납나들목,송파구,913.0,
202105,4852,서울복합물류 게이트 1,송파구,656.0,
202105,4854,가락시장역 2번 출구,송파구,948.0,
202105,4855,거여5단지 503동 앞,송파구,782.0,
202105,4856,올림픽공원 서1문 앞,송파구,752.0,
202105,4857,올림픽공원 장미광장,송파구,864.0,
202105,4859,잠실나루 나들목,송파구,1527.0,
202105,4860,가락쌍용2차아파트 103동,송파구,355.0,
202105,4861,거여삼거리,송파구,254.0,
202105,4862,올림픽파크텔 맞은편,송파구,215.0,
202105,4863,잠실나들목5,송파구,533.0,
202106,1201,가락시장역 3번 출구,송파구,2348.0,
202106,1203,밀리아나2빌딩 앞,송파구,2623.0,
202106,1204,거여역 3번출구,송파구,1759.0,
202106,1205,종합운동장역 4번출구,송파구,1556.0,
202106,1206,9호선종합운동장역 9번출구,송파구,1203.0,
202106,1207,마천CU우방점 앞,송파구,1017.0,
202106,1208,풍납현대아파트쉼터,송파구,1949.0,
202106,1209,잠실나루역 (2번 출구 쪽),송파구,3493.0,
202106,1210,롯데월드타워(잠실역2번출구 쪽),송파구,9574.0,
202106,1211,방이삼거리,송파구,5104.0,
202106,1212,송파역 2번 출구앞,송파구,1989.0,
202106,1213,백토공원 앞,송파구,630.0,
202106,1214,오금역 7번 출구 인근,송파구,1458.0,
202106,1215,올림픽공원역 1번출구 앞,송파구,2020.0,
202106,1217,송파파인타운 7단지,송파구,1079.0,
202106,1218,방이역 4번출구,송파구,2895.0,
202106,1220,잠실본동주민센터뒤 잠실근린공원,송파구,2926.0,
202106,1221,삼전사거리 포스코더샵,송파구,2967.0,
202106,1222,잠실새내역 5번 출구 뒤,송파구,4109.0,
202106,1224,아시아지하보도 2번 출구,송파구,1878.0,
202106,1226,잠실4동 주민센터 옆,송파구,1816.0,
202106,1227,거여역 8번출구 뒤,송파구,1793.0,
202106,1228,마천사거리,송파구,1144.0,
202106,1229,송파체육문화회관 앞,송파구,995.0,
202106,1230,송파중학교 정문,송파구,1048.0,
202106,1231,잠실역 6번출구,송파구,2824.0,
202106,1232,롯데마트 주차장 옆,송파구,2370.0,
202106,1233,잠실3거리(갤러리아팰리스),송파구,1114.0,
202106,1235,잠실트리지움310동 옆,송파구,2250.0,
202106,1239,문정 법조단지3,송파구,489.0,
202106,1240,문정 법조단지4,송파구,822.0,
202106,1241,문정 법조단지5,송파구,472.0,
202106,1242,문정 법조단지6,송파구,285.0,
202106,1243,문정 법조단지7,송파구,2845.0,
202106,1244,문정 법조단지8,송파구,2787.0,
202106,1245,문정 법조단지9,송파구,1867.0,
202106,1246,문정 법조단지10,송파구,2136.0,
202106,1247,문정 법조단지11,송파구,1175.0,
202106,1248,방이초등학교,송파구,2209.0,
202106,1249,아주중학교건너편,송파구,1523.0,
202106,1250,문정2동 주민센터,송파구,669.0,
202106,1251,석촌역 2번출구,송파구,2985.0,
202106,1253,오금역 3번 출구 뒤,송파구,852.0,
202106,1256,문정현대아파트 교차로,송파구,1011.0,
202106,1257,가락시장역 롯데마트앞,송파구,1126.0,
202106,1258,가락미륭아파트 앞,송파구,617.0,
202106,1259,방이역 1번출구,송파구,1952.0,
202106,1260,방이동 한양3차아파트 옆,송파구,1503.0,
202106,1262,송파여성문화회관 앞,송파구,2430.0,
202106,1263,장지공영차고지,송파구,458.0,
202106,1264,천호역 10번 출구 앞,송파구,3377.0,
202106,1265,문정동 근린공원,송파구,1399.0,
202106,1266,문정동 글샘 공원,송파구,759.0,
202106,1267,올림픽공원 남2문 앞,송파구,1395.0,
202106,1268,몽촌토성역 1번출구 옆,송파구,5051.0,
202106,1269,리센츠아파트,송파구,1490.0,
202106,1271,송파도서관,송파구,1762.0,
202106,1274,영파여고 앞,송파구,1444.0,
202106,1275,거여초등학교 옆,송파구,672.0,
202106,1277,오금동 송파 참병원,송파구,1439.0,
202106,1278,송파구청 교차로,송파구,3006.0,
202106,1279,마천금호어울림 1차아파트 건너편,송파구,633.0,
202106,1280,송파파크데일 2단지입구 앞 주차장,송파구,901.0,
202106,1282,송파소방서 맞은편(성내4교),송파구,2043.0,
202106,1283,오금공원 사거리,송파구,168.0,
202106,1285,위례별 유치원 뒤,송파구,567.0,
202106,1286,위례중앙푸르지오 1단지 앞,송파구,1232.0,
202106,1287,위례아이파크 101동 맞은편,송파구,648.0,
202106,1288,문정중교 사거리,송파구,1196.0,
202106,1289,풍납동 자전거보관소,송파구,494.0,
202106,1290,위례송파꿈에그린아파트24단지 앞 성벽 다리 밑,송파구,421.0,
202106,1291,서울체육고등학교 앞,송파구,414.0,
202106,1293,석촌호교차로 (스타벅스 앞),송파구,3471.0,
202106,1295,잠실역 8번출구,송파구,4590.0,
202106,1296,석촌호수교차로 (송파나루근린공원 앞),송파구,852.0,
202106,1297,석촌호수교차로(동호 팔각정 앞),송파구,2474.0,
202106,1299,송파소방서 (방이119안전센터),송파구,929.0,
202106,1300,오륜사거리,송파구,1011.0,
202106,2601,석촌호수 서호사거리,송파구,3045.0,
202106,2603,송파 글마루 도서관,송파구,804.0,
202106,2604,삼표레미콘 앞,송파구,1376.0,
202106,2605,복정역 1번 출구 앞,송파구,666.0,
202106,2606,위례동주민센터 맞은편 근린공원,송파구,1610.0,
202106,2607,복정역 2번출구 후문 (장지치안센터),송파구,1024.0,
202106,2608,송파구청,송파구,1855.0,
202106,2609,보성중고등학교 후문 앞,송파구,235.0,
202106,2610,여흥레이크빌 앞 (석촌호수 까페거리),송파구,2826.0,
202106,2611,송파지역자활센터 뒤,송파구,2407.0,
202106,2612,문정·가락 대여소 앞,송파구,85.0,
202106,2613,잠실나들목,송파구,3965.0,
202106,2614,가락고등학교 앞,송파구,611.0,
202106,2615,테라타워2,송파구,2324.0,
202106,2616,거여동 사거리,송파구,622.0,
202106,2617,가락삼환아파트 앞,송파구,1508.0,
202106,2618,삼전역 1번출구,송파구,1946.0,
202106,2619,석촌고분역 4번출구,송파구,2947.0,
202106,2620,송파나루역 4번 출구옆,송파구,5384.0,
202106,2621,한성백제역 2번 출구,송파구,4281.0,
202106,2622,올림픽공원역 3번출구,송파구,6474.0,
202106,2623,석촌동 주민센터,송파구,3065.0,
202106,2625,가락1동 주민센터,송파구,676.0,
202106,2626,"경찰병원역 1,2번 출구 사이",송파구,878.0,
202106,2627,문정시영아파트 5동 앞 공원,송파구,848.0,
202106,2628,문정역 1번출구,송파구,2534.0,
202106,2629,문정동 힐스데이트 에코 송파,송파구,2907.0,
202106,2630,서울방이동 고분군,송파구,2095.0,
202106,2631,배명고등학교,송파구,1307.0,
202106,2632,석촌고분역 2번 출구,송파구,2878.0,
202106,2633,송파학사 옆,송파구,1295.0,
202106,2634,위례포레샤인아파트 2318동,송파구,681.0,
202106,2635,잠실새내역 1번출구,송파구,1938.0,
202106,2637,잠실월드 메르디앙,송파구,2436.0,
202106,2638,쌍용아파트,송파구,2032.0,
202106,2639,석촌역 8번출구,송파구,3329.0,
202106,2641,송파역 4번출구,송파구,3522.0,
202106,2642,마천동 성내천 쉼터,송파구,1137.0,
202106,2643,풍납중학교 측면,송파구,535.0,
202106,2644,성내5교 (GS주유소),송파구,1361.0,
202106,2645,잠실나들목2(엘스아파트136동),송파구,1012.0,
202106,2646,레이크펠리스101동앞,송파구,2933.0,
202106,2647,잠실 자전거 수리센터 앞,송파구,2298.0,
202106,2648,헬리오시티 112동 앞,송파구,1827.0,
202106,2649,오금공원사거리2,송파구,446.0,
202106,2650,위례22단지 2208동 다리앞,송파구,446.0,
202106,2651,경찰병원역 3번출구 앞,송파구,1460.0,
202106,2652,송파 레미니스1단지 102동 앞,송파구,1001.0,
202106,2653,올림픽공원사거리(선수촌아파트),송파구,1995.0,
202106,2654,올림픽선수촌아파트 136동 앞,송파구,879.0,
202106,2655,송이공원,송파구,902.0,
202106,2656,풍납동 아이파크 107동 앞,송파구,1311.0,
202106,2657,송파 파인타운 11단지,송파구,698.0,
202106,2658,가락몰 업무동,송파구,1533.0,
202106,2659,서울친환경유통센터,송파구,100.0,
202106,4452,삼성SDS,송파구,2840.0,
202106,4453,위례중앙푸르지오 201동 앞,송파구,1646.0,
202106,4454,위례 포레샤인 1809동 부근,송파구,840.0,
202106,4456,위례포레샤인 2310동 부근,송파구,777.0,
202106,4457,아산병원 기숙사 부근,송파구,2511.0,
202106,4458,서울힐링요양병원 앞,송파구,662.0,
202106,4460,올림픽훼미리아파트 112동 앞,송파구,1344.0,
202106,4461,한양3차아파트 3동 앞,송파구,402.0,
202106,4462,가락중학교 앞,송파구,651.0,
202106,4463,방이역 2번 출구,송파구,727.0,
202106,4464,올림픽공원 북2문,송파구,1336.0,
202106,4465,건영아파트앞 사거리,송파구,1592.0,
202106,4467,한림연예예술고등학교,송파구,851.0,
202106,4468,가락1동 주민센터 2,송파구,1154.0,
202106,4469,거여동 어울림아파트 102동앞,송파구,595.0,
202106,4472,송파파크데일 1단지 115동 건너편,송파구,955.0,
202106,4473,마천금호어울림 1차 102동앞,송파구,325.0,
202106,4474,가락현대 1차 11동 앞,송파구,497.0,
202106,4475,송파파인타운 4단지 403동,송파구,416.0,
202106,4478,문정근린공원2,송파구,975.0,
202106,4479,문정중학교,송파구,204.0,
202106,4480,가락시장역 롯데마트2,송파구,927.0,
202106,4481,올림픽공원 북2문 2,송파구,2221.0,
202106,4483,잠실나들목4,송파구,2822.0,
202106,4484,잠실나루역4번출구뒤,송파구,1634.0,
202106,4485,잠실나루역 고가하부,송파구,354.0,
202106,4486,홈플러스 잠실점,송파구,1756.0,
202106,4488,문현중.고등학교 사이,송파구,196.0,
202106,4490,송파파인타운 10단지 1005동,송파구,357.0,
202106,4491,장지역 1번출구,송파구,1209.0,
202106,4493,마천사거리 2,송파구,672.0,
202106,4496,잠실 파크리오 120동 앞,송파구,1135.0,
202106,4497,아시아선수촌아파트 교차로,송파구,765.0,
202106,4499,세양청마루 101동 앞,송파구,595.0,
202106,4500,풍납나들목,송파구,1181.0,
202106,4852,서울복합물류 게이트 1,송파구,916.0,
202106,4853,송파 안전체험교육관,송파구,89.0,
202106,4854,가락시장역 2번 출구,송파구,915.0,
202106,4855,거여5단지 503동 앞,송파구,1003.0,
202106,4856,올림픽공원 서1문 앞,송파구,822.0,
202106,4857,올림픽공원 장미광장,송파구,585.0,
202106,4859,잠실나루 나들목,송파구,1911.0,
202106,4860,가락쌍용2차아파트 103동,송파구,874.0,
202106,4861,거여삼거리,송파구,583.0,
202106,4862,올림픽파크텔 맞은편,송파구,388.0,
202106,4863,잠실나들목5,송파구,512.0,
202106,4864,송파사거리,송파구,2062.0,
202106,4865,한성백제역 1번출구 뒤,송파구,2472.0,
202106,4867,가락대림아파트 앞,송파구,703.0,
202106,4868,레이크 호텔 앞,송파구,970.0,
202106,4869,잠실나들목6,송파구,325.0,
202201,1201,가락시장역 3번 출구,송파구,1136.0,
202201,1203,밀리아나2빌딩 앞,송파구,902.0,
202201,1204,거여역 3번출구,송파구,800.0,
202201,1205,종합운동장역 4번출구,송파구,693.0,
202201,1206,9호선종합운동장역 9번출구,송파구,538.0,
202201,1207,마천중앙시장,송파구,448.0,
202201,1208,풍납현대아파트쉼터,송파구,794.0,
202201,1209,잠실나루역 (2번 출구 쪽),송파구,1433.0,
202201,1210,롯데월드타워(잠실역2번출구 쪽),송파구,3728.0,
202201,1211,방이삼거리,송파구,1848.0,
202201,1212,송파역 2번 출구앞,송파구,823.0,
202201,1213,백토공원 앞,송파구,210.0,
202201,1214,오금역 7번 출구 인근,송파구,516.0,
202201,1215,올림픽공원역 1번출구 앞,송파구,1015.0,
202201,1217,송파파인타운 7단지,송파구,431.0,
202201,1218,방이역 4번출구,송파구,1105.0,
202201,1220,잠실근린공원,송파구,933.0,
202201,1221,삼전역 4번출구,송파구,752.0,
202201,1222,잠실새내역 5번 출구 뒤,송파구,1505.0,
202201,1224,아시아지하보도 2번 출구,송파구,666.0,
202201,1226,잠실4동 주민센터 옆,송파구,810.0,
202201,1227,거여역 8번출구 뒤,송파구,833.0,
202201,1228,마천사거리,송파구,488.0,
202201,1229,송파체육문화회관 앞,송파구,441.0,
202201,1230,송파중학교 정문,송파구,357.0,
202201,1231,잠실역 6번출구,송파구,789.0,
202201,1232,잠실주공 521동 건너편,송파구,1192.0,
202201,1233,잠실3거리(갤러리아팰리스),송파구,510.0,
202201,1235,잠실트리지움310동 옆,송파구,798.0,
202201,1239,문정 법조단지3,송파구,321.0,
202201,1240,문정 법조단지4,송파구,269.0,
202201,1241,문정 법조단지5,송파구,135.0,
202201,1242,문정 법조단지6,송파구,68.0,
202201,1243,문정 법조단지7,송파구,1021.0,
202201,1244,문정 법조단지8,송파구,1115.0,
202201,1245,문정 법조단지9,송파구,774.0,
202201,1246,문정 법조단지10,송파구,1071.0,
202201,1247,문정 법조단지11,송파구,497.0,
202201,1248,방이초등학교,송파구,1009.0,
202201,1249,아주중학교건너편,송파구,612.0,
202201,1250,문정2동 주민센터,송파구,126.0,
202201,1251,석촌역 2번출구,송파구,1325.0,
202201,1253,오금역 3번 출구 뒤,송파구,445.0,
202201,1256,문정현대아파트 교차로,송파구,384.0,
202201,1257,가락시장역 사거리,송파구,622.0,
202201,1258,가락미륭아파트 앞,송파구,351.0,
202201,1259,방이역 1번출구,송파구,681.0,
202201,1260,방이동 한양3차아파트 옆,송파구,670.0,
202201,1262,송파여성문화회관 앞,송파구,1028.0,
202201,1263,장지공영차고지,송파구,204.0,
202201,1264,천호역 10번 출구 앞,송파구,1499.0,
202201,1265,문정동 근린공원,송파구,598.0,
202201,1266,문정동 글샘 공원,송파구,346.0,
202201,1267,올림픽공원 남2문 앞,송파구,363.0,
202201,1268,몽촌토성역 1번출구 옆,송파구,744.0,
202201,1269,리센츠아파트,송파구,750.0,
202201,1271,송파도서관,송파구,442.0,
202201,1274,영파여고 앞,송파구,626.0,
202201,1275,거여초등학교 옆,송파구,277.0,
202201,1277,성내6교,송파구,621.0,
202201,1278,송파구청 교차로,송파구,826.0,
202201,1279,마천금호어울림 1차아파트 건너편,송파구,224.0,
202201,1280,송파파크데일 2단지입구 앞 주차장,송파구,419.0,
202201,1282,송파소방서 맞은편(성내4교),송파구,857.0,
202201,1283,오금공원 사거리,송파구,100.0,
202201,1285,위례별 유치원 뒤,송파구,253.0,
202201,1286,위례중앙푸르지오 1단지 앞,송파구,547.0,
202201,1287,위례아이파크 101동 맞은편,송파구,304.0,
202201,1288,문정중교 사거리,송파구,443.0,
202201,1289,풍납토성 서성벽터B,송파구,153.0,
202201,1290,위례송파꿈에그린아파트24단지 앞 성벽 다리 밑,송파구,150.0,
202201,1291,서울체육고등학교 앞,송파구,150.0,
202201,1293,석촌호수 서호 사거리,송파구,1451.0,
202201,1295,잠실역 8번출구,송파구,1578.0,
202201,1296,석촌호수교차로 (송파나루근린공원 앞),송파구,205.0,
202201,1297,석촌호수교차로(동호 팔각정 앞),송파구,864.0,
202201,1299,송파소방서 (방이119안전센터),송파구,270.0,
202201,1300,오륜사거리,송파구,279.0,
202201,2601,석촌호수 아뜰리에,송파구,907.0,
202201,2603,송파 글마루 도서관,송파구,398.0,
202201,2604,풍납토성 서성벽터A,송파구,526.0,
202201,2605,복정역 1번 출구 앞,송파구,541.0,
202201,2606,위례동주민센터 맞은편 근린공원,송파구,979.0,
202201,2608,송파구청,송파구,2026.0,
202201,2609,보성중고등학교 후문 앞,송파구,40.0,
202201,2610,송리단길,송파구,1485.0,
202201,2611,송파지역자활센터 뒤,송파구,1390.0,
202201,2612,문정·가락 대여소 앞,송파구,19.0,
202201,2613,잠실나들목,송파구,671.0,
202201,2614,가락고등학교 앞,송파구,233.0,
202201,2615,테라타워2,송파구,1136.0,
202201,2616,거여동 사거리,송파구,216.0,
202201,2617,가락삼환아파트 앞,송파구,285.0,
202201,2618,삼전역 1번출구,송파구,716.0,
202201,2619,석촌고분역 4번출구,송파구,857.0,
202201,2620,송파나루역 4번 출구옆,송파구,1962.0,
202201,2621,한성백제역 2번 출구,송파구,1003.0,
202201,2622,올림픽공원역 3번출구,송파구,1989.0,
202201,2623,석촌동 주민센터,송파구,1313.0,
202201,2625,가락종합 사회복지관,송파구,229.0,
202201,2626,"경찰병원역 1,2번 출구 사이",송파구,381.0,
202201,2627,문정시영아파트 5동 앞 공원,송파구,474.0,
202201,2628,문정역 1번출구,송파구,910.0,
202201,2630,서울방이동 고분군,송파구,937.0,
202201,2631,배명고등학교,송파구,420.0,
202201,2632,석촌고분역 2번 출구,송파구,1101.0,
202201,2633,송파학사 옆,송파구,560.0,
202201,2634,위례포레샤인아파트 2318동,송파구,233.0,
202201,2635,잠실새내역 1번출구,송파구,801.0,
202201,2637,아시아지하보도 14번 출구,송파구,888.0,
202201,2638,쌍용아파트,송파구,701.0,
202201,2639,석촌역 8번출구,송파구,1704.0,
202201,2641,송파역 4번출구,송파구,1178.0,
202201,2642,마천동 성내천 쉼터,송파구,411.0,
202201,2643,풍납중학교 측면,송파구,175.0,
202201,2644,성내5교,송파구,561.0,
202201,2645,잠실나들목2(엘스아파트136동),송파구,190.0,
202201,2646,레이크펠리스101동앞,송파구,1288.0,
202201,2647,잠실 자전거 수리센터 앞,송파구,1297.0,
202201,2648,헬리오시티 112동 앞,송파구,589.0,
202201,2649,오금공원사거리2,송파구,183.0,
202201,2650,위례22단지 2208동 다리앞,송파구,156.0,
202201,2651,경찰병원역 3번출구 앞,송파구,586.0,
202201,2652,송파 레미니스1단지 102동 앞,송파구,521.0,
202201,2653,올림픽공원사거리(선수촌아파트),송파구,658.0,
202201,2654,올림픽선수촌아파트 136동 앞,송파구,271.0,
202201,2655,송이공원,송파구,257.0,
202201,2656,풍납동 아이파크 107동 앞,송파구,459.0,
202201,2657,송파 파인타운 11단지,송파구,322.0,
202201,2658,가락몰 업무동,송파구,644.0,
202201,2659,서울친환경유통센터,송파구,73.0,
202201,4452,삼성SDS,송파구,1117.0,
202201,4453,위례중앙푸르지오 201동 앞,송파구,912.0,
202201,4454,위례 포레샤인 1809동 부근,송파구,260.0,
202201,4456,위례포레샤인 2310동 부근,송파구,392.0,
202201,4457,아산병원 기숙사 부근,송파구,1007.0,
202201,4458,가락2동주민센터 인근,송파구,449.0,
202201,4460,올림픽훼미리아파트 112동 앞,송파구,513.0,
202201,4461,한양3차아파트 3동 앞,송파구,163.0,
202201,4462,가락중학교 앞,송파구,300.0,
202201,4463,방이역 2번 출구,송파구,266.0,
202201,4464,올림픽공원 북2문,송파구,476.0,
202201,4465,건영아파트앞 사거리,송파구,777.0,
202201,4467,한림연예예술고등학교,송파구,495.0,
202201,4468,가락1동주민센터,송파구,556.0,
202201,4469,거여동 어울림아파트 102동앞,송파구,413.0,
202201,4472,송파파크데일 1단지 115동 건너편,송파구,287.0,
202201,4473,마천금호어울림 1차 102동앞,송파구,122.0,
202201,4474,가락현대 1차 11동 앞,송파구,173.0,
202201,4475,송파파인타운 4단지 403동,송파구,253.0,
202201,4478,문정근린공원2,송파구,432.0,
202201,4479,문정중학교,송파구,123.0,
202201,4480,가락시장 남1문 사거리,송파구,433.0,
202201,4481,올림픽공원 북2문 2,송파구,848.0,
202201,4483,잠실나들목4,송파구,450.0,
202201,4484,잠실나루역4번출구뒤,송파구,587.0,
202201,4485,잠실나루역 고가하부,송파구,260.0,
202201,4486,홈플러스 잠실점,송파구,712.0,
202201,4488,문현중.고등학교 사이,송파구,118.0,
202201,4490,송파파인타운 10단지 1005동,송파구,182.0,
202201,4491,장지역 1번출구,송파구,670.0,
202201,4493,마천사거리 2,송파구,266.0,
202201,4496,잠실 파크리오 120동 앞,송파구,501.0,
202201,4497,아시아선수촌아파트 교차로,송파구,373.0,
202201,4499,세양청마루 101동 앞,송파구,359.0,
202201,4500,풍납나들목,송파구,471.0,
202201,4852,서울복합물류 게이트 1,송파구,1161.0,
202201,4853,송파 안전체험교육관,송파구,51.0,
202201,4854,가락시장역 2번 출구,송파구,500.0,
202201,4855,거여5단지 503동 앞,송파구,420.0,
202201,4856,올림픽공원 서1문 앞,송파구,297.0,
202201,4857,올림픽공원 장미광장,송파구,169.0,
202201,4859,잠실나루 나들목,송파구,454.0,
202201,4860,가락쌍용2차아파트 103동,송파구,313.0,
202201,4861,거여삼거리,송파구,207.0,
202201,4862,성내교 남단,송파구,123.0,
202201,4863,잠실나들목5,송파구,143.0,
202201,4864,송파사거리,송파구,1184.0,
202201,4865,한성백제역 1번출구 뒤,송파구,1195.0,
202201,4867,가락대림아파트 앞,송파구,325.0,
202201,4868,석촌호수 서호 남단,송파구,1269.0,
202201,4869,잠실나들목6,송파구,162.0,
202201,4870,몽촌토성역 3번 출구,송파구,1432.0,
202201,4871,오금동 대림아파트 정문,송파구,435.0,
202201,4872,개롱역 3번 출구 뒤,송파구,519.0,
202201,4873,개롱역사거리 2번 출구,송파구,363.0,
202201,4874,탄천1교 하부보도,송파구,133.0,
202201,4875,위례포레샤인13단지,송파구,370.0,
202201,4876,삼전동주민센터 앞,송파구,627.0,
202201,4879,마천청소년센터,송파구,60.0,
202201,4880,송파청소년센터,송파구,393.0,
202201,4881,거여동사거리 송파둘레길 입구,송파구,114.0,
202201,4882,위례포레샤인18단지 1802동,송파구,165.0,
202201,4883,위례포레샤인18단지 1812동,송파구,91.0,
202201,4884,H비즈니스파크,송파구,530.0,
202201,4885,가든파이브 리빙관,송파구,164.0,
202201,4886,배명고등학교 건너편,송파구,254.0,
202201,4887,호돌이상가,송파구,212.0,
202201,4888,둔촌오륜역 2번출구,송파구,77.0,
202201,4889,마천역 1번 출구 인근②,송파구,164.0,
202201,4891,위례포레샤인17단지 위례대로 방면,송파구,501.0,
202201,4892,성내유수지 체육공원,송파구,182.0,
202201,4893,문정법조단지12,송파구,337.0,
202201,4894,문정법조단지13,송파구,600.0,
202201,4895,위례포레샤인15단지 상가,송파구,344.0,
202201,4896,위례포레샤인15단지,송파구,66.0,
202201,4897,잠실주공5단지1,송파구,682.0,
202202,1201,가락시장역 3번 출구,송파구,963.0,
202202,1203,밀리아나2빌딩 앞,송파구,867.0,
202202,1204,거여역 3번출구,송파구,761.0,
202202,1205,종합운동장역 4번출구,송파구,678.0,
202202,1206,9호선종합운동장역 9번출구,송파구,550.0,
202202,1207,마천중앙시장,송파구,484.0,
202202,1208,풍납현대아파트쉼터,송파구,710.0,
202202,1209,잠실나루역 (2번 출구 쪽),송파구,1378.0,
202202,1210,롯데월드타워(잠실역2번출구 쪽),송파구,3382.0,
202202,1211,방이삼거리,송파구,1661.0,
202202,1212,송파역 2번 출구앞,송파구,743.0,
202202,1213,백토공원 앞,송파구,257.0,
202202,1214,오금역 7번 출구 인근,송파구,592.0,
202202,1215,올림픽공원역 1번출구 앞,송파구,939.0,
202202,1217,송파파인타운 7단지,송파구,372.0,
202202,1218,방이역 4번출구,송파구,1055.0,
202202,1220,잠실근린공원,송파구,937.0,
202202,1221,삼전역 4번출구,송파구,838.0,
202202,1222,잠실새내역 5번 출구 뒤,송파구,1548.0,
202202,1224,아시아지하보도 2번 출구,송파구,653.0,
202202,1226,잠실4동 주민센터 옆,송파구,713.0,
202202,1227,거여역 8번출구 뒤,송파구,766.0,
202202,1228,마천사거리,송파구,511.0,
202202,1229,송파체육문화회관 앞,송파구,414.0,
202202,1230,송파중학교 정문,송파구,336.0,
202202,1231,잠실역 6번출구,송파구,846.0,
202202,1232,잠실주공 521동 건너편,송파구,1097.0,
202202,1233,잠실3거리(갤러리아팰리스),송파구,461.0,
202202,1235,잠실트리지움310동 옆,송파구,789.0,
202202,1239,문정 법조단지3,송파구,330.0,
202202,1240,문정 법조단지4,송파구,285.0,
202202,1241,문정 법조단지5,송파구,134.0,
202202,1242,문정 법조단지6,송파구,72.0,
202202,1243,문정 법조단지7,송파구,961.0,
202202,1244,문정 법조단지8,송파구,1190.0,
202202,1245,문정 법조단지9,송파구,774.0,
202202,1246,문정 법조단지10,송파구,1068.0,
202202,1247,문정 법조단지11,송파구,513.0,
202202,1248,방이초등학교,송파구,1053.0,
202202,1249,아주중학교건너편,송파구,547.0,
202202,1250,문정2동 주민센터,송파구,96.0,
202202,1251,석촌역 2번출구,송파구,1237.0,
202202,1253,오금역 3번 출구 뒤,송파구,482.0,
202202,1256,문정현대아파트 교차로,송파구,398.0,
202202,1257,가락시장역 사거리,송파구,519.0,
202202,1258,가락미륭아파트 앞,송파구,251.0,
202202,1259,방이역 1번출구,송파구,681.0,
202202,1260,방이동 한양3차아파트 옆,송파구,659.0,
202202,1262,송파여성문화회관 앞,송파구,928.0,
202202,1263,장지공영차고지,송파구,185.0,
202202,1264,천호역 10번 출구 앞,송파구,1363.0,
202202,1265,문정동 근린공원,송파구,520.0,
202202,1266,문정동 글샘 공원,송파구,306.0,
202202,1267,올림픽공원 남2문 앞,송파구,420.0,
202202,1268,몽촌토성역 1번출구 옆,송파구,868.0,
202202,1269,리센츠아파트,송파구,649.0,
202202,1271,송파도서관,송파구,403.0,
202202,1274,영파여고 앞,송파구,594.0,
202202,1275,거여초등학교 옆,송파구,262.0,
202202,1277,성내6교,송파구,621.0,
202202,1278,송파구청 교차로,송파구,767.0,
202202,1279,마천금호어울림 1차아파트 건너편,송파구,200.0,
202202,1280,송파파크데일 2단지입구 앞 주차장,송파구,439.0,
202202,1282,송파소방서 맞은편(성내4교),송파구,816.0,
202202,1283,오금공원 사거리,송파구,92.0,
202202,1285,위례별 유치원 뒤,송파구,230.0,
202202,1286,위례중앙푸르지오 1단지 앞,송파구,468.0,
202202,1287,위례아이파크 101동 맞은편,송파구,269.0,
202202,1288,문정중교 사거리,송파구,456.0,
202202,1289,풍납토성 서성벽터B,송파구,141.0,
202202,1290,위례송파꿈에그린아파트24단지 앞 성벽 다리 밑,송파구,172.0,
202202,1291,서울체육고등학교 앞,송파구,114.0,
202202,1293,석촌호수 서호 사거리,송파구,1319.0,
202202,1295,잠실역 8번출구,송파구,1609.0,
202202,1296,석촌호수교차로 (송파나루근린공원 앞),송파구,225.0,
202202,1297,석촌호수교차로(동호 팔각정 앞),송파구,834.0,
202202,1299,송파소방서 (방이119안전센터),송파구,299.0,
202202,1300,오륜사거리,송파구,255.0,
202202,2601,석촌호수 아뜰리에,송파구,881.0,
202202,2603,송파 글마루 도서관,송파구,363.0,
202202,2604,풍납토성 서성벽터A,송파구,470.0,
202202,2605,복정역 1번 출구 앞,송파구,524.0,
202202,2606,위례동주민센터 맞은편 근린공원,송파구,898.0,
202202,2608,송파구청,송파구,2044.0,
202202,2609,보성중고등학교 후문 앞,송파구,58.0,
202202,2610,송리단길,송파구,1286.0,
202202,2611,송파지역자활센터 뒤,송파구,1120.0,
202202,2612,문정·가락 대여소 앞,송파구,24.0,
202202,2613,잠실나들목,송파구,727.0,
202202,2614,가락고등학교 앞,송파구,217.0,
202202,2615,테라타워2,송파구,1056.0,
202202,2616,거여동 사거리,송파구,225.0,
202202,2617,가락삼환아파트 앞,송파구,329.0,
202202,2618,삼전역 1번출구,송파구,685.0,
202202,2619,석촌고분역 4번출구,송파구,887.0,
202202,2620,송파나루역 4번 출구옆,송파구,1874.0,
202202,2621,한성백제역 2번 출구,송파구,1099.0,
202202,2622,올림픽공원역 3번출구,송파구,2089.0,
202202,2623,석촌동 주민센터,송파구,1341.0,
202202,2625,가락종합 사회복지관,송파구,224.0,
202202,2626,"경찰병원역 1,2번 출구 사이",송파구,361.0,
202202,2627,문정시영아파트 5동 앞 공원,송파구,454.0,
202202,2628,문정역 1번출구,송파구,813.0,
202202,2630,서울방이동 고분군,송파구,848.0,
202202,2631,배명고등학교,송파구,362.0,
202202,2632,석촌고분역 2번 출구,송파구,1059.0,
202202,2633,송파학사 옆,송파구,454.0,
202202,2634,위례포레샤인아파트 2318동,송파구,224.0,
202202,2635,잠실새내역 1번출구,송파구,830.0,
202202,2637,아시아지하보도 14번 출구,송파구,829.0,
202202,2638,쌍용아파트,송파구,610.0,
202202,2639,석촌역 8번출구,송파구,1551.0,
202202,2641,송파역 4번출구,송파구,1170.0,
202202,2642,마천동 성내천 쉼터,송파구,459.0,
202202,2643,풍납중학교 측면,송파구,242.0,
202202,2644,성내5교,송파구,603.0,
202202,2645,잠실나들목2(엘스아파트136동),송파구,183.0,
202202,2646,레이크펠리스101동앞,송파구,1193.0,
202202,2647,잠실 자전거 수리센터 앞,송파구,1186.0,
202202,2648,헬리오시티 112동 앞,송파구,631.0,
202202,2649,오금공원사거리2,송파구,179.0,
202202,2650,위례22단지 2208동 다리앞,송파구,139.0,
202202,2651,경찰병원역 3번출구 앞,송파구,616.0,
202202,2652,송파 레미니스1단지 102동 앞,송파구,509.0,
202202,2653,올림픽공원사거리(선수촌아파트),송파구,592.0,
202202,2654,올림픽선수촌아파트 136동 앞,송파구,307.0,
202202,2655,송이공원,송파구,349.0,
202202,2656,풍납동 아이파크 107동 앞,송파구,543.0,
202202,2657,송파 파인타운 11단지,송파구,285.0,
202202,2658,가락몰 업무동,송파구,524.0,
202202,2659,서울친환경유통센터,송파구,85.0,
202202,4452,삼성SDS,송파구,1093.0,
202202,4453,위례중앙푸르지오 201동 앞,송파구,763.0,
202202,4454,위례 포레샤인 1809동 부근,송파구,209.0,
202202,4456,위례포레샤인 2310동 부근,송파구,341.0,
202202,4457,아산병원 기숙사 부근,송파구,1136.0,
202202,4458,가락2동주민센터 인근,송파구,525.0,
202202,4460,올림픽훼미리아파트 112동 앞,송파구,505.0,
202202,4461,한양3차아파트 3동 앞,송파구,175.0,
202202,4462,가락중학교 앞,송파구,297.0,
202202,4463,방이역 2번 출구,송파구,314.0,
202202,4464,올림픽공원 북2문,송파구,482.0,
202202,4465,건영아파트앞 사거리,송파구,752.0,
202202,4467,한림연예예술고등학교,송파구,491.0,
202202,4468,가락1동주민센터,송파구,518.0,
202202,4469,거여동 어울림아파트 102동앞,송파구,323.0,
202202,4472,송파파크데일 1단지 115동 건너편,송파구,242.0,
202202,4473,마천금호어울림 1차 102동앞,송파구,128.0,
202202,4474,가락현대 1차 11동 앞,송파구,203.0,
202202,4475,송파파인타운 4단지 403동,송파구,261.0,
202202,4478,문정근린공원2,송파구,505.0,
202202,4479,문정중학교,송파구,100.0,
202202,4480,가락시장 남1문 사거리,송파구,367.0,
202202,4481,올림픽공원 북2문 2,송파구,909.0,
202202,4483,잠실나들목4,송파구,612.0,
202202,4484,잠실나루역4번출구뒤,송파구,565.0,
202202,4485,잠실나루역 고가하부,송파구,261.0,
202202,4486,홈플러스 잠실점,송파구,732.0,
202202,4488,문현중.고등학교 사이,송파구,121.0,
202202,4490,송파파인타운 10단지 1005동,송파구,172.0,
202202,4491,장지역 1번출구,송파구,654.0,
202202,4493,마천사거리 2,송파구,320.0,
202202,4496,잠실 파크리오 120동 앞,송파구,469.0,
202202,4497,아시아선수촌아파트 교차로,송파구,312.0,
202202,4499,세양청마루 101동 앞,송파구,501.0,
202202,4500,풍납나들목,송파구,501.0,
202202,4852,서울복합물류 게이트 1,송파구,1038.0,
202202,4853,송파 안전체험교육관,송파구,34.0,
202202,4854,가락시장역 2번 출구,송파구,452.0,
202202,4855,거여5단지 503동 앞,송파구,299.0,
202202,4856,올림픽공원 서1문 앞,송파구,321.0,
202202,4857,올림픽공원 장미광장,송파구,153.0,
202202,4859,잠실나루 나들목,송파구,478.0,
202202,4860,가락쌍용2차아파트 103동,송파구,331.0,
202202,4861,거여삼거리,송파구,197.0,
202202,4862,성내교 남단,송파구,173.0,
202202,4863,잠실나들목5,송파구,125.0,
202202,4864,송파사거리,송파구,1059.0,
202202,4865,한성백제역 1번출구 뒤,송파구,1226.0,
202202,4867,가락대림아파트 앞,송파구,353.0,
202202,4868,석촌호수 서호 남단,송파구,1240.0,
202202,4869,잠실나들목6,송파구,188.0,
202202,4870,몽촌토성역 3번 출구,송파구,1449.0,
202202,4871,오금동 대림아파트 정문,송파구,388.0,
202202,4872,개롱역 3번 출구 뒤,송파구,460.0,
202202,4873,개롱역사거리 2번 출구,송파구,365.0,
202202,4874,탄천1교 하부보도,송파구,177.0,
202202,4875,위례포레샤인13단지,송파구,322.0,
202202,4876,삼전동주민센터 앞,송파구,657.0,
202202,4879,마천청소년센터,송파구,50.0,
202202,4880,송파청소년센터,송파구,370.0,
202202,4881,거여동사거리 송파둘레길 입구,송파구,132.0,
202202,4882,위례포레샤인18단지 1802동,송파구,148.0,
202202,4883,위례포레샤인18단지 1812동,송파구,77.0,
202202,4884,H비즈니스파크,송파구,433.0,
202202,4885,가든파이브 리빙관,송파구,121.0,
202202,4886,배명고등학교 건너편,송파구,336.0,
202202,4887,호돌이상가,송파구,210.0,
202202,4888,둔촌오륜역 2번출구,송파구,69.0,
202202,4889,마천역 1번 출구 인근②,송파구,198.0,
202202,4891,위례포레샤인17단지 위례대로 방면,송파구,459.0,
202202,4892,성내유수지 체육공원,송파구,136.0,
202202,4893,문정법조단지12,송파구,357.0,
202202,4894,문정법조단지13,송파구,479.0,
202202,4895,위례포레샤인15단지 상가,송파구,321.0,
202202,4896,위례포레샤인15단지,송파구,63.0,
202202,4897,잠실주공5단지1,송파구,712.0,
202203,1201,가락시장역 3번 출구,송파구,1751.0,
202203,1203,밀리아나2빌딩 앞,송파구,1695.0,
202203,1204,거여역 3번출구,송파구,1226.0,
202203,1205,종합운동장역 4번출구,송파구,1489.0,
202203,1206,9호선종합운동장역 9번출구,송파구,1001.0,
202203,1207,마천중앙시장,송파구,647.0,
202203,1208,풍납현대아파트쉼터,송파구,1312.0,
202203,1209,잠실나루역 (2번 출구 쪽),송파구,2232.0,
202203,1210,롯데월드타워(잠실역2번출구 쪽),송파구,6256.0,
202203,1211,방이삼거리,송파구,3089.0,
202203,1212,송파역 2번 출구앞,송파구,1349.0,
202203,1213,백토공원 앞,송파구,354.0,
202203,1214,오금역 7번 출구 인근,송파구,970.0,
202203,1215,올림픽공원역 1번출구 앞,송파구,1571.0,
202203,1217,송파파인타운 7단지,송파구,576.0,
202203,1218,방이역 4번출구,송파구,2073.0,
202203,1220,잠실근린공원,송파구,1671.0,
202203,1221,삼전역 4번출구,송파구,1464.0,
202203,1222,잠실새내역 5번 출구 뒤,송파구,2760.0,
202203,1224,아시아지하보도 2번 출구,송파구,1206.0,
202203,1226,잠실4동 주민센터 옆,송파구,1262.0,
202203,1227,거여역 8번출구 뒤,송파구,1270.0,
202203,1228,마천사거리,송파구,885.0,
202203,1229,송파체육문화회관 앞,송파구,740.0,
202203,1230,송파중학교 정문,송파구,579.0,
202203,1231,잠실역 6번출구,송파구,1768.0,
202203,1232,잠실주공 521동 건너편,송파구,2071.0,
202203,1233,잠실3거리(갤러리아팰리스),송파구,798.0,
202203,1235,잠실트리지움310동 옆,송파구,1414.0,
202203,1239,문정 법조단지3,송파구,423.0,
202203,1240,문정 법조단지4,송파구,559.0,
202203,1241,문정 법조단지5,송파구,347.0,
202203,1242,문정 법조단지6,송파구,122.0,
202203,1243,문정 법조단지7,송파구,1826.0,
202203,1244,문정 법조단지8,송파구,1968.0,
202203,1245,문정 법조단지9,송파구,1235.0,
202203,1246,문정 법조단지10,송파구,1746.0,
202203,1247,문정 법조단지11,송파구,756.0,
202203,1248,방이초등학교,송파구,1817.0,
202203,1249,아주중학교건너편,송파구,895.0,
202203,1250,문정2동 주민센터,송파구,268.0,
202203,1251,석촌역 2번출구,송파구,2237.0,
202203,1253,오금역 3번 출구 뒤,송파구,709.0,
202203,1256,문정현대아파트 교차로,송파구,630.0,
202203,1257,가락시장역 사거리,송파구,962.0,
202203,1258,가락미륭아파트 앞,송파구,404.0,
202203,1259,방이역 1번출구,송파구,1206.0,
202203,1260,방이동 한양3차아파트 옆,송파구,1122.0,
202203,1262,송파여성문화회관 앞,송파구,1613.0,
202203,1263,장지공영차고지,송파구,262.0,
202203,1264,천호역 10번 출구 앞,송파구,2465.0,
202203,1265,문정동 근린공원,송파구,961.0,
202203,1266,문정동 글샘 공원,송파구,534.0,
202203,1267,올림픽공원 남2문 앞,송파구,773.0,
202203,1268,몽촌토성역 1번출구 옆,송파구,1914.0,
202203,1269,리센츠아파트,송파구,1155.0,
202203,1271,송파도서관,송파구,278.0,
202203,1274,영파여고 앞,송파구,940.0,
202203,1275,거여초등학교 옆,송파구,436.0,
202203,1277,성내6교,송파구,942.0,
202203,1278,송파구청 교차로,송파구,1304.0,
202203,1279,마천금호어울림 1차아파트 건너편,송파구,245.0,
202203,1280,송파파크데일 2단지입구 앞 주차장,송파구,610.0,
202203,1282,송파소방서 맞은편(성내4교),송파구,1364.0,
202203,1283,오금공원 사거리,송파구,147.0,
202203,1285,위례별 유치원 뒤,송파구,406.0,
202203,1286,위례중앙푸르지오 1단지 앞,송파구,870.0,
202203,1287,위례아이파크 101동 맞은편,송파구,390.0,
202203,1288,문정중교 사거리,송파구,698.0,
202203,1289,풍납토성 서성벽터B,송파구,366.0,
202203,1290,위례송파꿈에그린아파트24단지 앞 성벽 다리 밑,송파구,295.0,
202203,1291,서울체육고등학교 앞,송파구,239.0,
202203,1293,석촌호수 서호 사거리,송파구,2109.0,
202203,1295,잠실역 8번출구,송파구,3404.0,
202203,1296,석촌호수교차로 (송파나루근린공원 앞),송파구,522.0,
202203,1297,석촌호수교차로(동호 팔각정 앞),송파구,1663.0,
202203,1299,송파소방서 (방이119안전센터),송파구,462.0,
202203,1300,오륜사거리,송파구,581.0,
202203,2601,석촌호수 아뜰리에,송파구,1595.0,
202203,2603,송파 글마루 도서관,송파구,560.0,
202203,2604,풍납토성 서성벽터A,송파구,867.0,
202203,2605,복정역 1번 출구 앞,송파구,1070.0,
202203,2606,위례동주민센터 맞은편 근린공원,송파구,1571.0,
202203,2608,송파구청,송파구,3690.0,
202203,2609,보성중고등학교 후문 앞,송파구,151.0,
202203,2610,송리단길,송파구,2110.0,
202203,2611,송파지역자활센터 뒤,송파구,1967.0,
202203,2612,문정·가락 대여소 앞,송파구,93.0,
202203,2613,잠실나들목,송파구,1740.0,
202203,2614,가락고등학교 앞,송파구,441.0,
202203,2615,테라타워2,송파구,1894.0,
202203,2616,거여동 사거리,송파구,378.0,
202203,2617,가락삼환아파트 앞,송파구,479.0,
202203,2618,삼전역 1번출구,송파구,1354.0,
202203,2619,석촌고분역 4번출구,송파구,1600.0,
202203,2620,송파나루역 4번 출구옆,송파구,3447.0,
202203,2621,한성백제역 2번 출구,송파구,2084.0,
202203,2622,올림픽공원역 3번출구,송파구,4317.0,
202203,2623,석촌동 주민센터,송파구,2202.0,
202203,2625,가락종합 사회복지관,송파구,405.0,
202203,2626,"경찰병원역 1,2번 출구 사이",송파구,537.0,
202203,2627,문정시영아파트 5동 앞 공원,송파구,709.0,
202203,2628,문정역 1번출구,송파구,1686.0,
202203,2630,서울방이동 고분군,송파구,1363.0,
202203,2631,배명고등학교,송파구,710.0,
202203,2632,석촌고분역 2번 출구,송파구,1833.0,
202203,2633,송파학사 옆,송파구,995.0,
202203,2634,위례포레샤인아파트 2318동,송파구,484.0,
202203,2635,잠실새내역 1번출구,송파구,1441.0,
202203,2637,아시아지하보도 14번 출구,송파구,1643.0,
202203,2638,쌍용아파트,송파구,1155.0,
202203,2639,석촌역 8번출구,송파구,2419.0,
202203,2641,송파역 4번출구,송파구,2069.0,
202203,2642,마천동 성내천 쉼터,송파구,825.0,
202203,2643,풍납중학교 측면,송파구,368.0,
202203,2644,성내5교,송파구,1010.0,
202203,2645,잠실나들목2(엘스아파트136동),송파구,396.0,
202203,2646,레이크펠리스101동앞,송파구,2031.0,
202203,2647,잠실 자전거 수리센터 앞,송파구,1965.0,
202203,2648,헬리오시티 112동 앞,송파구,1209.0,
202203,2649,오금공원사거리2,송파구,254.0,
202203,2650,위례22단지 2208동 다리앞,송파구,295.0,
202203,2651,경찰병원역 3번출구 앞,송파구,1077.0,
202203,2652,송파 레미니스1단지 102동 앞,송파구,792.0,
202203,2653,올림픽공원사거리(선수촌아파트),송파구,1075.0,
202203,2654,올림픽선수촌아파트 136동 앞,송파구,519.0,
202203,2655,송이공원,송파구,556.0,
202203,2656,풍납동 아이파크 107동 앞,송파구,830.0,
202203,2657,송파 파인타운 11단지,송파구,684.0,
202203,2658,가락몰 업무동,송파구,920.0,
202203,2659,서울친환경유통센터,송파구,148.0,
202203,4452,삼성SDS,송파구,1952.0,
202203,4453,위례중앙푸르지오 201동 앞,송파구,1377.0,
202203,4454,위례 포레샤인 1809동 부근,송파구,386.0,
202203,4456,위례포레샤인 2310동 부근,송파구,600.0,
202203,4457,아산병원 기숙사 부근,송파구,2337.0,
202203,4458,가락2동주민센터 인근,송파구,597.0,
202203,4460,올림픽훼미리아파트 112동 앞,송파구,915.0,
202203,4461,한양3차아파트 3동 앞,송파구,265.0,
202203,4462,가락중학교 앞,송파구,486.0,
202203,4463,방이역 2번 출구,송파구,506.0,
202203,4464,올림픽공원 북2문,송파구,1082.0,
202203,4465,건영아파트앞 사거리,송파구,1340.0,
202203,4467,한림연예예술고등학교,송파구,727.0,
202203,4468,가락1동주민센터,송파구,863.0,
202203,4469,거여동 어울림아파트 102동앞,송파구,662.0,
202203,4472,송파파크데일 1단지 115동 건너편,송파구,388.0,
202203,4473,마천금호어울림 1차 102동앞,송파구,199.0,
202203,4474,가락현대 1차 11동 앞,송파구,346.0,
202203,4475,송파파인타운 4단지 403동,송파구,402.0,
202203,4478,문정근린공원2,송파구,801.0,
202203,4479,문정중학교,송파구,165.0,
202203,4480,가락시장 남1문 사거리,송파구,571.0,
202203,4481,올림픽공원 북2문 2,송파구,1622.0,
202203,4483,잠실나들목4,송파구,1444.0,
202203,4484,잠실나루역4번출구뒤,송파구,1240.0,
202203,4485,잠실나루역 고가하부,송파구,526.0,
202203,4486,홈플러스 잠실점,송파구,1422.0,
202203,4488,문현중.고등학교 사이,송파구,219.0,
202203,4490,송파파인타운 10단지 1005동,송파구,259.0,
202203,4491,장지역 1번출구,송파구,1042.0,
202203,4493,마천사거리 2,송파구,519.0,
202203,4496,잠실 파크리오 120동 앞,송파구,859.0,
202203,4497,아시아선수촌아파트 교차로,송파구,577.0,
202203,4499,세양청마루 101동 앞,송파구,653.0,
202203,4500,풍납나들목,송파구,1075.0,
202203,4852,서울복합물류 게이트 1,송파구,1275.0,
202203,4853,송파 안전체험교육관,송파구,55.0,
202203,4854,가락시장역 2번 출구,송파구,850.0,
202203,4855,거여5단지 503동 앞,송파구,475.0,
202203,4856,올림픽공원 서1문 앞,송파구,591.0,
202203,4857,올림픽공원 장미광장,송파구,332.0,
202203,4859,잠실나루 나들목,송파구,1230.0,
202203,4860,가락쌍용2차아파트 103동,송파구,615.0,
202203,4861,거여삼거리,송파구,357.0,
202203,4862,성내교 남단,송파구,269.0,
202203,4863,잠실나들목5,송파구,309.0,
202203,4864,송파사거리,송파구,1895.0,
202203,4865,한성백제역 1번출구 뒤,송파구,2132.0,
202203,4867,가락대림아파트 앞,송파구,805.0,
202203,4868,석촌호수 서호 남단,송파구,1739.0,
202203,4869,잠실나들목6,송파구,550.0,
202203,4870,몽촌토성역 3번 출구,송파구,2733.0,
202203,4871,오금동 대림아파트 정문,송파구,518.0,
202203,4872,개롱역 3번 출구 뒤,송파구,864.0,
202203,4873,개롱역사거리 2번 출구,송파구,802.0,
202203,4874,탄천1교 하부보도,송파구,341.0,
202203,4875,위례포레샤인13단지,송파구,869.0,
202203,4876,삼전동주민센터 앞,송파구,1253.0,
202203,4879,마천청소년센터,송파구,106.0,
202203,4880,송파청소년센터,송파구,577.0,
202203,4881,거여동사거리 송파둘레길 입구,송파구,246.0,
202203,4882,위례포레샤인18단지 1802동,송파구,321.0,
202203,4883,위례포레샤인18단지 1812동,송파구,137.0,
202203,4884,H비즈니스파크,송파구,911.0,
202203,4885,가든파이브 리빙관,송파구,252.0,
202203,4886,배명고등학교 건너편,송파구,565.0,
202203,4887,호돌이상가,송파구,357.0,
202203,4888,둔촌오륜역 2번출구,송파구,188.0,
202203,4889,마천역 1번 출구 인근②,송파구,432.0,
202203,4891,위례포레샤인17단지 위례대로 방면,송파구,826.0,
202203,4892,성내유수지 체육공원,송파구,288.0,
202203,4893,문정법조단지12,송파구,604.0,
202203,4894,문정법조단지13,송파구,885.0,
202203,4895,위례포레샤인15단지 상가,송파구,620.0,
202203,4896,위례포레샤인15단지,송파구,167.0,
202203,4897,잠실주공5단지1,송파구,1220.0,
202204,1201,가락시장역 3번 출구,송파구,2826.0,
202204,1203,밀리아나2빌딩 앞,송파구,2750.0,
202204,1204,거여역 3번출구,송파구,2018.0,
202204,1205,종합운동장역 4번출구,송파구,2746.0,
202204,1206,9호선종합운동장역 9번출구,송파구,1646.0,
202204,1207,마천중앙시장,송파구,1077.0,
202204,1208,풍납현대아파트쉼터,송파구,2067.0,
202204,1209,잠실나루역 (2번 출구 쪽),송파구,3630.0,
202204,1210,롯데월드타워(잠실역2번출구 쪽),송파구,11117.0,
202204,1211,방이삼거리,송파구,5921.0,
202204,1212,송파역 2번 출구앞,송파구,2020.0,
202204,1213,백토공원 앞,송파구,564.0,
202204,1214,오금역 7번 출구 인근,송파구,1608.0,
202204,1215,올림픽공원역 1번출구 앞,송파구,2532.0,
202204,1217,송파파인타운 7단지,송파구,969.0,
202204,1218,방이역 4번출구,송파구,3756.0,
202204,1220,잠실근린공원,송파구,2633.0,
202204,1221,삼전역 4번출구,송파구,2278.0,
202204,1222,잠실새내역 5번 출구 뒤,송파구,5284.0,
202204,1224,아시아지하보도 2번 출구,송파구,2111.0,
202204,1226,잠실4동 주민센터 옆,송파구,1874.0,
202204,1227,거여역 8번출구 뒤,송파구,1971.0,
202204,1228,마천사거리,송파구,1451.0,
202204,1229,송파체육문화회관 앞,송파구,1506.0,
202204,1230,송파중학교 정문,송파구,1078.0,
202204,1231,잠실역 6번출구,송파구,3714.0,
202204,1232,잠실주공 521동 건너편,송파구,3423.0,
202204,1233,잠실3거리(갤러리아팰리스),송파구,1349.0,
202204,1235,잠실트리지움310동 옆,송파구,2304.0,
202204,1239,문정 법조단지3,송파구,621.0,
202204,1240,문정 법조단지4,송파구,927.0,
202204,1241,문정 법조단지5,송파구,726.0,
202204,1242,문정 법조단지6,송파구,262.0,
202204,1243,문정 법조단지7,송파구,3045.0,
202204,1244,문정 법조단지8,송파구,3021.0,
202204,1245,문정 법조단지9,송파구,1888.0,
202204,1246,문정 법조단지10,송파구,2558.0,
202204,1247,문정 법조단지11,송파구,1339.0,
202204,1248,방이초등학교,송파구,3217.0,
202204,1249,아주중학교건너편,송파구,1601.0,
202204,1250,문정2동 주민센터,송파구,321.0,
202204,1251,석촌역 2번출구,송파구,3587.0,
202204,1253,오금역 3번 출구 뒤,송파구,1066.0,
202204,1256,문정현대아파트 교차로,송파구,812.0,
202204,1257,가락시장역 사거리,송파구,1353.0,
202204,1258,가락미륭아파트 앞,송파구,676.0,
202204,1259,방이역 1번출구,송파구,2164.0,
202204,1260,방이동 한양3차아파트 옆,송파구,1868.0,
202204,1262,송파여성문화회관 앞,송파구,2811.0,
202204,1263,장지공영차고지,송파구,375.0,
202204,1264,천호역 10번 출구 앞,송파구,4370.0,
202204,1265,문정동 근린공원,송파구,1626.0,
202204,1266,문정동 글샘 공원,송파구,824.0,
202204,1267,올림픽공원 남2문 앞,송파구,1693.0,
202204,1268,몽촌토성역 1번출구 옆,송파구,4345.0,
202204,1269,리센츠아파트,송파구,2090.0,
202204,1271,송파도서관,송파구,1183.0,
202204,1274,영파여고 앞,송파구,1591.0,
202204,1275,거여초등학교 옆,송파구,751.0,
202204,1277,성내6교,송파구,1559.0,
202204,1278,송파구청 교차로,송파구,2761.0,
202204,1279,마천금호어울림 1차아파트 건너편,송파구,457.0,
202204,1280,송파파크데일 2단지입구 앞 주차장,송파구,961.0,
202204,1282,송파소방서 맞은편(성내4교),송파구,2400.0,
202204,1283,오금공원 사거리,송파구,241.0,
202204,1285,위례별 유치원 뒤,송파구,670.0,
202204,1286,위례중앙푸르지오 1단지 앞,송파구,1507.0,
202204,1287,위례아이파크 101동 맞은편,송파구,725.0,
202204,1288,문정중교 사거리,송파구,1413.0,
202204,1289,풍납토성 서성벽터B,송파구,647.0,
202204,1290,위례송파꿈에그린아파트24단지 앞 성벽 다리 밑,송파구,429.0,
202204,1291,서울체육고등학교 앞,송파구,604.0,
202204,1293,석촌호수 서호 사거리,송파구,3624.0,
202204,1295,잠실역 8번출구,송파구,6132.0,
202204,1296,석촌호수교차로 (송파나루근린공원 앞),송파구,1535.0,
202204,1297,석촌호수교차로(동호 팔각정 앞),송파구,3811.0,
202204,1299,송파소방서 (방이119안전센터),송파구,699.0,
202204,1300,오륜사거리,송파구,1123.0,
202204,2601,석촌호수 아뜰리에,송파구,3399.0,
202204,2603,송파 글마루 도서관,송파구,1082.0,
202204,2604,풍납토성 서성벽터A,송파구,1582.0,
202204,2605,복정역 1번 출구 앞,송파구,1893.0,
202204,2606,위례동주민센터 맞은편 근린공원,송파구,2876.0,
202204,2608,송파구청,송파구,6440.0,
202204,2609,보성중고등학교 후문 앞,송파구,270.0,
202204,2610,송리단길,송파구,3660.0,
202204,2611,송파지역자활센터 뒤,송파구,2994.0,
202204,2612,문정·가락 대여소 앞,송파구,139.0,
202204,2613,잠실나들목,송파구,4504.0,
202204,2614,가락고등학교 앞,송파구,503.0,
202204,2615,테라타워2,송파구,2970.0,
202204,2616,거여동 사거리,송파구,675.0,
202204,2617,가락삼환아파트 앞,송파구,813.0,
202204,2618,삼전역 1번출구,송파구,2245.0,
202204,2619,석촌고분역 4번출구,송파구,2308.0,
202204,2620,송파나루역 4번 출구옆,송파구,6047.0,
202204,2621,한성백제역 2번 출구,송파구,4238.0,
202204,2622,올림픽공원역 3번출구,송파구,9044.0,
202204,2623,석촌동 주민센터,송파구,3502.0,
202204,2625,가락종합 사회복지관,송파구,702.0,
202204,2626,"경찰병원역 1,2번 출구 사이",송파구,1003.0,
202204,2627,문정시영아파트 5동 앞 공원,송파구,1043.0,
202204,2628,문정역 1번출구,송파구,2374.0,
202204,2630,서울방이동 고분군,송파구,2371.0,
202204,2631,배명고등학교,송파구,1109.0,
202204,2632,석촌고분역 2번 출구,송파구,2819.0,
202204,2633,송파학사 옆,송파구,1668.0,
202204,2634,위례포레샤인아파트 2318동,송파구,810.0,
202204,2635,잠실새내역 1번출구,송파구,2834.0,
202204,2637,아시아지하보도 14번 출구,송파구,2798.0,
202204,2638,쌍용아파트,송파구,1975.0,
202204,2639,석촌역 8번출구,송파구,3950.0,
202204,2641,송파역 4번출구,송파구,3526.0,
202204,2642,마천동 성내천 쉼터,송파구,1538.0,
202204,2643,풍납중학교 측면,송파구,745.0,
202204,2644,성내5교,송파구,1690.0,
202204,2645,잠실나들목2(엘스아파트136동),송파구,637.0,
202204,2646,레이크펠리스101동앞,송파구,3594.0,
202204,2647,잠실 자전거 수리센터 앞,송파구,3716.0,
202204,2648,헬리오시티 112동 앞,송파구,1920.0,
202204,2649,오금공원사거리2,송파구,493.0,
202204,2650,위례22단지 2208동 다리앞,송파구,464.0,
202204,2651,경찰병원역 3번출구 앞,송파구,1682.0,
202204,2652,송파 레미니스1단지 102동 앞,송파구,1223.0,
202204,2653,올림픽공원사거리(선수촌아파트),송파구,2003.0,
202204,2654,올림픽선수촌아파트 136동 앞,송파구,694.0,
202204,2655,송이공원,송파구,965.0,
202204,2656,풍납동 아이파크 107동 앞,송파구,1358.0,
202204,2657,송파 파인타운 11단지,송파구,1133.0,
202204,2658,가락몰 업무동,송파구,1481.0,
202204,2659,서울친환경유통센터,송파구,246.0,
202204,4452,삼성SDS,송파구,3206.0,
202204,4453,위례중앙푸르지오 201동 앞,송파구,2492.0,
202204,4454,위례 포레샤인 1809동 부근,송파구,880.0,
202204,4456,위례포레샤인 2310동 부근,송파구,953.0,
202204,4457,아산병원 기숙사 부근,송파구,3850.0,
202204,4458,가락2동주민센터 인근,송파구,974.0,
202204,4460,올림픽훼미리아파트 112동 앞,송파구,1517.0,
202204,4461,한양3차아파트 3동 앞,송파구,337.0,
202204,4462,가락중학교 앞,송파구,867.0,
202204,4463,방이역 2번 출구,송파구,1078.0,
202204,4464,올림픽공원 북2문,송파구,2415.0,
202204,4465,건영아파트앞 사거리,송파구,2257.0,
202204,4467,한림연예예술고등학교,송파구,1127.0,
202204,4468,가락1동주민센터,송파구,1235.0,
202204,4469,거여동 어울림아파트 102동앞,송파구,1072.0,
202204,4472,송파파크데일 1단지 115동 건너편,송파구,625.0,
202204,4473,마천금호어울림 1차 102동앞,송파구,292.0,
202204,4474,가락현대 1차 11동 앞,송파구,503.0,
202204,4475,송파파인타운 4단지 403동,송파구,612.0,
202204,4478,문정근린공원2,송파구,1267.0,
202204,4479,문정중학교,송파구,266.0,
202204,4480,가락시장 남1문 사거리,송파구,965.0,
202204,4481,올림픽공원 북2문 2,송파구,3624.0,
202204,4483,잠실나들목4,송파구,3208.0,
202204,4484,잠실나루역4번출구뒤,송파구,2560.0,
202204,4485,잠실나루역 고가하부,송파구,590.0,
202204,4486,홈플러스 잠실점,송파구,2261.0,
202204,4488,문현중.고등학교 사이,송파구,266.0,
202204,4490,송파파인타운 10단지 1005동,송파구,444.0,
202204,4491,장지역 1번출구,송파구,1690.0,
202204,4493,마천사거리 2,송파구,826.0,
202204,4496,잠실 파크리오 120동 앞,송파구,1460.0,
202204,4497,아시아선수촌아파트 교차로,송파구,1024.0,
202204,4499,세양청마루 101동 앞,송파구,919.0,
202204,4500,풍납나들목,송파구,1991.0,
202204,4852,서울복합물류 게이트 1,송파구,1533.0,
202204,4853,송파 안전체험교육관,송파구,180.0,
202204,4854,가락시장역 2번 출구,송파구,1673.0,
202204,4855,거여5단지 503동 앞,송파구,783.0,
202204,4856,올림픽공원 서1문 앞,송파구,1105.0,
202204,4857,올림픽공원 장미광장,송파구,683.0,
202204,4859,잠실나루 나들목,송파구,2665.0,
202204,4860,가락쌍용2차아파트 103동,송파구,1164.0,
202204,4861,거여삼거리,송파구,487.0,
202204,4862,성내교 남단,송파구,777.0,
202204,4863,잠실나들목5,송파구,741.0,
202204,4864,송파사거리,송파구,3177.0,
202204,4865,한성백제역 1번출구 뒤,송파구,3432.0,
202204,4867,가락대림아파트 앞,송파구,1406.0,
202204,4868,석촌호수 서호 남단,송파구,2838.0,
202204,4869,잠실나들목6,송파구,1361.0,
202204,4870,몽촌토성역 3번 출구,송파구,4966.0,
202204,4871,오금동 대림아파트 정문,송파구,845.0,
202204,4872,개롱역 3번 출구 뒤,송파구,1341.0,
202204,4873,개롱역사거리 2번 출구,송파구,1224.0,
202204,4874,탄천1교 하부보도,송파구,769.0,
202204,4875,위례포레샤인13단지,송파구,1645.0,
202204,4876,삼전동주민센터 앞,송파구,1946.0,
202204,4879,마천청소년센터,송파구,212.0,
202204,4880,송파청소년센터,송파구,925.0,
202204,4881,거여동사거리 송파둘레길 입구,송파구,394.0,
202204,4882,위례포레샤인18단지 1802동,송파구,390.0,
202204,4883,위례포레샤인18단지 1812동,송파구,201.0,
202204,4884,H비즈니스파크,송파구,1487.0,
202204,4885,가든파이브 리빙관,송파구,513.0,
202204,4886,배명고등학교 건너편,송파구,842.0,
202204,4887,호돌이상가,송파구,621.0,
202204,4888,둔촌오륜역 2번출구,송파구,425.0,
202204,4889,마천역 1번 출구 인근②,송파구,535.0,
202204,4891,위례포레샤인17단지 위례대로 방면,송파구,1533.0,
202204,4892,성내유수지 체육공원,송파구,504.0,
202204,4893,문정법조단지12,송파구,1041.0,
202204,4894,문정법조단지13,송파구,1352.0,
202204,4895,위례포레샤인15단지 상가,송파구,1252.0,
202204,4896,위례포레샤인15단지,송파구,275.0,
202204,4897,잠실주공5단지1,송파구,2038.0,
202205,1201,가락시장역 3번 출구,송파구,3575.0,
202205,1203,밀리아나2빌딩 앞,송파구,3495.0,
202205,1204,거여역 3번출구,송파구,2673.0,
202205,1205,종합운동장역 4번출구,송파구,3450.0,
202205,1206,9호선종합운동장역 9번출구,송파구,1989.0,
202205,1207,마천중앙시장,송파구,1225.0,
202205,1208,풍납현대아파트쉼터,송파구,2717.0,
202205,1209,잠실나루역 (2번 출구 쪽),송파구,4445.0,
202205,1210,롯데월드타워(잠실역2번출구 쪽),송파구,14669.0,
202205,1211,방이삼거리,송파구,6710.0,
202205,1212,송파역 2번 출구앞,송파구,2669.0,
202205,1213,백토공원 앞,송파구,719.0,
202205,1214,오금역 7번 출구 인근,송파구,2018.0,
202205,1215,올림픽공원역 1번출구 앞,송파구,2885.0,
202205,1217,송파파인타운 7단지,송파구,977.0,
202205,1218,방이역 4번출구,송파구,4578.0,
202205,1220,잠실근린공원,송파구,3264.0,
202205,1221,삼전역 4번출구,송파구,3034.0,
202205,1222,잠실새내역 5번 출구 뒤,송파구,6448.0,
202205,1224,아시아지하보도 2번 출구,송파구,2723.0,
202205,1226,잠실4동 주민센터 옆,송파구,2430.0,
202205,1227,거여역 8번출구 뒤,송파구,2489.0,
202205,1228,마천사거리,송파구,1917.0,
202205,1229,송파체육문화회관 앞,송파구,2137.0,
202205,1230,송파중학교 정문,송파구,1213.0,
202205,1231,잠실역 6번출구,송파구,4322.0,
202205,1232,잠실주공 521동 건너편,송파구,4092.0,
202205,1233,잠실3거리(갤러리아팰리스),송파구,1593.0,
202205,1235,잠실트리지움310동 옆,송파구,2867.0,
202205,1239,문정 법조단지3,송파구,694.0,
202205,1240,문정 법조단지4,송파구,1088.0,
202205,1241,문정 법조단지5,송파구,792.0,
202205,1242,문정 법조단지6,송파구,245.0,
202205,1243,문정 법조단지7,송파구,3495.0,
202205,1244,문정 법조단지8,송파구,3690.0,
202205,1245,문정 법조단지9,송파구,2549.0,
202205,1246,문정 법조단지10,송파구,2794.0,
202205,1247,문정 법조단지11,송파구,1434.0,
202205,1248,방이초등학교,송파구,4165.0,
202205,1249,아주중학교건너편,송파구,2065.0,
202205,1250,문정2동 주민센터,송파구,279.0,
202205,1251,석촌역 2번출구,송파구,4776.0,
202205,1253,오금역 3번 출구 뒤,송파구,1382.0,
202205,1256,문정현대아파트 교차로,송파구,1106.0,
202205,1257,가락시장역 사거리,송파구,1793.0,
202205,1258,가락미륭아파트 앞,송파구,614.0,
202205,1259,방이역 1번출구,송파구,2677.0,
202205,1260,방이동 한양3차아파트 옆,송파구,2115.0,
202205,1262,송파여성문화회관 앞,송파구,3651.0,
202205,1263,장지공영차고지,송파구,499.0,
202205,1264,천호역 10번 출구 앞,송파구,5574.0,
202205,1265,문정동 근린공원,송파구,1850.0,
202205,1266,문정동 글샘 공원,송파구,1128.0,
202205,1267,올림픽공원 남2문 앞,송파구,2201.0,
202205,1268,몽촌토성역 1번출구 옆,송파구,4808.0,
202205,1269,리센츠아파트,송파구,2608.0,
202205,1271,송파도서관,송파구,1266.0,
202205,1274,영파여고 앞,송파구,1927.0,
202205,1275,거여초등학교 옆,송파구,839.0,
202205,1277,성내6교,송파구,1802.0,
202205,1278,송파구청 교차로,송파구,3292.0,
202205,1279,마천금호어울림 1차아파트 건너편,송파구,705.0,
202205,1280,송파파크데일 2단지입구 앞 주차장,송파구,1079.0,
202205,1282,송파소방서 맞은편(성내4교),송파구,3055.0,
202205,1283,오금공원 사거리,송파구,314.0,
202205,1285,위례별 유치원 뒤,송파구,963.0,
202205,1286,위례중앙푸르지오 1단지 앞,송파구,1932.0,
202205,1287,위례아이파크 101동 맞은편,송파구,857.0,
202205,1288,문정중교 사거리,송파구,2067.0,
202205,1289,풍납토성 서성벽터B,송파구,762.0,
202205,1290,위례송파꿈에그린아파트24단지 앞 성벽 다리 밑,송파구,542.0,
202205,1291,서울체육고등학교 앞,송파구,879.0,
202205,1293,석촌호수 서호 사거리,송파구,4452.0,
202205,1295,잠실역 8번출구,송파구,7232.0,
202205,1296,석촌호수교차로 (송파나루근린공원 앞),송파구,1289.0,
202205,1297,석촌호수교차로(동호 팔각정 앞),송파구,3692.0,
202205,1299,송파소방서 (방이119안전센터),송파구,877.0,
202205,1300,오륜사거리,송파구,1352.0,
202205,2601,석촌호수 아뜰리에,송파구,3641.0,
202205,2603,송파 글마루 도서관,송파구,1279.0,
202205,2604,풍납토성 서성벽터A,송파구,2036.0,
202205,2605,복정역 1번 출구 앞,송파구,2675.0,
202205,2606,위례동주민센터 맞은편 근린공원,송파구,4025.0,
202205,2608,송파구청,송파구,8397.0,
202205,2609,보성중고등학교 후문 앞,송파구,410.0,
202205,2610,송리단길,송파구,4660.0,
202205,2611,송파지역자활센터 뒤,송파구,3669.0,
202205,2612,문정·가락 대여소 앞,송파구,133.0,
202205,2613,잠실나들목,송파구,5196.0,
202205,2614,가락고등학교 앞,송파구,696.0,
202205,2615,테라타워2,송파구,3654.0,
202205,2616,거여동 사거리,송파구,751.0,
202205,2617,가락삼환아파트 앞,송파구,1079.0,
202205,2618,삼전역 1번출구,송파구,2720.0,
202205,2619,석촌고분역 4번출구,송파구,3163.0,
202205,2620,송파나루역 4번 출구옆,송파구,7976.0,
202205,2621,한성백제역 2번 출구,송파구,5319.0,
202205,2622,올림픽공원역 3번출구,송파구,11440.0,
202205,2623,석촌동 주민센터,송파구,4220.0,
202205,2625,가락종합 사회복지관,송파구,909.0,
202205,2626,"경찰병원역 1,2번 출구 사이",송파구,1323.0,
202205,2627,문정시영아파트 5동 앞 공원,송파구,929.0,
202205,2628,문정역 1번출구,송파구,3212.0,
202205,2630,서울방이동 고분군,송파구,3003.0,
202205,2631,배명고등학교,송파구,1233.0,
202205,2632,석촌고분역 2번 출구,송파구,3928.0,
202205,2633,송파학사 옆,송파구,2101.0,
202205,2634,위례포레샤인아파트 2318동,송파구,1113.0,
202205,2635,잠실새내역 1번출구,송파구,3492.0,
202205,2637,아시아지하보도 14번 출구,송파구,3825.0,
202205,2638,쌍용아파트,송파구,2659.0,
202205,2639,석촌역 8번출구,송파구,4698.0,
202205,2641,송파역 4번출구,송파구,4381.0,
202205,2642,마천동 성내천 쉼터,송파구,2063.0,
202205,2643,풍납중학교 측면,송파구,913.0,
202205,2644,성내5교,송파구,2113.0,
202205,2645,잠실나들목2(엘스아파트136동),송파구,901.0,
202205,2646,레이크펠리스101동앞,송파구,4386.0,
202205,2647,잠실 자전거 수리센터 앞,송파구,4143.0,
202205,2648,헬리오시티 112동 앞,송파구,2294.0,
202205,2649,오금공원사거리2,송파구,626.0,
202205,2650,위례22단지 2208동 다리앞,송파구,632.0,
202205,2651,경찰병원역 3번출구 앞,송파구,2081.0,
202205,2652,송파 레미니스1단지 102동 앞,송파구,1490.0,
202205,2653,올림픽공원사거리(선수촌아파트),송파구,2414.0,
202205,2654,올림픽선수촌아파트 136동 앞,송파구,1172.0,
202205,2655,송이공원,송파구,1015.0,
202205,2656,풍납동 아이파크 107동 앞,송파구,1794.0,
202205,2657,송파 파인타운 11단지,송파구,1181.0,
202205,2658,가락몰 업무동,송파구,1956.0,
202205,2659,서울친환경유통센터,송파구,253.0,
202205,4452,삼성SDS,송파구,4005.0,
202205,4453,위례중앙푸르지오 201동 앞,송파구,3127.0,
202205,4454,위례 포레샤인 1809동 부근,송파구,790.0,
202205,4456,위례포레샤인 2310동 부근,송파구,1181.0,
202205,4457,아산병원 기숙사 부근,송파구,5218.0,
202205,4458,가락2동주민센터 인근,송파구,988.0,
202205,4460,올림픽훼미리아파트 112동 앞,송파구,1918.0,
202205,4461,한양3차아파트 3동 앞,송파구,535.0,
202205,4462,가락중학교 앞,송파구,1060.0,
202205,4463,방이역 2번 출구,송파구,1325.0,
202205,4464,올림픽공원 북2문,송파구,3538.0,
202205,4465,건영아파트앞 사거리,송파구,2653.0,
202205,4467,한림연예예술고등학교,송파구,1387.0,
202205,4468,가락1동주민센터,송파구,1650.0,
202205,4469,거여동 어울림아파트 102동앞,송파구,1340.0,
202205,4472,송파파크데일 1단지 115동 건너편,송파구,887.0,
202205,4473,마천금호어울림 1차 102동앞,송파구,476.0,
202205,4474,가락현대 1차 11동 앞,송파구,779.0,
202205,4475,송파파인타운 4단지 403동,송파구,658.0,
202205,4478,문정근린공원2,송파구,1591.0,
202205,4479,문정중학교,송파구,278.0,
202205,4480,가락시장 남1문 사거리,송파구,1176.0,
202205,4481,올림픽공원 북2문 2,송파구,3197.0,
202205,4483,잠실나들목4,송파구,4024.0,
202205,4484,잠실나루역4번출구뒤,송파구,2901.0,
202205,4485,잠실나루역 고가하부,송파구,785.0,
202205,4486,홈플러스 잠실점,송파구,2884.0,
202205,4488,문현중.고등학교 사이,송파구,293.0,
202205,4490,송파파인타운 10단지 1005동,송파구,521.0,
202205,4491,장지역 1번출구,송파구,2273.0,
202205,4493,마천사거리 2,송파구,1049.0,
202205,4496,잠실 파크리오 120동 앞,송파구,1946.0,
202205,4497,아시아선수촌아파트 교차로,송파구,1259.0,
202205,4499,세양청마루 101동 앞,송파구,1080.0,
202205,4500,풍납나들목,송파구,2552.0,
202205,4852,서울복합물류 게이트 1,송파구,1686.0,
202205,4853,송파 안전체험교육관,송파구,171.0,
202205,4854,가락시장역 2번 출구,송파구,1862.0,
202205,4855,거여5단지 503동 앞,송파구,958.0,
202205,4856,올림픽공원 서1문 앞,송파구,1329.0,
202205,4857,올림픽공원 장미광장,송파구,1401.0,
202205,4859,잠실나루 나들목,송파구,3002.0,
202205,4860,가락쌍용2차아파트 103동,송파구,1241.0,
202205,4861,거여삼거리,송파구,158.0,
202205,4862,성내교 남단,송파구,792.0,
202205,4863,잠실나들목5,송파구,1059.0,
202205,4864,송파사거리,송파구,4170.0,
202205,4865,한성백제역 1번출구 뒤,송파구,4464.0,
202205,4867,가락대림아파트 앞,송파구,1781.0,
202205,4868,석촌호수 서호 남단,송파구,3599.0,
202205,4869,잠실나들목6,송파구,1741.0,
202205,4870,몽촌토성역 3번 출구,송파구,7170.0,
202205,4871,오금동 대림아파트 정문,송파구,965.0,
202205,4872,개롱역 3번 출구 뒤,송파구,1939.0,
202205,4873,개롱역사거리 2번 출구,송파구,1793.0,
202205,4874,탄천1교 하부보도,송파구,875.0,
202205,4875,위례포레샤인13단지,송파구,2087.0,
202205,4876,삼전동주민센터 앞,송파구,2630.0,
202205,4879,마천청소년센터,송파구,389.0,
202205,4880,송파청소년센터,송파구,1096.0,
202205,4881,거여동사거리 송파둘레길 입구,송파구,395.0,
202205,4882,위례포레샤인18단지 1802동,송파구,481.0,
202205,4883,위례포레샤인18단지 1812동,송파구,289.0,
202205,4884,H비즈니스파크,송파구,1920.0,
202205,4885,가든파이브 리빙관,송파구,417.0,
202205,4886,배명고등학교 건너편,송파구,1132.0,
202205,4887,호돌이상가,송파구,915.0,
202205,4888,둔촌오륜역 2번출구,송파구,530.0,
202205,4889,마천역 1번 출구 인근②,송파구,548.0,
202205,4891,위례포레샤인17단지 위례대로 방면,송파구,1814.0,
202205,4892,성내유수지 체육공원,송파구,557.0,
202205,4893,문정법조단지12,송파구,1329.0,
202205,4894,문정법조단지13,송파구,1904.0,
202205,4895,위례포레샤인15단지 상가,송파구,1566.0,
202205,4896,위례포레샤인15단지,송파구,293.0,
202205,4897,잠실주공5단지1,송파구,2922.0,
202205,5751,송파여성축구장,송파구,134.0,
202205,5752,풍납백제문화공원 옆 인근,송파구,320.0,
202205,5753,호반써밋,송파구,234.0,
202206,1201,가락시장역 3번 출구,송파구,3007.0,
202206,1203,밀리아나2빌딩 앞,송파구,2891.0,
202206,1204,거여역 3번출구,송파구,2351.0,
202206,1205,종합운동장역 4번출구,송파구,2400.0,
202206,1206,9호선종합운동장역 9번출구,송파구,1705.0,
202206,1207,마천중앙시장,송파구,1137.0,
202206,1208,풍납현대아파트쉼터,송파구,2502.0,
202206,1209,잠실나루역 (2번 출구 쪽),송파구,3757.0,
202206,1210,롯데월드타워(잠실역2번출구 쪽),송파구,11780.0,
202206,1211,방이삼거리,송파구,5600.0,
202206,1212,송파역 2번 출구앞,송파구,2243.0,
202206,1213,백토공원 앞,송파구,516.0,
202206,1214,오금역 7번 출구 인근,송파구,1664.0,
202206,1215,올림픽공원역 1번출구 앞,송파구,2526.0,
202206,1217,송파파인타운 7단지,송파구,1029.0,
202206,1218,방이역 4번출구,송파구,4090.0,
202206,1220,잠실근린공원,송파구,2938.0,
202206,1221,삼전역 4번출구,송파구,2571.0,
202206,1222,잠실새내역 5번 출구 뒤,송파구,5071.0,
202206,1224,아시아지하보도 2번 출구,송파구,2166.0,
202206,1226,잠실4동 주민센터 옆,송파구,2201.0,
202206,1227,거여역 8번출구 뒤,송파구,2265.0,
202206,1228,마천사거리,송파구,1571.0,
202206,1229,송파체육문화회관 앞,송파구,1841.0,
202206,1230,송파중학교 정문,송파구,1037.0,
202206,1231,잠실역 6번출구,송파구,3107.0,
202206,1232,잠실주공 521동 건너편,송파구,3521.0,
202206,1233,잠실3거리(갤러리아팰리스),송파구,1563.0,
202206,1235,잠실트리지움310동 옆,송파구,2565.0,
202206,1239,문정 법조단지3,송파구,620.0,
202206,1240,문정 법조단지4,송파구,1027.0,
202206,1241,문정 법조단지5,송파구,706.0,
202206,1242,문정 법조단지6,송파구,209.0,
202206,1243,문정 법조단지7,송파구,2938.0,
202206,1244,문정 법조단지8,송파구,3298.0,
202206,1245,문정 법조단지9,송파구,2105.0,
202206,1246,문정 법조단지10,송파구,2440.0,
202206,1247,문정 법조단지11,송파구,1230.0,
202206,1248,방이초등학교,송파구,3462.0,
202206,1249,아주중학교건너편,송파구,1826.0,
202206,1250,문정2동 주민센터,송파구,232.0,
202206,1251,석촌역 2번출구,송파구,3899.0,
202206,1253,오금역 3번 출구 뒤,송파구,1196.0,
202206,1256,문정현대아파트 교차로,송파구,999.0,
202206,1257,가락시장역 사거리,송파구,1608.0,
202206,1258,가락미륭아파트 앞,송파구,539.0,
202206,1259,방이역 1번출구,송파구,2278.0,
202206,1260,방이동 한양3차아파트 옆,송파구,1667.0,
202206,1262,송파여성문화회관 앞,송파구,3004.0,
202206,1263,장지공영차고지,송파구,436.0,
202206,1264,천호역 10번 출구 앞,송파구,4725.0,
202206,1265,문정동 근린공원,송파구,1625.0,
202206,1266,문정동 글샘 공원,송파구,965.0,
202206,1267,올림픽공원 남2문 앞,송파구,1671.0,
202206,1268,몽촌토성역 1번출구 옆,송파구,2952.0,
202206,1269,리센츠아파트,송파구,2335.0,
202206,1271,송파도서관,송파구,1232.0,
202206,1274,영파여고 앞,송파구,1765.0,
202206,1275,거여초등학교 옆,송파구,765.0,
202206,1277,성내6교,송파구,1637.0,
202206,1278,송파구청 교차로,송파구,2556.0,
202206,1279,마천금호어울림 1차아파트 건너편,송파구,564.0,
202206,1280,송파파크데일 2단지입구 앞 주차장,송파구,857.0,
202206,1282,송파소방서 맞은편(성내4교),송파구,2466.0,
202206,1283,오금공원 사거리,송파구,259.0,
202206,1285,위례별 유치원 뒤,송파구,759.0,
202206,1286,위례중앙푸르지오 1단지 앞,송파구,1818.0,
202206,1287,위례아이파크 101동 맞은편,송파구,675.0,
202206,1288,문정중교 사거리,송파구,1514.0,
202206,1289,풍납토성 서성벽터B,송파구,594.0,
202206,1290,위례송파꿈에그린아파트24단지 앞 성벽 다리 밑,송파구,453.0,
202206,1291,서울체육고등학교 앞,송파구,908.0,
202206,1293,석촌호수 서호 사거리,송파구,4064.0,
202206,1295,잠실역 8번출구,송파구,5571.0,
202206,1296,석촌호수교차로 (송파나루근린공원 앞),송파구,1075.0,
202206,1297,석촌호수교차로(동호 팔각정 앞),송파구,2854.0,
202206,1299,송파소방서 (방이119안전센터),송파구,846.0,
202206,1300,오륜사거리,송파구,1182.0,
202206,2601,석촌호수 아뜰리에,송파구,3238.0,
202206,2603,송파 글마루 도서관,송파구,1013.0,
202206,2604,풍납토성 서성벽터A,송파구,1701.0,
202206,2605,복정역 1번 출구 앞,송파구,2067.0,
202206,2606,위례동주민센터 맞은편 근린공원,송파구,3627.0,
202206,2608,송파구청,송파구,7521.0,
202206,2609,보성중고등학교 후문 앞,송파구,363.0,
202206,2610,송리단길,송파구,4138.0,
202206,2611,송파지역자활센터 뒤,송파구,2631.0,
202206,2612,문정·가락 대여소 앞,송파구,78.0,
202206,2613,잠실나들목,송파구,3334.0,
202206,2614,가락고등학교 앞,송파구,625.0,
202206,2615,테라타워2,송파구,3103.0,
202206,2616,거여동 사거리,송파구,593.0,
202206,2617,가락삼환아파트 앞,송파구,835.0,
202206,2618,삼전역 1번출구,송파구,2270.0,
202206,2619,석촌고분역 4번출구,송파구,2727.0,
202206,2620,송파나루역 4번 출구옆,송파구,6795.0,
202206,2621,한성백제역 2번 출구,송파구,4005.0,
202206,2622,올림픽공원역 3번출구,송파구,8582.0,
202206,2623,석촌동 주민센터,송파구,3784.0,
202206,2625,가락종합 사회복지관,송파구,796.0,
202206,2626,"경찰병원역 1,2번 출구 사이",송파구,1125.0,
202206,2627,문정시영아파트 5동 앞 공원,송파구,986.0,
202206,2628,문정역 1번출구,송파구,2794.0,
202206,2630,서울방이동 고분군,송파구,2717.0,
202206,2631,배명고등학교,송파구,934.0,
202206,2632,석촌고분역 2번 출구,송파구,3377.0,
202206,2633,송파학사 옆,송파구,1756.0,
202206,2634,위례포레샤인아파트 2318동,송파구,1025.0,
202206,2635,잠실새내역 1번출구,송파구,2930.0,
202206,2637,아시아지하보도 14번 출구,송파구,3244.0,
202206,2638,쌍용아파트,송파구,2401.0,
202206,2639,석촌역 8번출구,송파구,4176.0,
202206,2641,송파역 4번출구,송파구,3715.0,
202206,2642,마천동 성내천 쉼터,송파구,1657.0,
202206,2643,풍납중학교 측면,송파구,645.0,
202206,2644,성내5교,송파구,1959.0,
202206,2645,잠실나들목2(엘스아파트136동),송파구,669.0,
202206,2646,레이크펠리스101동앞,송파구,3976.0,
202206,2647,잠실 자전거 수리센터 앞,송파구,3481.0,
202206,2648,헬리오시티 112동 앞,송파구,2030.0,
202206,2649,오금공원사거리2,송파구,479.0,
202206,2650,위례22단지 2208동 다리앞,송파구,549.0,
202206,2651,경찰병원역 3번출구 앞,송파구,1815.0,
202206,2652,송파 레미니스1단지 102동 앞,송파구,1259.0,
202206,2653,올림픽공원사거리(선수촌아파트),송파구,2092.0,
202206,2654,올림픽선수촌아파트 136동 앞,송파구,1038.0,
202206,2655,송이공원,송파구,893.0,
202206,2656,풍납동 아이파크 107동 앞,송파구,1551.0,
202206,2657,송파 파인타운 11단지,송파구,1038.0,
202206,2658,가락몰 업무동,송파구,1776.0,
202206,2659,서울친환경유통센터,송파구,221.0,
202206,4452,삼성SDS,송파구,3233.0,
202206,4453,위례중앙푸르지오 201동 앞,송파구,2777.0,
202206,4454,위례 포레샤인 1809동 부근,송파구,543.0,
202206,4456,위례포레샤인 2310동 부근,송파구,1210.0,
202206,4457,아산병원 기숙사 부근,송파구,4188.0,
202206,4458,가락2동주민센터 인근,송파구,875.0,
202206,4460,올림픽훼미리아파트 112동 앞,송파구,1528.0,
202206,4461,한양3차아파트 3동 앞,송파구,336.0,
202206,4462,가락중학교 앞,송파구,877.0,
202206,4463,방이역 2번 출구,송파구,1088.0,
202206,4464,올림픽공원 북2문,송파구,2424.0,
202206,4465,건영아파트앞 사거리,송파구,2222.0,
202206,4467,한림연예예술고등학교,송파구,1205.0,
202206,4468,가락1동주민센터,송파구,1392.0,
202206,4469,거여동 어울림아파트 102동앞,송파구,964.0,
202206,4472,송파파크데일 1단지 115동 건너편,송파구,799.0,
202206,4473,마천금호어울림 1차 102동앞,송파구,302.0,
202206,4474,가락현대 1차 11동 앞,송파구,666.0,
202206,4475,송파파인타운 4단지 403동,송파구,629.0,
202206,4478,문정근린공원2,송파구,1592.0,
202206,4479,문정중학교,송파구,208.0,
202206,4480,가락시장 남1문 사거리,송파구,905.0,
202206,4481,올림픽공원 북2문 2,송파구,3449.0,
202206,4483,잠실나들목4,송파구,2712.0,
202206,4484,잠실나루역4번출구뒤,송파구,2116.0,
202206,4485,잠실나루역 고가하부,송파구,542.0,
202206,4486,홈플러스 잠실점,송파구,2312.0,
202206,4488,문현중.고등학교 사이,송파구,238.0,
202206,4490,송파파인타운 10단지 1005동,송파구,474.0,
202206,4491,장지역 1번출구,송파구,1834.0,
202206,4493,마천사거리 2,송파구,736.0,
202206,4496,잠실 파크리오 120동 앞,송파구,1647.0,
202206,4497,아시아선수촌아파트 교차로,송파구,1138.0,
202206,4499,세양청마루 101동 앞,송파구,969.0,
202206,4500,풍납나들목,송파구,1985.0,
202206,4852,서울복합물류 게이트 1,송파구,1455.0,
202206,4853,송파 안전체험교육관,송파구,148.0,
202206,4854,가락시장역 2번 출구,송파구,1503.0,
202206,4855,거여5단지 503동 앞,송파구,994.0,
202206,4856,올림픽공원 서1문 앞,송파구,1024.0,
202206,4857,올림픽공원 장미광장,송파구,978.0,
202206,4859,잠실나루 나들목,송파구,2270.0,
202206,4860,가락쌍용2차아파트 103동,송파구,1079.0,
202206,4862,성내교 남단,송파구,682.0,
202206,4863,잠실나들목5,송파구,810.0,
202206,4864,송파사거리,송파구,3675.0,
202206,4865,한성백제역 1번출구 뒤,송파구,3808.0,
202206,4867,가락대림아파트 앞,송파구,1542.0,
202206,4868,석촌호수 서호 남단,송파구,3103.0,
202206,4869,잠실나들목6,송파구,1249.0,
202206,4870,몽촌토성역 3번 출구,송파구,6127.0,
202206,4871,오금동 대림아파트 정문,송파구,841.0,
202206,4872,개롱역 3번 출구 뒤,송파구,1582.0,
202206,4873,개롱역사거리 2번 출구,송파구,1627.0,
202206,4874,탄천1교 하부보도,송파구,703.0,
202206,4875,위례포레샤인13단지,송파구,1207.0,
202206,4876,삼전동주민센터 앞,송파구,2336.0,
202206,4879,마천청소년센터,송파구,321.0,
202206,4880,송파청소년센터,송파구,963.0,
202206,4881,거여동사거리 송파둘레길 입구,송파구,364.0,
202206,4882,위례포레샤인18단지 1802동,송파구,537.0,
202206,4883,위례포레샤인18단지 1812동,송파구,497.0,
202206,4884,H비즈니스파크,송파구,1606.0,
202206,4885,가든파이브 리빙관,송파구,421.0,
202206,4886,배명고등학교 건너편,송파구,988.0,
202206,4887,호돌이상가,송파구,833.0,
202206,4888,둔촌오륜역 2번출구,송파구,452.0,
202206,4889,마천역 1번 출구 인근②,송파구,946.0,
202206,4891,위례포레샤인17단지 위례대로 방면,송파구,1464.0,
202206,4892,성내유수지 체육공원,송파구,358.0,
202206,4893,문정법조단지12,송파구,1102.0,
202206,4894,문정법조단지13,송파구,1499.0,
202206,4895,위례포레샤인15단지 상가,송파구,1320.0,
202206,4896,위례포레샤인15단지,송파구,274.0,
202206,4897,잠실주공5단지1,송파구,2720.0,
202206,5751,송파여성축구장,송파구,469.0,
202206,5752,풍납백제문화공원 옆 인근,송파구,2181.0,
202206,5753,호반써밋,송파구,1352.0,
202207,1201,가락시장역 3번 출구,송파구,2841.0,2869.0
202207,1203,밀리아나2빌딩 앞,송파구,2655.0,2639.0
202207,1204,거여역 3번출구,송파구,2068.0,2072.0
202207,1205,종합운동장역 4번출구,송파구,2079.0,1746.0
202207,1206,9호선종합운동장역 9번출구,송파구,1670.0,1575.0
202207,1207,마천중앙시장,송파구,1127.0,1186.0
202207,1208,풍납현대아파트쉼터,송파구,2331.0,2338.0
202207,1209,잠실나루역 (2번 출구 쪽),송파구,3275.0,3250.0
202207,1210,롯데월드타워(잠실역2번출구 쪽),송파구,10849.0,10842.0
202207,1211,방이삼거리,송파구,5007.0,5025.0
202207,1212,송파역 2번 출구앞,송파구,1982.0,1981.0
202207,1213,백토공원 앞,송파구,448.0,441.0
202207,1214,오금역 7번 출구 인근,송파구,1392.0,1388.0
202207,1215,올림픽공원역 1번출구 앞,송파구,2375.0,2370.0
202207,1217,송파파인타운 7단지,송파구,1086.0,1094.0
202207,1218,방이역 4번출구,송파구,3578.0,3577.0
202207,1220,잠실근린공원,송파구,2800.0,3081.0
202207,1221,삼전역 4번출구,송파구,2369.0,2518.0
202207,1222,잠실새내역 5번 출구 뒤,송파구,4825.0,4819.0
202207,1224,아시아지하보도 2번 출구,송파구,1879.0,1804.0
202207,1226,잠실4동 주민센터 옆,송파구,2140.0,2130.0
202207,1227,거여역 8번출구 뒤,송파구,1978.0,1995.0
202207,1228,마천사거리,송파구,1300.0,1453.0
202207,1229,송파체육문화회관 앞,송파구,1694.0,1695.0
202207,1230,송파중학교 정문,송파구,864.0,811.0
202207,1231,잠실역 6번출구,송파구,2843.0,2985.0
202207,1232,잠실주공 521동 건너편,송파구,3504.0,3536.0
202207,1233,잠실3거리(갤러리아팰리스),송파구,1412.0,1359.0
202207,1235,잠실트리지움310동 옆,송파구,2406.0,2438.0
202207,1239,문정 법조단지3,송파구,616.0,554.0
202207,1240,문정 법조단지4,송파구,779.0,743.0
202207,1241,문정 법조단지5,송파구,571.0,492.0
202207,1242,문정 법조단지6,송파구,98.0,81.0
202207,1243,문정 법조단지7,송파구,2879.0,2919.0
202207,1244,문정 법조단지8,송파구,3260.0,3258.0
202207,1245,문정 법조단지9,송파구,1967.0,1936.0
202207,1246,문정 법조단지10,송파구,2206.0,2205.0
202207,1247,문정 법조단지11,송파구,1078.0,1004.0
202207,1248,방이초등학교,송파구,3083.0,2669.0
202207,1249,아주중학교건너편,송파구,1844.0,2074.0
202207,1250,문정2동 주민센터,송파구,194.0,171.0
202207,1251,석촌역 2번출구,송파구,3790.0,3790.0
202207,1253,오금역 3번 출구 뒤,송파구,1069.0,1066.0
202207,1256,문정현대아파트 교차로,송파구,991.0,978.0
202207,1257,가락시장역 사거리,송파구,1785.0,1781.0
202207,1258,가락미륭아파트 앞,송파구,514.0,474.0
202207,1259,방이역 1번출구,송파구,2024.0,2015.0
202207,1260,방이동 한양3차아파트 옆,송파구,1611.0,1598.0
202207,1262,송파여성문화회관 앞,송파구,3090.0,3080.0
202207,1263,장지공영차고지,송파구,412.0,424.0
202207,1264,천호역 10번 출구 앞,송파구,4432.0,4451.0
202207,1265,문정동 근린공원,송파구,1643.0,1670.0
202207,1266,문정동 글샘 공원,송파구,907.0,758.0
202207,1267,올림픽공원 남2문 앞,송파구,1400.0,1206.0
202207,1268,몽촌토성역 1번출구 옆,송파구,2154.0,2058.0
202207,1269,리센츠아파트,송파구,2312.0,1859.0
202207,1271,송파도서관,송파구,1208.0,1218.0
202207,1274,영파여고 앞,송파구,1627.0,1584.0
202207,1275,거여초등학교 옆,송파구,760.0,876.0
202207,1277,성내6교,송파구,1411.0,1622.0
202207,1278,송파구청 교차로,송파구,2345.0,2342.0
202207,1279,마천금호어울림 1차아파트 건너편,송파구,446.0,445.0
202207,1280,송파파크데일 2단지입구 앞 주차장,송파구,816.0,772.0
202207,1282,송파소방서 맞은편(성내4교),송파구,2363.0,2561.0
202207,1283,오금공원 사거리,송파구,217.0,171.0
202207,1285,위례별 유치원 뒤,송파구,562.0,558.0
202207,1286,위례중앙푸르지오 1단지 앞,송파구,1524.0,1526.0
202207,1287,위례아이파크 101동 맞은편,송파구,597.0,578.0
202207,1288,문정중교 사거리,송파구,1468.0,1117.0
202207,1289,풍납토성 서성벽터B,송파구,481.0,486.0
202207,1290,위례송파꿈에그린아파트24단지 앞 성벽 다리 밑,송파구,375.0,366.0
202207,1291,서울체육고등학교 앞,송파구,689.0,684.0
202207,1293,석촌호수 서호 사거리,송파구,3998.0,3989.0
202207,1295,잠실역 8번출구,송파구,4888.0,4877.0
202207,1296,석촌호수교차로 (송파나루근린공원 앞),송파구,809.0,803.0
202207,1297,석촌호수교차로(동호 팔각정 앞),송파구,2387.0,2377.0
202207,1299,송파소방서 (방이119안전센터),송파구,852.0,837.0
202207,1300,오륜사거리,송파구,1007.0,1088.0
202207,2601,석촌호수 아뜰리에,송파구,3330.0,3321.0
202207,2603,송파 글마루 도서관,송파구,1028.0,1005.0
202207,2604,풍납토성 서성벽터A,송파구,1705.0,1823.0
202207,2605,복정역 1번 출구 앞,송파구,1619.0,1666.0
202207,2606,위례동주민센터 맞은편 근린공원,송파구,3216.0,3235.0
202207,2608,송파구청,송파구,6915.0,6940.0
202207,2609,보성중고등학교 후문 앞,송파구,262.0,257.0
202207,2610,송리단길,송파구,4426.0,4426.0
202207,2611,송파지역자활센터 뒤,송파구,2468.0,2634.0
202207,2612,문정·가락 대여소 앞,송파구,41.0,35.0
202207,2613,잠실나들목,송파구,2753.0,2789.0
202207,2614,가락고등학교 앞,송파구,528.0,511.0
202207,2615,테라타워2,송파구,3050.0,3031.0
202207,2616,거여동 사거리,송파구,656.0,643.0
202207,2617,가락삼환아파트 앞,송파구,722.0,664.0
202207,2618,삼전역 1번출구,송파구,2134.0,2190.0
202207,2619,석촌고분역 4번출구,송파구,2611.0,2704.0
202207,2620,송파나루역 4번 출구옆,송파구,6415.0,6504.0
202207,2621,한성백제역 2번 출구,송파구,3036.0,3011.0
202207,2622,올림픽공원역 3번출구,송파구,6672.0,6634.0
202207,2623,석촌동 주민센터,송파구,3714.0,3674.0
202207,2625,가락종합 사회복지관,송파구,771.0,796.0
202207,2626,"경찰병원역 1,2번 출구 사이",송파구,1050.0,1051.0
202207,2627,문정시영아파트 5동 앞 공원,송파구,901.0,574.0
202207,2628,문정역 1번출구,송파구,2924.0,2945.0
202207,2630,서울방이동 고분군,송파구,2350.0,2293.0
202207,2631,배명고등학교,송파구,854.0,1027.0
202207,2632,석촌고분역 2번 출구,송파구,3463.0,3490.0
202207,2633,송파학사 옆,송파구,1450.0,1357.0
202207,2634,위례포레샤인아파트 2318동,송파구,968.0,997.0
202207,2635,잠실새내역 1번출구,송파구,2764.0,2628.0
202207,2637,아시아지하보도 14번 출구,송파구,2949.0,2911.0
202207,2638,쌍용아파트,송파구,2278.0,2322.0
202207,2639,석촌역 8번출구,송파구,4340.0,4313.0
202207,2641,송파역 4번출구,송파구,3530.0,3556.0
202207,2642,마천동 성내천 쉼터,송파구,1485.0,1547.0
202207,2643,풍납중학교 측면,송파구,370.0,351.0
202207,2644,성내5교,송파구,1672.0,1727.0
202207,2645,잠실나들목2(엘스아파트136동),송파구,868.0,863.0
202207,2646,레이크펠리스101동앞,송파구,3996.0,4029.0
202207,2647,잠실 자전거 수리센터 앞,송파구,3425.0,3461.0
202207,2648,헬리오시티 112동 앞,송파구,1733.0,1642.0
202207,2649,오금공원사거리2,송파구,351.0,305.0
202207,2650,위례22단지 2208동 다리앞,송파구,523.0,531.0
202207,2651,경찰병원역 3번출구 앞,송파구,1578.0,1549.0
202207,2652,송파 레미니스1단지 102동 앞,송파구,1274.0,1152.0
202207,2653,올림픽공원사거리(선수촌아파트),송파구,1887.0,1869.0
202207,2654,올림픽선수촌아파트 136동 앞,송파구,989.0,862.0
202207,2655,송이공원,송파구,880.0,814.0
202207,2656,풍납동 아이파크 107동 앞,송파구,1536.0,1525.0
202207,2657,송파 파인타운 11단지,송파구,1028.0,994.0
202207,2658,가락몰 업무동,송파구,1779.0,1830.0
202207,2659,서울친환경유통센터,송파구,233.0,220.0
202207,4452,삼성SDS,송파구,3073.0,3142.0
202207,4453,위례중앙푸르지오 201동 앞,송파구,2392.0,2389.0
202207,4454,위례 포레샤인 1809동 부근,송파구,354.0,243.0
202207,4456,위례포레샤인 2310동 부근,송파구,1084.0,1090.0
202207,4457,아산병원 기숙사 부근,송파구,3940.0,4063.0
202207,4458,가락2동주민센터 인근,송파구,704.0,705.0
202207,4460,올림픽훼미리아파트 112동 앞,송파구,1446.0,1485.0
202207,4461,한양3차아파트 3동 앞,송파구,255.0,248.0
202207,4462,가락중학교 앞,송파구,845.0,830.0
202207,4463,방이역 2번 출구,송파구,930.0,931.0
202207,4464,올림픽공원 북2문,송파구,2262.0,2327.0
202207,4465,건영아파트앞 사거리,송파구,2377.0,2366.0
202207,4467,한림연예예술고등학교,송파구,1322.0,1194.0
202207,4468,가락1동주민센터,송파구,1387.0,1366.0
202207,4469,거여동 어울림아파트  102동앞,송파구,755.0,748.0
202207,4472,송파파크데일 1단지 115동 건너편,송파구,640.0,628.0
202207,4473,마천금호어울림 1차 102동앞,송파구,279.0,278.0
202207,4474,가락현대 1차 11동 앞,송파구,545.0,536.0
202207,4475,송파파인타운 4단지 403동,송파구,627.0,583.0
202207,4478,문정근린공원2,송파구,1501.0,1497.0
202207,4479,문정중학교,송파구,195.0,196.0
202207,4480,가락시장 남1문 사거리,송파구,866.0,873.0
202207,4481,올림픽공원 북2문 2,송파구,3407.0,3453.0
202207,4483,잠실나들목4,송파구,2184.0,2273.0
202207,4484,잠실나루역4번출구뒤,송파구,1946.0,1934.0
202207,4485,잠실나루역 고가하부,송파구,736.0,544.0
202207,4486,홈플러스 잠실점,송파구,2412.0,2400.0
202207,4488,문현중.고등학교 사이,송파구,259.0,231.0
202207,4490,송파파인타운 10단지 1005동,송파구,493.0,461.0
202207,4491,장지역 1번출구,송파구,1826.0,1771.0
202207,4493,마천사거리 2,송파구,673.0,746.0
202207,4496,잠실 파크리오 120동 앞,송파구,1668.0,1656.0
202207,4497,아시아선수촌아파트 교차로,송파구,1078.0,1104.0
202207,4499,세양청마루 101동 앞,송파구,677.0,440.0
202207,4500,풍납나들목,송파구,1656.0,1696.0
202207,4852,서울복합물류 게이트 1,송파구,1725.0,1732.0
202207,4853,송파 안전체험교육관,송파구,139.0,137.0
202207,4854,가락시장역 2번 출구,송파구,1371.0,1375.0
202207,4855,거여5단지 503동 앞,송파구,1101.0,1097.0
202207,4856,올림픽공원 서1문 앞,송파구,940.0,938.0
202207,4857,올림픽공원 장미광장,송파구,589.0,559.0
202207,4859,잠실나루 나들목,송파구,1987.0,1978.0
202207,4860,가락쌍용2차아파트 103동,송파구,865.0,854.0
202207,4862,성내교 남단,송파구,557.0,532.0
202207,4863,잠실나들목5,송파구,739.0,767.0
202207,4864,송파사거리,송파구,3770.0,3777.0
202207,4865,한성백제역 1번출구 뒤,송파구,3692.0,3676.0
202207,4867,가락대림아파트 앞,송파구,1317.0,1283.0
202207,4868,석촌호수 서호 남단,송파구,3364.0,3344.0
202207,4869,잠실나들목6,송파구,907.0,940.0
202207,4870,몽촌토성역 3번 출구,송파구,5938.0,5914.0
202207,4871,오금동 대림아파트 정문,송파구,787.0,769.0
202207,4872,개롱역 3번 출구 뒤,송파구,1270.0,1288.0
202207,4873,개롱역사거리 2번 출구,송파구,1387.0,1386.0
202207,4874,탄천1교 하부보도,송파구,686.0,757.0
202207,4875,위례포레샤인13단지,송파구,1104.0,1080.0
202207,4876,삼전동주민센터 앞,송파구,2377.0,2855.0
202207,4879,마천청소년센터,송파구,274.0,272.0
202207,4880,송파청소년센터,송파구,922.0,930.0
202207,4881,거여동사거리 송파둘레길 입구,송파구,322.0,322.0
202207,4882,위례포레샤인18단지 1802동,송파구,434.0,419.0
202207,4883,위례포레샤인18단지 1812동,송파구,290.0,237.0
202207,4884,H비즈니스파크,송파구,1711.0,1755.0
202207,4885,가든파이브 리빙관,송파구,389.0,390.0
202207,4886,배명고등학교 건너편,송파구,946.0,1070.0
202207,4887,호돌이상가,송파구,814.0,836.0
202207,4888,둔촌오륜역 2번출구,송파구,423.0,379.0
202207,4889,마천역 1번 출구 인근②,송파구,867.0,791.0
202207,4891,위례포레샤인17단지 위례대로 방면,송파구,1433.0,1430.0
202207,4892,성내유수지 체육공원,송파구,301.0,282.0
202207,4893,문정법조단지12,송파구,1408.0,1434.0
202207,4894,문정법조단지13,송파구,1962.0,2285.0
202207,4895,위례포레샤인15단지 상가,송파구,1238.0,1245.0
202207,4896,위례포레샤인15단지,송파구,252.0,229.0
202207,4897,잠실주공5단지1,송파구,2871.0,2810.0
202207,5751,송파여성축구장,송파구,419.0,410.0
202207,5752,풍납백제문화공원 옆 인근,송파구,2394.0,2536.0
202207,5753,호반써밋,송파구,1176.0,1141.0
202208,1201,가락시장역 3번 출구,송파구,2229.0,2245.0
202208,1203,밀리아나2빌딩 앞,송파구,2400.0,2412.0
202208,1204,거여역 3번출구,송파구,1885.0,1902.0
202208,1205,종합운동장역 4번출구,송파구,1848.0,1525.0
202208,1206,9호선종합운동장역 9번출구,송파구,1489.0,1341.0
202208,1207,마천중앙시장,송파구,886.0,977.0
202208,1208,풍납현대아파트쉼터,송파구,2272.0,2263.0
202208,1209,잠실나루역 (2번 출구 쪽),송파구,2907.0,2895.0
202208,1210,롯데월드타워(잠실역2번출구 쪽),송파구,9142.0,9106.0
202208,1211,방이삼거리,송파구,5790.0,6042.0
202208,1212,송파역 2번 출구앞,송파구,1663.0,1690.0
202208,1213,백토공원 앞,송파구,357.0,345.0
202208,1214,오금역 7번 출구 인근,송파구,1133.0,1136.0
202208,1215,올림픽공원역 1번출구 앞,송파구,2082.0,2033.0
202208,1217,송파파인타운 7단지,송파구,907.0,909.0
202208,1218,방이역 4번출구,송파구,3029.0,3029.0
202208,1220,잠실근린공원,송파구,2590.0,2840.0
202208,1221,삼전역 4번출구,송파구,2135.0,2295.0
202208,1222,잠실새내역 5번 출구 뒤,송파구,4360.0,4355.0
202208,1224,아시아지하보도 2번 출구,송파구,1576.0,1560.0
202208,1226,잠실4동 주민센터 옆,송파구,2018.0,2033.0
202208,1227,거여역 8번출구 뒤,송파구,1817.0,1815.0
202208,1228,마천사거리,송파구,1129.0,1276.0
202208,1229,송파체육문화회관 앞,송파구,1533.0,1495.0
202208,1230,송파중학교 정문,송파구,693.0,660.0
202208,1231,잠실역 6번출구,송파구,2689.0,2783.0
202208,1232,잠실주공 521동 건너편,송파구,2994.0,3152.0
202208,1233,잠실3거리(갤러리아팰리스),송파구,1416.0,1157.0
202208,1235,잠실트리지움310동 옆,송파구,2226.0,2227.0
202208,1239,문정 법조단지3,송파구,604.0,542.0
202208,1240,문정 법조단지4,송파구,824.0,720.0
202208,1241,문정 법조단지5,송파구,443.0,344.0
202208,1242,문정 법조단지6,송파구,115.0,83.0
202208,1243,문정 법조단지7,송파구,2426.0,2441.0
202208,1244,문정 법조단지8,송파구,2844.0,2785.0
202208,1245,문정 법조단지9,송파구,1692.0,1640.0
202208,1246,문정 법조단지10,송파구,1971.0,1901.0
202208,1247,문정 법조단지11,송파구,1122.0,905.0
202208,1248,방이초등학교,송파구,2666.0,2325.0
202208,1249,아주중학교건너편,송파구,1601.0,1815.0
202208,1250,문정2동 주민센터,송파구,153.0,140.0
202208,1251,석촌역 2번출구,송파구,3290.0,3298.0
202208,1253,오금역 3번 출구 뒤,송파구,861.0,862.0
202208,1256,문정현대아파트 교차로,송파구,875.0,866.0
202208,1257,가락시장역 사거리,송파구,1535.0,1511.0
202208,1258,가락미륭아파트 앞,송파구,383.0,353.0
202208,1259,방이역 1번출구,송파구,1791.0,1782.0
202208,1260,방이동 한양3차아파트 옆,송파구,1488.0,1485.0
202208,1262,송파여성문화회관 앞,송파구,2805.0,2801.0
202208,1263,장지공영차고지,송파구,347.0,357.0
202208,1264,천호역 10번 출구 앞,송파구,4221.0,4219.0
202208,1265,문정동 근린공원,송파구,1373.0,1378.0
202208,1266,문정동 글샘 공원,송파구,880.0,714.0
202208,1267,올림픽공원 남2문 앞,송파구,1184.0,1136.0
202208,1268,몽촌토성역 1번출구 옆,송파구,2512.0,2495.0
202208,1269,리센츠아파트,송파구,2289.0,1813.0
202208,1271,송파도서관,송파구,1037.0,1032.0
202208,1274,영파여고 앞,송파구,1320.0,1279.0
202208,1275,거여초등학교 옆,송파구,694.0,853.0
202208,1277,성내6교,송파구,1258.0,1449.0
202208,1278,송파구청 교차로,송파구,2048.0,2050.0
202208,1279,마천금호어울림 1차아파트 건너편,송파구,375.0,378.0
202208,1280,송파파크데일 2단지입구 앞 주차장,송파구,670.0,659.0
202208,1282,송파소방서 맞은편(성내4교),송파구,2077.0,2239.0
202208,1283,오금공원 사거리,송파구,249.0,186.0
202208,1285,위례별 유치원 뒤,송파구,610.0,582.0
202208,1286,위례중앙푸르지오 1단지 앞,송파구,1360.0,1308.0
202208,1287,위례아이파크 101동 맞은편,송파구,599.0,572.0
202208,1288,문정중교 사거리,송파구,1288.0,1018.0
202208,1289,풍납토성 서성벽터B,송파구,532.0,559.0
202208,1290,위례송파꿈에그린아파트24단지 앞 성벽 다리 밑,송파구,347.0,363.0
202208,1291,서울체육고등학교 앞,송파구,680.0,718.0
202208,1293,석촌호수 서호 사거리,송파구,3459.0,3505.0
202208,1295,잠실역 8번출구,송파구,4489.0,4480.0
202208,1296,석촌호수교차로 (송파나루근린공원 앞),송파구,892.0,749.0
202208,1297,석촌호수교차로(동호 팔각정 앞),송파구,3147.0,3108.0
202208,1299,송파소방서 (방이119안전센터),송파구,724.0,689.0
202208,1300,오륜사거리,송파구,752.0,762.0
202208,2601,석촌호수 아뜰리에,송파구,3163.0,3120.0
202208,2603,송파 글마루 도서관,송파구,1059.0,989.0
202208,2604,풍납토성 서성벽터A,송파구,1677.0,1807.0
202208,2605,복정역 1번 출구 앞,송파구,1443.0,1443.0
202208,2606,위례동주민센터 맞은편 근린공원,송파구,2996.0,3148.0
202208,2608,송파구청,송파구,6513.0,6606.0
202208,2609,보성중고등학교 후문 앞,송파구,226.0,228.0
202208,2610,송리단길,송파구,1646.0,1687.0
202208,2611,송파지역자활센터 뒤,송파구,2287.0,2512.0
202208,2612,문정·가락 대여소 앞,송파구,76.0,49.0
202208,2613,잠실나들목,송파구,2897.0,2969.0
202208,2614,가락고등학교 앞,송파구,367.0,356.0
202208,2615,테라타워2,송파구,2563.0,2553.0
202208,2616,거여동 사거리,송파구,587.0,592.0
202208,2617,가락삼환아파트 앞,송파구,611.0,487.0
202208,2618,삼전역 1번출구,송파구,1836.0,1989.0
202208,2619,석촌고분역 4번출구,송파구,2280.0,2408.0
202208,2620,송파나루역 4번 출구옆,송파구,5801.0,5960.0
202208,2621,한성백제역 2번 출구,송파구,3244.0,3178.0
202208,2622,올림픽공원역 3번출구,송파구,6367.0,6206.0
202208,2623,석촌동 주민센터,송파구,3215.0,3219.0
202208,2625,가락종합 사회복지관,송파구,666.0,643.0
202208,2626,"경찰병원역 1,2번 출구 사이",송파구,981.0,982.0
202208,2627,문정시영아파트 5동 앞 공원,송파구,881.0,526.0
202208,2628,문정역 1번출구,송파구,2603.0,2578.0
202208,2630,서울방이동 고분군,송파구,2026.0,1932.0
202208,2631,배명고등학교,송파구,706.0,860.0
202208,2632,석촌고분역 2번 출구,송파구,3090.0,3248.0
202208,2633,송파학사 옆,송파구,1440.0,1324.0
202208,2634,위례포레샤인아파트 2318동,송파구,826.0,921.0
202208,2635,잠실새내역 1번출구,송파구,2636.0,2404.0
202208,2637,아시아지하보도 14번 출구,송파구,2575.0,2573.0
202208,2638,쌍용아파트,송파구,1261.0,1260.0
202208,2639,석촌역 8번출구,송파구,4052.0,3925.0
202208,2641,송파역 4번출구,송파구,3165.0,3148.0
202208,2642,마천동 성내천 쉼터,송파구,1200.0,1224.0
202208,2643,풍납중학교 측면,송파구,597.0,510.0
202208,2644,성내5교,송파구,1391.0,1521.0
202208,2645,잠실나들목2(엘스아파트136동),송파구,976.0,1004.0
202208,2646,레이크펠리스101동앞,송파구,3535.0,3504.0
202208,2647,잠실 자전거 수리센터 앞,송파구,3077.0,3104.0
202208,2648,헬리오시티 112동 앞,송파구,1454.0,1456.0
202208,2649,오금공원사거리2,송파구,313.0,257.0
202208,2650,위례22단지 2208동 다리앞,송파구,466.0,472.0
202208,2651,경찰병원역 3번출구 앞,송파구,1352.0,1362.0
202208,2652,송파 레미니스1단지 102동 앞,송파구,906.0,910.0
202208,2653,올림픽공원사거리(선수촌아파트),송파구,1744.0,1716.0
202208,2654,올림픽선수촌아파트 136동 앞,송파구,831.0,713.0
202208,2655,송이공원,송파구,709.0,644.0
202208,2656,풍납동 아이파크 107동 앞,송파구,1184.0,1170.0
202208,2657,송파 파인타운 11단지,송파구,950.0,904.0
202208,2658,가락몰 업무동,송파구,1588.0,1624.0
202208,2659,서울친환경유통센터,송파구,185.0,173.0
202208,4452,삼성SDS,송파구,2578.0,2613.0
202208,4453,위례중앙푸르지오 201동 앞,송파구,2337.0,2381.0
202208,4454,위례 포레샤인 1809동 부근,송파구,380.0,175.0
202208,4456,위례포레샤인 2310동 부근,송파구,830.0,912.0
202208,4457,아산병원 기숙사 부근,송파구,3262.0,3537.0
202208,4458,가락2동주민센터 인근,송파구,689.0,665.0
202208,4460,올림픽훼미리아파트 112동 앞,송파구,1339.0,1328.0
202208,4461,한양3차아파트 3동 앞,송파구,274.0,228.0
202208,4462,가락중학교 앞,송파구,770.0,761.0
202208,4463,방이역 2번 출구,송파구,769.0,763.0
202208,4464,올림픽공원 북2문,송파구,2089.0,2094.0
202208,4465,건영아파트앞 사거리,송파구,1932.0,1904.0
202208,4467,한림연예예술고등학교,송파구,1021.0,943.0
202208,4468,가락1동주민센터,송파구,1150.0,1104.0
202208,4469,거여동 어울림아파트  102동앞,송파구,680.0,674.0
202208,4472,송파파크데일 1단지 115동 건너편,송파구,529.0,535.0
202208,4473,마천금호어울림 1차 102동앞,송파구,252.0,234.0
202208,4474,가락현대 1차 11동 앞,송파구,445.0,402.0
202208,4475,송파파인타운 4단지 403동,송파구,562.0,548.0
202208,4478,문정근린공원2,송파구,1256.0,1257.0
202208,4479,문정중학교,송파구,144.0,140.0
202208,4480,가락시장 남1문 사거리,송파구,834.0,803.0
202208,4481,올림픽공원 북2문 2,송파구,3059.0,3140.0
202208,4483,잠실나들목4,송파구,2142.0,2254.0
202208,4484,잠실나루역4번출구뒤,송파구,1777.0,1778.0
202208,4485,잠실나루역 고가하부,송파구,666.0,521.0
202208,4486,홈플러스 잠실점,송파구,2099.0,2095.0
202208,4488,문현중.고등학교 사이,송파구,258.0,216.0
202208,4490,송파파인타운 10단지 1005동,송파구,407.0,396.0
202208,4491,장지역 1번출구,송파구,1503.0,1484.0
202208,4493,마천사거리 2,송파구,583.0,645.0
202208,4496,잠실 파크리오 120동 앞,송파구,1565.0,1563.0
202208,4497,아시아선수촌아파트 교차로,송파구,942.0,979.0
202208,4499,세양청마루 101동 앞,송파구,687.0,452.0
202208,4500,풍납나들목,송파구,804.0,879.0
202208,4852,서울복합물류 게이트 1,송파구,1457.0,1459.0
202208,4853,송파 안전체험교육관,송파구,111.0,111.0
202208,4854,가락시장역 2번 출구,송파구,1250.0,1233.0
202208,4855,거여5단지 503동 앞,송파구,947.0,920.0
202208,4856,올림픽공원 서1문 앞,송파구,823.0,816.0
202208,4857,올림픽공원 장미광장,송파구,564.0,558.0
202208,4859,잠실나루 나들목,송파구,1958.0,1990.0
202208,4860,가락쌍용2차아파트 103동,송파구,841.0,792.0
202208,4862,성내교 남단,송파구,551.0,524.0
202208,4863,잠실나들목5,송파구,534.0,595.0
202208,4864,송파사거리,송파구,3224.0,3211.0
202208,4865,한성백제역 1번출구 뒤,송파구,3231.0,3226.0
202208,4867,가락대림아파트 앞,송파구,1199.0,1189.0
202208,4868,석촌호수 서호 남단,송파구,3069.0,3131.0
202208,4869,잠실나들목6,송파구,905.0,987.0
202208,4870,몽촌토성역 3번 출구,송파구,5418.0,5417.0
202208,4871,오금동 대림아파트 정문,송파구,787.0,770.0
202208,4872,개롱역 3번 출구 뒤,송파구,1233.0,1223.0
202208,4873,개롱역사거리 2번 출구,송파구,1183.0,1183.0
202208,4874,탄천1교 하부보도,송파구,619.0,678.0
202208,4875,위례포레샤인13단지,송파구,1123.0,1118.0
202208,4876,삼전동주민센터 앞,송파구,2026.0,2565.0
202208,4879,마천청소년센터,송파구,207.0,198.0
202208,4880,송파청소년센터,송파구,897.0,828.0
202208,4881,거여동사거리 송파둘레길 입구,송파구,289.0,291.0
202208,4882,위례포레샤인18단지 1802동,송파구,418.0,397.0
202208,4883,위례포레샤인18단지 1812동,송파구,285.0,190.0
202208,4884,H비즈니스파크,송파구,1208.0,1293.0
202208,4885,가든파이브 리빙관,송파구,315.0,305.0
202208,4886,배명고등학교 건너편,송파구,925.0,999.0
202208,4887,호돌이상가,송파구,802.0,792.0
202208,4888,둔촌오륜역 2번출구,송파구,384.0,351.0
202208,4889,마천역 1번 출구 인근②,송파구,705.0,675.0
202208,4891,위례포레샤인17단지 위례대로 방면,송파구,1223.0,1212.0
202208,4892,성내유수지 체육공원,송파구,558.0,500.0
202208,4893,문정법조단지12,송파구,1140.0,1205.0
202208,4894,문정법조단지13,송파구,1421.0,1860.0
202208,4895,위례포레샤인15단지 상가,송파구,1093.0,1083.0
202208,4896,위례포레샤인15단지,송파구,192.0,194.0
202208,4897,잠실주공5단지1,송파구,2367.0,2355.0
202208,5751,송파여성축구장,송파구,389.0,386.0
202208,5752,풍납백제문화공원 옆 인근,송파구,2223.0,2427.0
202208,5753,호반써밋,송파구,1044.0,1003.0
202209,1201,가락시장역 3번 출구,송파구,3172.0,3169.0
202209,1203,밀리아나2빌딩 앞,송파구,3242.0,3252.0
202209,1204,거여역 3번출구,송파구,2378.0,2385.0
202209,1205,종합운동장역 4번출구,송파구,2907.0,2540.0
202209,1206,9호선종합운동장역 9번출구,송파구,2240.0,2115.0
202209,1207,마천중앙시장,송파구,1152.0,1148.0
202209,1208,풍납현대아파트쉼터,송파구,2926.0,2904.0
202209,1209,잠실나루역 (2번 출구 쪽),송파구,4146.0,4063.0
202209,1210,롯데월드타워(잠실역2번출구 쪽),송파구,12782.0,12763.0
202209,1211,방이삼거리,송파구,8575.0,8870.0
202209,1212,송파역 2번 출구앞,송파구,2271.0,2272.0
202209,1213,백토공원 앞,송파구,500.0,458.0
202209,1214,오금역 7번 출구 인근,송파구,1691.0,1669.0
202209,1215,올림픽공원역 1번출구 앞,송파구,2698.0,2697.0
202209,1217,송파파인타운 7단지,송파구,1047.0,1046.0
202209,1218,방이역 4번출구,송파구,4383.0,4359.0
202209,1220,잠실근린공원,송파구,3301.0,3731.0
202209,1221,삼전역 4번출구,송파구,2876.0,3004.0
202209,1222,잠실새내역 5번 출구 뒤,송파구,6108.0,6060.0
202209,1224,아시아지하보도 2번 출구,송파구,2444.0,2428.0
202209,1226,잠실4동 주민센터 옆,송파구,2653.0,2655.0
202209,1227,거여역 8번출구 뒤,송파구,2483.0,2490.0
202209,1228,마천사거리,송파구,1660.0,1755.0
202209,1229,송파체육문화회관 앞,송파구,2047.0,2043.0
202209,1230,송파중학교 정문,송파구,1030.0,961.0
202209,1231,잠실역 6번출구,송파구,3801.0,4009.0
202209,1232,잠실주공 521동 건너편,송파구,4035.0,4250.0
202209,1233,잠실3거리(갤러리아팰리스),송파구,1784.0,1551.0
202209,1235,잠실트리지움310동 옆,송파구,3064.0,3125.0
202209,1239,문정 법조단지3,송파구,755.0,689.0
202209,1240,문정 법조단지4,송파구,1028.0,988.0
202209,1241,문정 법조단지5,송파구,724.0,536.0
202209,1242,문정 법조단지6,송파구,180.0,120.0
202209,1243,문정 법조단지7,송파구,3416.0,3464.0
202209,1244,문정 법조단지8,송파구,3508.0,3462.0
202209,1245,문정 법조단지9,송파구,2185.0,2139.0
202209,1246,문정 법조단지10,송파구,2327.0,2319.0
202209,1247,문정 법조단지11,송파구,1355.0,1266.0
202209,1248,방이초등학교,송파구,3790.0,3164.0
202209,1249,아주중학교건너편,송파구,2268.0,2424.0
202209,1250,문정2동 주민센터,송파구,208.0,194.0
202209,1251,석촌역 2번출구,송파구,4521.0,4518.0
202209,1253,오금역 3번 출구 뒤,송파구,1267.0,1270.0
202209,1256,문정현대아파트 교차로,송파구,1139.0,1141.0
202209,1257,가락시장역 사거리,송파구,1745.0,1730.0
202209,1258,가락미륭아파트 앞,송파구,474.0,426.0
202209,1259,방이역 1번출구,송파구,2444.0,2448.0
202209,1260,방이동 한양3차아파트 옆,송파구,1934.0,1925.0
202209,1262,송파여성문화회관 앞,송파구,3579.0,3604.0
202209,1263,장지공영차고지,송파구,412.0,424.0
202209,1264,천호역 10번 출구 앞,송파구,5463.0,5498.0
202209,1265,문정동 근린공원,송파구,1780.0,1783.0
202209,1266,문정동 글샘 공원,송파구,1151.0,997.0
202209,1267,올림픽공원 남2문 앞,송파구,2142.0,2026.0
202209,1268,몽촌토성역 1번출구 옆,송파구,3980.0,3919.0
202209,1269,리센츠아파트,송파구,2680.0,2094.0
202209,1271,송파도서관,송파구,1216.0,1216.0
202209,1274,영파여고 앞,송파구,1828.0,1779.0
202209,1275,거여초등학교 옆,송파구,988.0,1042.0
202209,1277,성내6교,송파구,1683.0,1883.0
202209,1278,송파구청 교차로,송파구,2958.0,2952.0
202209,1279,마천금호어울림 1차아파트 건너편,송파구,513.0,510.0
202209,1280,송파파크데일 2단지입구 앞 주차장,송파구,914.0,881.0
202209,1282,송파소방서 맞은편(성내4교),송파구,2760.0,2940.0
202209,1283,오금공원 사거리,송파구,285.0,213.0
202209,1285,위례별 유치원 뒤,송파구,662.0,640.0
202209,1286,위례중앙푸르지오 1단지 앞,송파구,1660.0,1642.0
202209,1287,위례아이파크 101동 맞은편,송파구,804.0,784.0
202209,1288,문정중교 사거리,송파구,1393.0,1209.0
202209,1289,풍납토성 서성벽터B,송파구,1012.0,1077.0
202209,1290,위례송파꿈에그린아파트24단지 앞 성벽 다리 밑,송파구,497.0,484.0
202209,1291,서울체육고등학교 앞,송파구,1569.0,1714.0
202209,1293,석촌호수 서호 사거리,송파구,4258.0,4270.0
202209,1295,잠실역 8번출구,송파구,6584.0,6548.0
202209,1296,석촌호수교차로 (송파나루근린공원 앞),송파구,1148.0,1154.0
202209,1297,석촌호수교차로(동호 팔각정 앞),송파구,5070.0,5061.0
202209,1299,송파소방서 (방이119안전센터),송파구,933.0,840.0
202209,1300,오륜사거리,송파구,1178.0,1190.0
202209,2601,석촌호수 아뜰리에,송파구,3921.0,3902.0
202209,2603,송파 글마루 도서관,송파구,1084.0,1008.0
202209,2604,풍납토성 서성벽터A,송파구,1898.0,2031.0
202209,2605,복정역 1번 출구 앞,송파구,2003.0,2012.0
202209,2606,위례동주민센터 맞은편 근린공원,송파구,3630.0,3662.0
202209,2608,송파구청,송파구,8737.0,8880.0
202209,2609,보성중고등학교 후문 앞,송파구,484.0,478.0
202209,2611,송파지역자활센터 뒤,송파구,2907.0,3181.0
202209,2612,문정·가락 대여소 앞,송파구,96.0,74.0
202209,2613,잠실나들목,송파구,4565.0,4781.0
202209,2614,가락고등학교 앞,송파구,518.0,515.0
202209,2615,테라타워2,송파구,3827.0,3817.0
202209,2616,거여동 사거리,송파구,706.0,703.0
202209,2617,가락삼환아파트 앞,송파구,776.0,688.0
202209,2618,삼전역 1번출구,송파구,2588.0,2763.0
202209,2619,석촌고분역 4번출구,송파구,3025.0,3147.0
202209,2620,송파나루역 4번 출구옆,송파구,7872.0,8080.0
202209,2621,한성백제역 2번 출구,송파구,4986.0,4995.0
202209,2622,올림픽공원역 3번출구,송파구,10183.0,10125.0
202209,2623,석촌동 주민센터,송파구,4093.0,4131.0
202209,2625,가락종합 사회복지관,송파구,898.0,890.0
202209,2626,"경찰병원역 1,2번 출구 사이",송파구,1191.0,1178.0
202209,2627,문정시영아파트 5동 앞 공원,송파구,1015.0,621.0
202209,2628,문정역 1번출구,송파구,3373.0,3377.0
202209,2630,서울방이동 고분군,송파구,3022.0,2761.0
202209,2631,배명고등학교,송파구,1041.0,1209.0
202209,2632,석촌고분역 2번 출구,송파구,3822.0,3942.0
202209,2633,송파학사 옆,송파구,1610.0,1546.0
202209,2634,위례포레샤인아파트 2318동,송파구,1056.0,1063.0
202209,2635,잠실새내역 1번출구,송파구,3568.0,3211.0
202209,2637,아시아지하보도 14번 출구,송파구,3635.0,3599.0
202209,2639,석촌역 8번출구,송파구,4955.0,4919.0
202209,2641,송파역 4번출구,송파구,4152.0,4126.0
202209,2642,마천동 성내천 쉼터,송파구,1644.0,1674.0
202209,2643,풍납중학교 측면,송파구,900.0,881.0
202209,2644,성내5교,송파구,1923.0,2002.0
202209,2645,잠실나들목2(엘스아파트136동),송파구,1359.0,1329.0
202209,2646,레이크펠리스101동앞,송파구,4252.0,4310.0
202209,2647,잠실 자전거 수리센터 앞,송파구,3922.0,3947.0
202209,2648,헬리오시티 112동 앞,송파구,2065.0,1989.0
202209,2649,오금공원사거리2,송파구,448.0,360.0
202209,2650,위례22단지 2208동 다리앞,송파구,659.0,651.0
202209,2651,경찰병원역 3번출구 앞,송파구,1967.0,1965.0
202209,2652,송파 레미니스1단지 102동 앞,송파구,1531.0,1362.0
202209,2653,올림픽공원사거리(선수촌아파트),송파구,2187.0,2153.0
202209,2654,올림픽선수촌아파트 136동 앞,송파구,834.0,779.0
202209,2655,송이공원,송파구,961.0,882.0
202209,2656,풍납동 아이파크 107동 앞,송파구,1709.0,1696.0
202209,2657,송파 파인타운 11단지,송파구,1180.0,1181.0
202209,2658,가락몰 업무동,송파구,2182.0,2233.0
202209,2659,서울친환경유통센터,송파구,208.0,189.0
202209,4452,삼성SDS,송파구,3700.0,3776.0
202209,4453,위례중앙푸르지오 201동 앞,송파구,2715.0,2716.0
202209,4454,위례 포레샤인 1809동 부근,송파구,395.0,311.0
202209,4456,위례포레샤인 2310동 부근,송파구,1133.0,1152.0
202209,4457,아산병원 기숙사 부근,송파구,5437.0,5621.0
202209,4458,가락2동주민센터 인근,송파구,906.0,820.0
202209,4460,올림픽훼미리아파트 112동 앞,송파구,649.0,647.0
202209,4461,한양3차아파트 3동 앞,송파구,431.0,394.0
202209,4462,가락중학교 앞,송파구,891.0,870.0
202209,4463,방이역 2번 출구,송파구,1106.0,1102.0
202209,4464,올림픽공원 북2문,송파구,2478.0,2505.0
202209,4465,건영아파트앞 사거리,송파구,2592.0,2584.0
202209,4467,한림연예예술고등학교,송파구,1112.0,1092.0
202209,4468,가락1동주민센터,송파구,1588.0,1495.0
202209,4469,거여동 어울림아파트  102동앞,송파구,914.0,914.0
202209,4472,송파파크데일 1단지 115동 건너편,송파구,691.0,672.0
202209,4473,마천금호어울림 1차 102동앞,송파구,351.0,335.0
202209,4474,가락현대 1차 11동 앞,송파구,584.0,584.0
202209,4475,송파파인타운 4단지 403동,송파구,631.0,631.0
202209,4478,문정근린공원2,송파구,1616.0,1611.0
202209,4479,문정중학교,송파구,224.0,217.0
202209,4480,가락시장 남1문 사거리,송파구,1090.0,1052.0
202209,4481,올림픽공원 북2문 2,송파구,4205.0,4275.0
202209,4483,잠실나들목4,송파구,3506.0,3766.0
202209,4484,잠실나루역4번출구뒤,송파구,2626.0,2627.0
202209,4485,잠실나루역 고가하부,송파구,891.0,747.0
202209,4486,홈플러스 잠실점,송파구,2627.0,2632.0
202209,4488,문현중.고등학교 사이,송파구,300.0,259.0
202209,4490,송파파인타운 10단지 1005동,송파구,526.0,526.0
202209,4491,장지역 1번출구,송파구,1765.0,1767.0
202209,4493,마천사거리 2,송파구,850.0,867.0
202209,4496,잠실 파크리오 120동 앞,송파구,2098.0,2052.0
202209,4497,아시아선수촌아파트 교차로,송파구,1306.0,1319.0
202209,4499,세양청마루 101동 앞,송파구,848.0,542.0
202209,4852,서울복합물류 게이트 1,송파구,1650.0,1645.0
202209,4853,송파 안전체험교육관,송파구,121.0,121.0
202209,4854,가락시장역 2번 출구,송파구,1704.0,1705.0
202209,4855,거여5단지 503동 앞,송파구,996.0,1001.0
202209,4856,올림픽공원 서1문 앞,송파구,1308.0,1304.0
202209,4857,올림픽공원 장미광장,송파구,1184.0,1169.0
202209,4859,잠실나루 나들목,송파구,3029.0,3089.0
202209,4860,가락쌍용2차아파트 103동,송파구,1099.0,1104.0
202209,4862,성내교 남단,송파구,629.0,599.0
202209,4863,잠실나들목5,송파구,912.0,952.0
202209,4864,송파사거리,송파구,4199.0,4194.0
202209,4865,한성백제역 1번출구 뒤,송파구,4144.0,4149.0
202209,4867,가락대림아파트 앞,송파구,1486.0,1484.0
202209,4868,석촌호수 서호 남단,송파구,3760.0,3729.0
202209,4869,잠실나들목6,송파구,1414.0,1522.0
202209,4870,몽촌토성역 3번 출구,송파구,7220.0,7217.0
202209,4871,오금동 대림아파트 정문,송파구,934.0,880.0
202209,4872,개롱역 3번 출구 뒤,송파구,1630.0,1642.0
202209,4873,개롱역사거리 2번 출구,송파구,1573.0,1577.0
202209,4874,탄천1교 하부보도,송파구,858.0,852.0
202209,4875,위례포레샤인13단지,송파구,1230.0,1218.0
202209,4876,삼전동주민센터 앞,송파구,2488.0,3203.0
202209,4879,마천청소년센터,송파구,301.0,297.0
202209,4880,송파청소년센터,송파구,1093.0,1055.0
202209,4881,거여동사거리 송파둘레길 입구,송파구,346.0,344.0
202209,4882,위례포레샤인18단지 1802동,송파구,464.0,439.0
202209,4883,위례포레샤인18단지 1812동,송파구,343.0,255.0
202209,4884,H비즈니스파크,송파구,1806.0,1887.0
202209,4885,가든파이브 리빙관,송파구,445.0,429.0
202209,4886,배명고등학교 건너편,송파구,1174.0,1225.0
202209,4887,호돌이상가,송파구,1077.0,1055.0
202209,4888,둔촌오륜역 2번출구,송파구,550.0,505.0
202209,4889,마천역 1번 출구 인근②,송파구,990.0,964.0
202209,4891,위례포레샤인17단지 위례대로 방면,송파구,1463.0,1419.0
202209,4892,성내유수지 체육공원,송파구,780.0,714.0
202209,4893,문정법조단지12,송파구,2611.0,3523.0
202209,4894,문정법조단지13,송파구,19.0,83.0
202209,4895,위례포레샤인15단지 상가,송파구,1386.0,1396.0
202209,4896,위례포레샤인15단지,송파구,363.0,335.0
202209,4897,잠실주공5단지1,송파구,3051.0,3030.0
202209,5751,송파여성축구장,송파구,626.0,618.0
202209,5752,풍납백제문화공원 옆 인근,송파구,2778.0,3103.0
202209,5753,호반써밋,송파구,1300.0,1248.0
202209,5756,극동아파트,송파구,852.0,850.0
202209,5757,방이역 3번출구,송파구,88.0,81.0
202209,5758,올림픽선수기자촌아파트 123동 근처,송파구,341.0,319.0
202209,5759,풍납근린공원,송파구,115.0,103.0
202210,1201,가락시장역 3번 출구,송파구,3243.0,3252.0
202210,1203,밀리아나2빌딩 앞,송파구,3080.0,3157.0
202210,1204,거여역 3번출구,송파구,2201.0,2191.0
202210,1205,종합운동장역 4번출구,송파구,2329.0,1839.0
202210,1206,9호선종합운동장역 9번출구,송파구,2014.0,1853.0
202210,1207,마천중앙시장,송파구,1017.0,1068.0
202210,1208,풍납현대아파트쉼터,송파구,3064.0,3067.0
202210,1209,잠실나루역 (2번 출구 쪽),송파구,3963.0,3960.0
202210,1210,롯데월드타워(잠실역2번출구 쪽),송파구,13145.0,13102.0
202210,1211,방이삼거리,송파구,8327.0,8563.0
202210,1212,송파역 2번 출구앞,송파구,2128.0,2200.0
202210,1213,백토공원 앞,송파구,460.0,457.0
202210,1214,오금역 7번 출구 인근,송파구,1524.0,1508.0
202210,1215,올림픽공원역 1번출구 앞,송파구,2636.0,2619.0
202210,1217,송파파인타운 7단지,송파구,966.0,962.0
202210,1218,방이역 4번출구,송파구,3858.0,3831.0
202210,1220,잠실근린공원,송파구,2908.0,3207.0
202210,1221,삼전역 4번출구,송파구,2550.0,2636.0
202210,1222,잠실새내역 5번 출구 뒤,송파구,5423.0,5457.0
202210,1224,아시아지하보도 2번 출구,송파구,2065.0,2082.0
202210,1226,잠실4동 주민센터 옆,송파구,2532.0,2538.0
202210,1227,거여역 8번출구 뒤,송파구,2352.0,2349.0
202210,1228,마천사거리,송파구,1506.0,1614.0
202210,1229,송파체육문화회관 앞,송파구,1973.0,1963.0
202210,1230,송파중학교 정문,송파구,866.0,844.0
202210,1231,잠실역 6번출구,송파구,3452.0,3526.0
202210,1232,잠실주공 521동 건너편,송파구,3963.0,4111.0
202210,1233,잠실3거리(갤러리아팰리스),송파구,1788.0,1534.0
202210,1235,잠실트리지움310동 옆,송파구,2728.0,2916.0
202210,1239,문정 법조단지3,송파구,686.0,653.0
202210,1240,문정 법조단지4,송파구,1013.0,943.0
202210,1241,문정 법조단지5,송파구,665.0,502.0
202210,1242,문정 법조단지6,송파구,158.0,113.0
202210,1243,문정 법조단지7,송파구,3414.0,3519.0
202210,1244,문정 법조단지8,송파구,3385.0,3296.0
202210,1245,문정 법조단지9,송파구,2160.0,2136.0
202210,1246,문정 법조단지10,송파구,2609.0,2570.0
202210,1247,문정 법조단지11,송파구,1358.0,1236.0
202210,1248,방이초등학교,송파구,3424.0,3037.0
202210,1249,아주중학교건너편,송파구,2105.0,2304.0
202210,1250,문정2동 주민센터,송파구,185.0,162.0
202210,1251,석촌역 2번출구,송파구,4548.0,4543.0
202210,1253,오금역 3번 출구 뒤,송파구,1265.0,1250.0
202210,1256,문정현대아파트 교차로,송파구,1159.0,1162.0
202210,1257,가락시장역 사거리,송파구,1748.0,1812.0
202210,1258,가락미륭아파트 앞,송파구,385.0,378.0
202210,1259,방이역 1번출구,송파구,2273.0,2263.0
202210,1260,방이동 한양3차아파트 옆,송파구,1979.0,1984.0
202210,1262,송파여성문화회관 앞,송파구,3543.0,3544.0
202210,1263,장지공영차고지,송파구,464.0,460.0
202210,1264,천호역 10번 출구 앞,송파구,4820.0,4815.0
202210,1265,문정동 근린공원,송파구,1641.0,1664.0
202210,1266,문정동 글샘 공원,송파구,1142.0,945.0
202210,1267,올림픽공원 남2문 앞,송파구,1955.0,1905.0
202210,1268,몽촌토성역 1번출구 옆,송파구,3684.0,3630.0
202210,1269,리센츠아파트,송파구,2359.0,1976.0
202210,1271,송파도서관,송파구,1057.0,1061.0
202210,1274,영파여고 앞,송파구,1815.0,1730.0
202210,1275,거여초등학교 옆,송파구,835.0,854.0
202210,1277,성내6교,송파구,1571.0,1710.0
202210,1278,송파구청 교차로,송파구,2822.0,2822.0
202210,1279,마천금호어울림 1차아파트 건너편,송파구,457.0,440.0
202210,1280,송파파크데일 2단지입구 앞 주차장,송파구,786.0,771.0
202210,1282,송파소방서 맞은편(성내4교),송파구,2467.0,2686.0
202210,1283,오금공원 사거리,송파구,272.0,220.0
202210,1285,위례별 유치원 뒤,송파구,597.0,593.0
202210,1286,위례중앙푸르지오 1단지 앞,송파구,1460.0,1462.0
202210,1287,위례아이파크 101동 맞은편,송파구,716.0,712.0
202210,1288,문정중교 사거리,송파구,1417.0,1188.0
202210,1289,풍납토성 서성벽터B,송파구,952.0,991.0
202210,1290,위례송파꿈에그린아파트24단지 앞 성벽 다리 밑,송파구,487.0,499.0
202210,1291,서울체육고등학교 앞,송파구,1862.0,2016.0
202210,1293,석촌호수 서호 사거리,송파구,4063.0,4190.0
202210,1295,잠실역 8번출구,송파구,6374.0,6345.0
202210,1296,석촌호수교차로 (송파나루근린공원 앞),송파구,1325.0,1187.0
202210,1297,석촌호수교차로(동호 팔각정 앞),송파구,5069.0,5048.0
202210,1299,송파소방서 (방이119안전센터),송파구,870.0,771.0
202210,1300,오륜사거리,송파구,1135.0,1163.0
202210,2601,석촌호수 아뜰리에,송파구,3371.0,3404.0
202210,2603,송파 글마루 도서관,송파구,986.0,946.0
202210,2604,풍납토성 서성벽터A,송파구,1695.0,1799.0
202210,2605,복정역 1번 출구 앞,송파구,1966.0,1989.0
202210,2606,위례동주민센터 맞은편 근린공원,송파구,3432.0,3452.0
202210,2608,송파구청,송파구,8861.0,8786.0
202210,2609,보성중고등학교 후문 앞,송파구,355.0,354.0
202210,2611,송파지역자활센터 뒤,송파구,3065.0,3281.0
202210,2612,문정·가락 대여소 앞,송파구,56.0,53.0
202210,2613,잠실나들목,송파구,3100.0,3178.0
202210,2614,가락고등학교 앞,송파구,537.0,501.0
202210,2615,테라타워2,송파구,3666.0,3660.0
202210,2616,거여동 사거리,송파구,646.0,649.0
202210,2617,가락삼환아파트 앞,송파구,770.0,654.0
202210,2618,삼전역 1번출구,송파구,2621.0,2777.0
202210,2619,석촌고분역 4번출구,송파구,2852.0,2984.0
202210,2620,송파나루역 4번 출구옆,송파구,7547.0,7913.0
202210,2621,한성백제역 2번 출구,송파구,4691.0,4723.0
202210,2622,올림픽공원역 3번출구,송파구,9082.0,8945.0
202210,2623,석촌동 주민센터,송파구,3971.0,4059.0
202210,2625,가락종합 사회복지관,송파구,805.0,797.0
202210,2626,"경찰병원역 1,2번 출구 사이",송파구,1178.0,1184.0
202210,2627,문정시영아파트 5동 앞 공원,송파구,861.0,523.0
202210,2628,문정역 1번출구,송파구,3308.0,3312.0
202210,2630,서울방이동 고분군,송파구,2737.0,2659.0
202210,2631,배명고등학교,송파구,1028.0,1147.0
202210,2632,석촌고분역 2번 출구,송파구,3669.0,3833.0
202210,2633,송파학사 옆,송파구,1491.0,1398.0
202210,2634,위례포레샤인아파트 2318동,송파구,906.0,894.0
202210,2635,잠실새내역 1번출구,송파구,3438.0,3096.0
202210,2637,아시아지하보도 14번 출구,송파구,3189.0,3184.0
202210,2639,석촌역 8번출구,송파구,4979.0,4862.0
202210,2641,송파역 4번출구,송파구,4093.0,4143.0
202210,2642,마천동 성내천 쉼터,송파구,1507.0,1563.0
202210,2643,풍납중학교 측면,송파구,251.0,247.0
202210,2644,성내5교,송파구,1818.0,1831.0
202210,2645,잠실나들목2(엘스아파트136동),송파구,1005.0,955.0
202210,2646,레이크펠리스101동앞,송파구,4075.0,4230.0
202210,2647,잠실 자전거 수리센터 앞,송파구,4285.0,4333.0
202210,2648,헬리오시티 112동 앞,송파구,1723.0,1678.0
202210,2649,오금공원사거리2,송파구,405.0,363.0
202210,2650,위례22단지 2208동 다리앞,송파구,642.0,658.0
202210,2651,경찰병원역 3번출구 앞,송파구,1847.0,1850.0
202210,2652,송파 레미니스1단지 102동 앞,송파구,1227.0,1181.0
202210,2653,올림픽공원사거리(선수촌아파트),송파구,1924.0,1905.0
202210,2654,올림픽선수촌아파트 136동 앞,송파구,774.0,641.0
202210,2655,송이공원,송파구,910.0,899.0
202210,2656,풍납동 아이파크 107동 앞,송파구,1536.0,1544.0
202210,2657,송파 파인타운 11단지,송파구,1112.0,1105.0
202210,2658,가락몰 업무동,송파구,1983.0,2056.0
202210,2659,서울친환경유통센터,송파구,242.0,232.0
202210,4452,삼성SDS,송파구,3806.0,3793.0
202210,4453,위례중앙푸르지오 201동 앞,송파구,2610.0,2610.0
202210,4454,위례 포레샤인 1809동 부근,송파구,500.0,329.0
202210,4456,위례포레샤인 2310동 부근,송파구,1087.0,1054.0
202210,4457,아산병원 기숙사 부근,송파구,5289.0,5254.0
202210,4458,가락2동주민센터 인근,송파구,798.0,779.0
202210,4460,올림픽훼미리아파트 112동 앞,송파구,1131.0,1154.0
202210,4461,한양3차아파트 3동 앞,송파구,360.0,314.0
202210,4462,가락중학교 앞,송파구,863.0,850.0
202210,4463,방이역 2번 출구,송파구,1067.0,1069.0
202210,4464,올림픽공원 북2문,송파구,2326.0,2430.0
202210,4465,건영아파트앞 사거리,송파구,2444.0,2441.0
202210,4467,한림연예예술고등학교,송파구,1067.0,1078.0
202210,4468,가락1동주민센터,송파구,1440.0,1435.0
202210,4469,거여동 어울림아파트  102동앞,송파구,915.0,879.0
202210,4472,송파파크데일 1단지 115동 건너편,송파구,621.0,523.0
202210,4473,마천금호어울림 1차 102동앞,송파구,298.0,300.0
202210,4474,가락현대 1차 11동 앞,송파구,563.0,562.0
202210,4475,송파파인타운 4단지 403동,송파구,639.0,643.0
202210,4478,문정근린공원2,송파구,1698.0,1708.0
202210,4479,문정중학교,송파구,210.0,185.0
202210,4480,가락시장 남1문 사거리,송파구,1030.0,990.0
202210,4481,올림픽공원 북2문 2,송파구,3734.0,3817.0
202210,4483,잠실나들목4,송파구,2351.0,2459.0
202210,4484,잠실나루역4번출구뒤,송파구,2345.0,2350.0
202210,4485,잠실나루역 고가하부,송파구,781.0,727.0
202210,4486,홈플러스 잠실점,송파구,2527.0,2512.0
202210,4488,문현중.고등학교 사이,송파구,309.0,261.0
202210,4490,송파파인타운 10단지 1005동,송파구,456.0,456.0
202210,4491,장지역 1번출구,송파구,1752.0,1775.0
202210,4493,마천사거리 2,송파구,792.0,797.0
202210,4496,잠실 파크리오 120동 앞,송파구,1837.0,1830.0
202210,4497,아시아선수촌아파트 교차로,송파구,1108.0,1142.0
202210,4499,세양청마루 101동 앞,송파구,695.0,491.0
202210,4852,서울복합물류 게이트 1,송파구,1680.0,1699.0
202210,4853,송파 안전체험교육관,송파구,95.0,94.0
202210,4854,가락시장역 2번 출구,송파구,1818.0,1823.0
202210,4855,거여5단지 503동 앞,송파구,863.0,844.0
202210,4856,올림픽공원 서1문 앞,송파구,1288.0,1290.0
202210,4857,올림픽공원 장미광장,송파구,1088.0,1073.0
202210,4859,잠실나루 나들목,송파구,2315.0,2337.0
202210,4860,가락쌍용2차아파트 103동,송파구,1094.0,1071.0
202210,4862,성내교 남단,송파구,675.0,641.0
202210,4863,잠실나들목5,송파구,676.0,739.0
202210,4864,송파사거리,송파구,4112.0,4092.0
202210,4865,한성백제역 1번출구 뒤,송파구,4276.0,4337.0
202210,4867,가락대림아파트 앞,송파구,1470.0,1447.0
202210,4868,석촌호수 서호 남단,송파구,3793.0,3806.0
202210,4869,잠실나들목6,송파구,920.0,994.0
202210,4870,몽촌토성역 3번 출구,송파구,6795.0,6817.0
202210,4871,오금동 대림아파트 정문,송파구,847.0,808.0
202210,4872,개롱역 3번 출구 뒤,송파구,1512.0,1514.0
202210,4873,개롱역사거리 2번 출구,송파구,1502.0,1507.0
202210,4874,탄천1교 하부보도,송파구,836.0,812.0
202210,4875,위례포레샤인13단지,송파구,1133.0,1132.0
202210,4876,삼전동주민센터 앞,송파구,2286.0,2873.0
202210,4879,마천청소년센터,송파구,356.0,350.0
202210,4880,송파청소년센터,송파구,968.0,963.0
202210,4881,거여동사거리 송파둘레길 입구,송파구,357.0,360.0
202210,4882,위례포레샤인18단지 1802동,송파구,401.0,385.0
202210,4883,위례포레샤인18단지 1812동,송파구,346.0,235.0
202210,4884,H비즈니스파크,송파구,1673.0,1788.0
202210,4885,가든파이브 리빙관,송파구,499.0,497.0
202210,4886,배명고등학교 건너편,송파구,1007.0,1069.0
202210,4887,호돌이상가,송파구,994.0,1002.0
202210,4888,둔촌오륜역 2번출구,송파구,519.0,486.0
202210,4889,마천역 1번 출구 인근②,송파구,859.0,846.0
202210,4891,위례포레샤인17단지 위례대로 방면,송파구,1245.0,1208.0
202210,4892,성내유수지 체육공원,송파구,528.0,524.0
202210,4893,문정법조단지12,송파구,2747.0,3379.0
202210,4895,위례포레샤인15단지 상가,송파구,1425.0,1417.0
202210,4896,위례포레샤인15단지,송파구,307.0,306.0
202210,4897,잠실주공5단지1,송파구,2901.0,2939.0
202210,5751,송파여성축구장,송파구,646.0,647.0
202210,5752,풍납백제문화공원 옆 인근,송파구,2810.0,2965.0
202210,5753,호반써밋,송파구,1224.0,1210.0
202210,5756,극동아파트,송파구,1395.0,1403.0
202210,5758,올림픽선수기자촌아파트 123동 근처,송파구,520.0,474.0
202210,5759,풍납근린공원,송파구,779.0,778.0
202210,5760,풍납사거리 성내유수지,송파구,682.0,679.0
202210,5761,버섯분수대,송파구,179.0,177.0
202210,5763,세륜초등학교 건너편,송파구,198.0,190.0
202210,5764,한국체육대학교,송파구,350.0,338.0
202210,5765,삼전동주민센터 건너편,송파구,364.0,386.0
202211,1201,가락시장역 3번 출구,송파구,2641.0,2816.0
202211,1203,밀리아나2빌딩 앞,송파구,2654.0,2782.0
202211,1204,거여역 3번출구,송파구,1889.0,1896.0
202211,1205,종합운동장역 4번출구,송파구,1872.0,1314.0
202211,1206,9호선종합운동장역 9번출구,송파구,1623.0,1609.0
202211,1207,마천중앙시장,송파구,860.0,857.0
202211,1208,풍납현대아파트쉼터,송파구,2730.0,2683.0
202211,1209,잠실나루역 (2번 출구 쪽),송파구,3851.0,3855.0
202211,1210,롯데월드타워(잠실역2번출구 쪽),송파구,11263.0,11302.0
202211,1211,방이삼거리,송파구,6172.0,6908.0
202211,1212,송파역 2번 출구앞,송파구,1867.0,2022.0
202211,1213,백토공원 앞,송파구,443.0,429.0
202211,1214,오금역 7번 출구 인근,송파구,1385.0,1367.0
202211,1215,올림픽공원역 1번출구 앞,송파구,2220.0,2230.0
202211,1217,송파파인타운 7단지,송파구,871.0,868.0
202211,1218,방이역 4번출구,송파구,3668.0,3665.0
202211,1220,잠실근린공원,송파구,2679.0,2951.0
202211,1221,삼전역 4번출구,송파구,2152.0,2181.0
202211,1222,잠실새내역 5번 출구 뒤,송파구,4304.0,4490.0
202211,1224,아시아지하보도 2번 출구,송파구,1747.0,1732.0
202211,1226,잠실4동 주민센터 옆,송파구,2367.0,2382.0
202211,1227,거여역 8번출구 뒤,송파구,1890.0,1884.0
202211,1228,마천사거리,송파구,1348.0,1425.0
202211,1229,송파체육문화회관 앞,송파구,1632.0,1610.0
202211,1230,송파중학교 정문,송파구,803.0,699.0
202211,1231,잠실역 6번출구,송파구,2610.0,2775.0
202211,1232,잠실주공 521동 건너편,송파구,3366.0,3474.0
202211,1233,잠실3거리(갤러리아팰리스),송파구,1259.0,1221.0
202211,1235,잠실트리지움310동 옆,송파구,2303.0,2476.0
202211,1239,문정 법조단지3,송파구,675.0,671.0
202211,1240,문정 법조단지4,송파구,846.0,807.0
202211,1241,문정 법조단지5,송파구,408.0,410.0
202211,1242,문정 법조단지6,송파구,124.0,121.0
202211,1243,문정 법조단지7,송파구,2996.0,3111.0
202211,1244,문정 법조단지8,송파구,2688.0,2646.0
202211,1245,문정 법조단지9,송파구,1899.0,1836.0
202211,1246,문정 법조단지10,송파구,2174.0,2136.0
202211,1247,문정 법조단지11,송파구,1178.0,1142.0
202211,1248,방이초등학교,송파구,3159.0,2593.0
202211,1249,아주중학교건너편,송파구,1876.0,2030.0
202211,1250,문정2동 주민센터,송파구,151.0,158.0
202211,1251,석촌역 2번출구,송파구,3822.0,3826.0
202211,1253,오금역 3번 출구 뒤,송파구,1113.0,1098.0
202211,1256,문정현대아파트 교차로,송파구,876.0,877.0
202211,1257,가락시장역 사거리,송파구,1708.0,1706.0
202211,1258,가락미륭아파트 앞,송파구,417.0,379.0
202211,1259,방이역 1번출구,송파구,2002.0,2015.0
202211,1260,방이동 한양3차아파트 옆,송파구,1868.0,1835.0
202211,1262,송파여성문화회관 앞,송파구,3046.0,3039.0
202211,1263,장지공영차고지,송파구,416.0,417.0
202211,1264,천호역 10번 출구 앞,송파구,4172.0,4167.0
202211,1265,문정동 근린공원,송파구,1506.0,1563.0
202211,1266,문정동 글샘 공원,송파구,947.0,854.0
202211,1267,올림픽공원 남2문 앞,송파구,1452.0,1418.0
202211,1268,몽촌토성역 1번출구 옆,송파구,1992.0,2015.0
202211,1269,리센츠아파트,송파구,2013.0,1693.0
202211,1271,송파도서관,송파구,1040.0,1034.0
202211,1274,영파여고 앞,송파구,1840.0,1740.0
202211,1275,거여초등학교 옆,송파구,721.0,700.0
202211,1277,성내6교,송파구,1267.0,1298.0
202211,1278,송파구청 교차로,송파구,2345.0,2383.0
202211,1279,마천금호어울림 1차아파트 건너편,송파구,364.0,355.0
202211,1280,송파파크데일 2단지입구 앞 주차장,송파구,691.0,660.0
202211,1282,송파소방서 맞은편(성내4교),송파구,1996.0,2090.0
202211,1283,오금공원 사거리,송파구,219.0,176.0
202211,1285,위례별 유치원 뒤,송파구,526.0,502.0
202211,1286,위례중앙푸르지오 1단지 앞,송파구,1281.0,1262.0
202211,1287,위례아이파크 101동 맞은편,송파구,596.0,591.0
202211,1288,문정중교 사거리,송파구,1319.0,991.0
202211,1289,풍납토성 서성벽터B,송파구,866.0,882.0
202211,1290,위례송파꿈에그린아파트24단지 앞 성벽 다리 밑,송파구,409.0,411.0
202211,1291,서울체육고등학교 앞,송파구,1913.0,2199.0
202211,1293,석촌호수 서호 사거리,송파구,3626.0,3720.0
202211,1295,잠실역 8번출구,송파구,4957.0,4984.0
202211,1296,석촌호수교차로 (송파나루근린공원 앞),송파구,885.0,842.0
202211,1297,석촌호수교차로(동호 팔각정 앞),송파구,3724.0,3775.0
202211,1299,송파소방서 (방이119안전센터),송파구,809.0,665.0
202211,1300,오륜사거리,송파구,907.0,885.0
202211,2601,석촌호수 아뜰리에,송파구,2917.0,2944.0
202211,2603,송파 글마루 도서관,송파구,950.0,889.0
202211,2604,풍납토성 서성벽터A,송파구,1453.0,1524.0
202211,2605,복정역 1번 출구 앞,송파구,1721.0,1732.0
202211,2606,위례동주민센터 맞은편 근린공원,송파구,2795.0,2786.0
202211,2608,송파구청,송파구,7588.0,7964.0
202211,2609,보성중고등학교 후문 앞,송파구,336.0,326.0
202211,2611,송파지역자활센터 뒤,송파구,2871.0,3042.0
202211,2612,문정·가락 대여소 앞,송파구,77.0,71.0
202211,2613,잠실나들목,송파구,1949.0,1894.0
202211,2614,가락고등학교 앞,송파구,570.0,473.0
202211,2615,테라타워2,송파구,3111.0,3164.0
202211,2616,거여동 사거리,송파구,595.0,588.0
202211,2617,가락삼환아파트 앞,송파구,624.0,562.0
202211,2618,삼전역 1번출구,송파구,2155.0,2145.0
202211,2619,석촌고분역 4번출구,송파구,2469.0,2525.0
202211,2620,송파나루역 4번 출구옆,송파구,5483.0,6420.0
202211,2621,한성백제역 2번 출구,송파구,2906.0,2986.0
202211,2622,올림픽공원역 3번출구,송파구,6819.0,6797.0
202211,2623,석촌동 주민센터,송파구,3433.0,3449.0
202211,2625,가락종합 사회복지관,송파구,691.0,684.0
202211,2626,"경찰병원역 1,2번 출구 사이",송파구,1040.0,1032.0
202211,2627,문정시영아파트 5동 앞 공원,송파구,894.0,494.0
202211,2628,문정역 1번출구,송파구,2953.0,2971.0
202211,2630,서울방이동 고분군,송파구,2630.0,2349.0
202211,2631,배명고등학교,송파구,919.0,994.0
202211,2632,석촌고분역 2번 출구,송파구,3321.0,3347.0
202211,2633,송파학사 옆,송파구,1137.0,1058.0
202211,2634,위례포레샤인아파트 2318동,송파구,753.0,746.0
202211,2635,잠실새내역 1번출구,송파구,3137.0,2837.0
202211,2637,아시아지하보도 14번 출구,송파구,2570.0,2613.0
202211,2639,석촌역 8번출구,송파구,4249.0,4184.0
202211,2641,송파역 4번출구,송파구,3652.0,3785.0
202211,2642,마천동 성내천 쉼터,송파구,1158.0,1134.0
202211,2643,풍납중학교 측면,송파구,417.0,397.0
202211,2644,성내5교,송파구,1488.0,1506.0
202211,2645,잠실나들목2(엘스아파트136동),송파구,749.0,730.0
202211,2646,레이크펠리스101동앞,송파구,3593.0,3790.0
202211,2647,잠실 자전거 수리센터 앞,송파구,4086.0,4194.0
202211,2648,헬리오시티 112동 앞,송파구,1544.0,1402.0
202211,2649,오금공원사거리2,송파구,405.0,347.0
202211,2650,위례22단지 2208동 다리앞,송파구,564.0,564.0
202211,2651,경찰병원역 3번출구 앞,송파구,1599.0,1598.0
202211,2652,송파 레미니스1단지 102동 앞,송파구,1295.0,1101.0
202211,2653,올림픽공원사거리(선수촌아파트),송파구,1698.0,1623.0
202211,2654,올림픽선수촌아파트 136동 앞,송파구,645.0,553.0
202211,2655,송이공원,송파구,870.0,664.0
202211,2656,풍납동 아이파크 107동 앞,송파구,1469.0,1473.0
202211,2657,송파 파인타운 11단지,송파구,912.0,891.0
202211,2658,가락몰 업무동,송파구,1687.0,1861.0
202211,2659,서울친환경유통센터,송파구,299.0,298.0
202211,4452,삼성SDS,송파구,3514.0,3518.0
202211,4453,위례중앙푸르지오 201동 앞,송파구,2019.0,2019.0
202211,4454,위례 포레샤인 1809동 부근,송파구,403.0,205.0
202211,4456,위례포레샤인 2310동 부근,송파구,804.0,802.0
202211,4457,아산병원 기숙사 부근,송파구,4738.0,4799.0
202211,4458,가락2동주민센터 인근,송파구,984.0,747.0
202211,4460,올림픽훼미리아파트 112동 앞,송파구,1279.0,1319.0
202211,4461,한양3차아파트 3동 앞,송파구,319.0,287.0
202211,4462,가락중학교 앞,송파구,791.0,798.0
202211,4463,방이역 2번 출구,송파구,888.0,894.0
202211,4464,올림픽공원 북2문,송파구,1816.0,1959.0
202211,4465,건영아파트앞 사거리,송파구,2090.0,2099.0
202211,4467,한림연예예술고등학교,송파구,1146.0,1069.0
202211,4468,가락1동주민센터,송파구,1348.0,1283.0
202211,4469,거여동 어울림아파트  102동앞,송파구,703.0,710.0
202211,4472,송파파크데일 1단지 115동 건너편,송파구,507.0,464.0
202211,4473,마천금호어울림 1차 102동앞,송파구,262.0,231.0
202211,4474,가락현대 1차 11동 앞,송파구,511.0,438.0
202211,4475,송파파인타운 4단지 403동,송파구,626.0,612.0
202211,4478,문정근린공원2,송파구,1473.0,1483.0
202211,4479,문정중학교,송파구,232.0,209.0
202211,4480,가락시장 남1문 사거리,송파구,928.0,932.0
202211,4481,올림픽공원 북2문 2,송파구,3017.0,3270.0
202211,4483,잠실나들목4,송파구,1440.0,1548.0
202211,4484,잠실나루역4번출구뒤,송파구,2014.0,2011.0
202211,4485,잠실나루역 고가하부,송파구,631.0,615.0
202211,4486,홈플러스 잠실점,송파구,2303.0,2297.0
202211,4488,문현중.고등학교 사이,송파구,229.0,232.0
202211,4490,송파파인타운 10단지 1005동,송파구,441.0,413.0
202211,4491,장지역 1번출구,송파구,1634.0,1637.0
202211,4493,마천사거리 2,송파구,686.0,676.0
202211,4496,잠실 파크리오 120동 앞,송파구,1769.0,1766.0
202211,4497,아시아선수촌아파트 교차로,송파구,922.0,934.0
202211,4499,세양청마루 101동 앞,송파구,737.0,401.0
202211,4852,서울복합물류 게이트 1,송파구,1524.0,1551.0
202211,4853,송파 안전체험교육관,송파구,81.0,81.0
202211,4854,가락시장역 2번 출구,송파구,1666.0,1702.0
202211,4855,거여5단지 503동 앞,송파구,722.0,697.0
202211,4856,올림픽공원 서1문 앞,송파구,1075.0,1091.0
202211,4857,올림픽공원 장미광장,송파구,683.0,658.0
202211,4859,잠실나루 나들목,송파구,1856.0,1837.0
202211,4860,가락쌍용2차아파트 103동,송파구,1096.0,998.0
202211,4862,성내교 남단,송파구,441.0,387.0
202211,4863,잠실나들목5,송파구,448.0,511.0
202211,4864,송파사거리,송파구,3606.0,3699.0
202211,4865,한성백제역 1번출구 뒤,송파구,3628.0,3618.0
202211,4867,가락대림아파트 앞,송파구,1179.0,1183.0
202211,4868,석촌호수 서호 남단,송파구,3537.0,3606.0
202211,4869,잠실나들목6,송파구,567.0,599.0
202211,4870,몽촌토성역 3번 출구,송파구,5715.0,5705.0
202211,4871,오금동 대림아파트 정문,송파구,785.0,768.0
202211,4872,개롱역 3번 출구 뒤,송파구,1296.0,1291.0
202211,4873,개롱역사거리 2번 출구,송파구,1278.0,1269.0
202211,4874,탄천1교 하부보도,송파구,684.0,656.0
202211,4875,위례포레샤인13단지,송파구,915.0,896.0
202211,4876,삼전동주민센터 앞,송파구,1417.0,1656.0
202211,4879,마천청소년센터,송파구,257.0,246.0
202211,4880,송파청소년센터,송파구,898.0,926.0
202211,4881,거여동사거리 송파둘레길 입구,송파구,360.0,363.0
202211,4882,위례포레샤인18단지 1802동,송파구,301.0,292.0
202211,4883,위례포레샤인18단지 1812동,송파구,260.0,218.0
202211,4884,H비즈니스파크,송파구,1663.0,1733.0
202211,4885,가든파이브 리빙관,송파구,334.0,341.0
202211,4886,배명고등학교 건너편,송파구,969.0,981.0
202211,4887,호돌이상가,송파구,773.0,858.0
202211,4888,둔촌오륜역 2번출구,송파구,401.0,357.0
202211,4889,마천역 1번 출구 인근②,송파구,678.0,659.0
202211,4891,위례포레샤인17단지 위례대로 방면,송파구,995.0,979.0
202211,4892,성내유수지 체육공원,송파구,532.0,420.0
202211,4893,문정법조단지12,송파구,3129.0,3602.0
202211,4895,위례포레샤인15단지 상가,송파구,1197.0,1200.0
202211,4896,위례포레샤인15단지,송파구,234.0,228.0
202211,4897,잠실주공5단지1,송파구,2741.0,2703.0
202211,5751,송파여성축구장,송파구,435.0,408.0
202211,5752,풍납백제문화공원 옆 인근,송파구,2402.0,2602.0
202211,5753,호반써밋,송파구,1138.0,1075.0
202211,5756,극동아파트,송파구,1148.0,1133.0
202211,5758,올림픽선수기자촌아파트 123동 근처,송파구,443.0,386.0
202211,5759,풍납근린공원,송파구,787.0,741.0
202211,5760,풍납사거리 성내유수지,송파구,952.0,951.0
202211,5761,버섯분수대,송파구,895.0,907.0
202211,5763,세륜초등학교 건너편,송파구,232.0,181.0
202211,5764,한국체육대학교,송파구,585.0,588.0
202211,5765,삼전동주민센터 건너편,송파구,1164.0,1211.0
202212,1201,가락시장역 3번 출구,송파구,1247.0,1386.0
202212,1203,밀리아나2빌딩 앞,송파구,1132.0,1227.0
202212,1204,거여역 3번출구,송파구,895.0,898.0
202212,1205,종합운동장역 4번출구,송파구,599.0,448.0
202212,1206,9호선종합운동장역 9번출구,송파구,743.0,792.0
202212,1207,마천중앙시장,송파구,380.0,375.0
202212,1208,풍납현대아파트쉼터,송파구,1395.0,1433.0
202212,1209,잠실나루역 (2번 출구 쪽),송파구,1769.0,1772.0
202212,1210,롯데월드타워(잠실역2번출구 쪽),송파구,4918.0,4846.0
202212,1211,방이삼거리,송파구,1876.0,2186.0
202212,1212,송파역 2번 출구앞,송파구,888.0,924.0
202212,1213,백토공원 앞,송파구,192.0,198.0
202212,1214,오금역 7번 출구 인근,송파구,542.0,525.0
202212,1215,올림픽공원역 1번출구 앞,송파구,1122.0,1127.0
202212,1217,송파파인타운 7단지,송파구,392.0,393.0
202212,1218,방이역 4번출구,송파구,1443.0,1437.0
202212,1220,잠실근린공원,송파구,1232.0,1355.0
202212,1221,삼전역 4번출구,송파구,935.0,942.0
202212,1222,잠실새내역 5번 출구 뒤,송파구,1749.0,1833.0
202212,1224,아시아지하보도 2번 출구,송파구,653.0,657.0
202212,1226,잠실4동 주민센터 옆,송파구,1221.0,1213.0
202212,1227,거여역 8번출구 뒤,송파구,865.0,865.0
202212,1228,마천사거리,송파구,591.0,609.0
202212,1229,송파체육문화회관 앞,송파구,734.0,730.0
202212,1230,송파중학교 정문,송파구,299.0,263.0
202212,1231,잠실역 6번출구,송파구,1186.0,1185.0
202212,1232,잠실주공 521동 건너편,송파구,1628.0,1620.0
202212,1233,잠실3거리(갤러리아팰리스),송파구,710.0,648.0
202212,1235,잠실트리지움310동 옆,송파구,1109.0,1113.0
202212,1239,문정 법조단지3,송파구,337.0,346.0
202212,1240,문정 법조단지4,송파구,383.0,340.0
202212,1241,문정 법조단지5,송파구,177.0,145.0
202212,1242,문정 법조단지6,송파구,45.0,39.0
202212,1243,문정 법조단지7,송파구,1304.0,1377.0
202212,1244,문정 법조단지8,송파구,1227.0,1189.0
202212,1245,문정 법조단지9,송파구,917.0,899.0
202212,1246,문정 법조단지10,송파구,979.0,978.0
202212,1247,문정 법조단지11,송파구,571.0,509.0
202212,1248,방이초등학교,송파구,1423.0,1205.0
202212,1249,아주중학교건너편,송파구,870.0,928.0
202212,1250,문정2동 주민센터,송파구,89.0,96.0
202212,1251,석촌역 2번출구,송파구,1738.0,1757.0
202212,1253,오금역 3번 출구 뒤,송파구,408.0,414.0
202212,1256,문정현대아파트 교차로,송파구,389.0,375.0
202212,1257,가락시장역 사거리,송파구,903.0,887.0
202212,1258,가락미륭아파트 앞,송파구,182.0,155.0
202212,1259,방이역 1번출구,송파구,889.0,867.0
202212,1260,방이동 한양3차아파트 옆,송파구,724.0,726.0
202212,1262,송파여성문화회관 앞,송파구,1446.0,1424.0
202212,1263,장지공영차고지,송파구,198.0,195.0
202212,1264,천호역 10번 출구 앞,송파구,2026.0,2037.0
202212,1265,문정동 근린공원,송파구,730.0,736.0
202212,1266,문정동 글샘 공원,송파구,395.0,307.0
202212,1267,올림픽공원 남2문 앞,송파구,595.0,602.0
202212,1268,몽촌토성역 1번출구 옆,송파구,588.0,577.0
202212,1269,리센츠아파트,송파구,816.0,718.0
202212,1271,송파도서관,송파구,407.0,409.0
202212,1274,영파여고 앞,송파구,998.0,996.0
202212,1275,거여초등학교 옆,송파구,324.0,326.0
202212,1277,성내6교,송파구,560.0,578.0
202212,1278,송파구청 교차로,송파구,1006.0,1009.0
202212,1279,마천금호어울림 1차아파트 건너편,송파구,152.0,152.0
202212,1280,송파파크데일 2단지입구 앞 주차장,송파구,270.0,271.0
202212,1282,송파소방서 맞은편(성내4교),송파구,923.0,925.0
202212,1283,오금공원 사거리,송파구,63.0,65.0
202212,1285,위례별 유치원 뒤,송파구,244.0,229.0
202212,1286,위례중앙푸르지오 1단지 앞,송파구,529.0,540.0
202212,1287,위례아이파크 101동 맞은편,송파구,271.0,269.0
202212,1288,문정중교 사거리,송파구,497.0,454.0
202212,1289,풍납토성 서성벽터B,송파구,327.0,332.0
202212,1290,위례송파꿈에그린아파트24단지 앞 성벽 다리 밑,송파구,164.0,170.0
202212,1291,서울체육고등학교 앞,송파구,670.0,683.0
202212,1293,석촌호수 서호 사거리,송파구,1825.0,1913.0
202212,1295,잠실역 8번출구,송파구,2114.0,2071.0
202212,1296,석촌호수교차로 (송파나루근린공원 앞),송파구,419.0,434.0
202212,1297,석촌호수교차로(동호 팔각정 앞),송파구,1774.0,1858.0
202212,1299,송파소방서 (방이119안전센터),송파구,359.0,325.0
202212,1300,오륜사거리,송파구,364.0,365.0
202212,2601,석촌호수 아뜰리에,송파구,1253.0,1342.0
202212,2603,송파 글마루 도서관,송파구,454.0,415.0
202212,2604,풍납토성 서성벽터A,송파구,636.0,687.0
202212,2605,복정역 1번 출구 앞,송파구,710.0,727.0
202212,2606,위례동주민센터 맞은편 근린공원,송파구,1127.0,1132.0
202212,2608,송파구청,송파구,3613.0,3769.0
202212,2609,보성중고등학교 후문 앞,송파구,131.0,119.0
202212,2611,송파지역자활센터 뒤,송파구,1820.0,1816.0
202212,2612,문정·가락 대여소 앞,송파구,16.0,21.0
202212,2613,잠실나들목,송파구,647.0,595.0
202212,2614,가락고등학교 앞,송파구,231.0,200.0
202212,2615,테라타워2,송파구,1342.0,1376.0
202212,2616,거여동 사거리,송파구,244.0,246.0
202212,2617,가락삼환아파트 앞,송파구,279.0,219.0
202212,2618,삼전역 1번출구,송파구,892.0,893.0
202212,2619,석촌고분역 4번출구,송파구,1141.0,1146.0
202212,2620,송파나루역 4번 출구옆,송파구,2498.0,2925.0
202212,2621,한성백제역 2번 출구,송파구,1170.0,1165.0
202212,2622,올림픽공원역 3번출구,송파구,2400.0,2399.0
202212,2623,석촌동 주민센터,송파구,1646.0,1634.0
202212,2625,가락종합 사회복지관,송파구,297.0,222.0
202212,2626,"경찰병원역 1,2번 출구 사이",송파구,450.0,454.0
202212,2627,문정시영아파트 5동 앞 공원,송파구,378.0,232.0
202212,2628,문정역 1번출구,송파구,1452.0,1462.0
202212,2630,서울방이동 고분군,송파구,1135.0,1084.0
202212,2631,배명고등학교,송파구,401.0,432.0
202212,2632,석촌고분역 2번 출구,송파구,1492.0,1509.0
202212,2633,송파학사 옆,송파구,472.0,435.0
202212,2634,위례포레샤인아파트 2318동,송파구,345.0,344.0
202212,2635,잠실새내역 1번출구,송파구,1471.0,1308.0
202212,2637,아시아지하보도 14번 출구,송파구,1035.0,1103.0
202212,2639,석촌역 8번출구,송파구,2135.0,2062.0
202212,2641,송파역 4번출구,송파구,1574.0,1715.0
202212,2642,마천동 성내천 쉼터,송파구,412.0,414.0
202212,2643,풍납중학교 측면,송파구,261.0,170.0
202212,2644,성내5교,송파구,583.0,609.0
202212,2645,잠실나들목2(엘스아파트136동),송파구,281.0,268.0
202212,2646,레이크펠리스101동앞,송파구,1735.0,1780.0
202212,2647,잠실 자전거 수리센터 앞,송파구,2040.0,2073.0
202212,2648,헬리오시티 112동 앞,송파구,669.0,645.0
202212,2649,오금공원사거리2,송파구,127.0,125.0
202212,2650,위례22단지 2208동 다리앞,송파구,289.0,283.0
202212,2651,경찰병원역 3번출구 앞,송파구,659.0,648.0
202212,2652,송파 레미니스1단지 102동 앞,송파구,575.0,519.0
202212,2653,올림픽공원사거리(선수촌아파트),송파구,744.0,752.0
202212,2654,올림픽선수촌아파트 136동 앞,송파구,299.0,256.0
202212,2655,송이공원,송파구,371.0,284.0
202212,2656,풍납동 아이파크 107동 앞,송파구,690.0,684.0
202212,2657,송파 파인타운 11단지,송파구,416.0,416.0
202212,2658,가락몰 업무동,송파구,891.0,964.0
202212,2659,서울친환경유통센터,송파구,147.0,146.0
202212,4452,삼성SDS,송파구,1510.0,1505.0
202212,4453,위례중앙푸르지오 201동 앞,송파구,810.0,823.0
202212,4454,위례 포레샤인 1809동 부근,송파구,190.0,79.0
202212,4456,위례포레샤인 2310동 부근,송파구,400.0,376.0
202212,4457,아산병원 기숙사 부근,송파구,2073.0,2081.0
202212,4458,가락2동주민센터 인근,송파구,353.0,340.0
202212,4460,올림픽훼미리아파트 112동 앞,송파구,637.0,645.0
202212,4461,한양3차아파트 3동 앞,송파구,98.0,98.0
202212,4462,가락중학교 앞,송파구,452.0,436.0
202212,4463,방이역 2번 출구,송파구,338.0,331.0
202212,4464,올림픽공원 북2문,송파구,745.0,815.0
202212,4465,건영아파트앞 사거리,송파구,989.0,970.0
202212,4467,한림연예예술고등학교,송파구,466.0,451.0
202212,4468,가락1동주민센터,송파구,669.0,526.0
202212,4469,거여동 어울림아파트  102동앞,송파구,364.0,361.0
202212,4472,송파파크데일 1단지 115동 건너편,송파구,249.0,176.0
202212,4473,마천금호어울림 1차 102동앞,송파구,115.0,111.0
202212,4474,가락현대 1차 11동 앞,송파구,224.0,183.0
202212,4475,송파파인타운 4단지 403동,송파구,320.0,309.0
202212,4478,문정근린공원2,송파구,705.0,689.0
202212,4479,문정중학교,송파구,126.0,110.0
202212,4480,가락시장 남1문 사거리,송파구,381.0,381.0
202212,4481,올림픽공원 북2문 2,송파구,1458.0,1559.0
202212,4483,잠실나들목4,송파구,435.0,415.0
202212,4484,잠실나루역4번출구뒤,송파구,876.0,875.0
202212,4485,잠실나루역 고가하부,송파구,339.0,318.0
202212,4486,홈플러스 잠실점,송파구,985.0,984.0
202212,4488,문현중.고등학교 사이,송파구,147.0,127.0
202212,4490,송파파인타운 10단지 1005동,송파구,202.0,187.0
202212,4491,장지역 1번출구,송파구,826.0,818.0
202212,4493,마천사거리 2,송파구,317.0,315.0
202212,4496,잠실 파크리오 120동 앞,송파구,831.0,797.0
202212,4497,아시아선수촌아파트 교차로,송파구,420.0,437.0
202212,4499,세양청마루 101동 앞,송파구,238.0,190.0
202212,4852,서울복합물류 게이트 1,송파구,1110.0,1073.0
202212,4853,송파 안전체험교육관,송파구,25.0,25.0
202212,4854,가락시장역 2번 출구,송파구,857.0,866.0
202212,4855,거여5단지 503동 앞,송파구,401.0,400.0
202212,4856,올림픽공원 서1문 앞,송파구,399.0,382.0
202212,4857,올림픽공원 장미광장,송파구,296.0,245.0
202212,4859,잠실나루 나들목,송파구,662.0,654.0
202212,4860,가락쌍용2차아파트 103동,송파구,437.0,433.0
202212,4862,성내교 남단,송파구,190.0,151.0
202212,4863,잠실나들목5,송파구,169.0,190.0
202212,4864,송파사거리,송파구,1503.0,1499.0
202212,4865,한성백제역 1번출구 뒤,송파구,1739.0,1711.0
202212,4867,가락대림아파트 앞,송파구,505.0,488.0
202212,4868,석촌호수 서호 남단,송파구,1986.0,2006.0
202212,4869,잠실나들목6,송파구,141.0,174.0
202212,4870,몽촌토성역 3번 출구,송파구,2391.0,2405.0
202212,4871,오금동 대림아파트 정문,송파구,368.0,360.0
202212,4872,개롱역 3번 출구 뒤,송파구,545.0,547.0
202212,4873,개롱역사거리 2번 출구,송파구,520.0,529.0
202212,4874,탄천1교 하부보도,송파구,334.0,356.0
202212,4875,위례포레샤인13단지,송파구,456.0,449.0
202212,4876,삼전동주민센터 앞,송파구,741.0,772.0
202212,4879,마천청소년센터,송파구,125.0,127.0
202212,4880,송파청소년센터,송파구,390.0,371.0
202212,4881,거여동사거리 송파둘레길 입구,송파구,171.0,171.0
202212,4882,위례포레샤인18단지 1802동,송파구,132.0,102.0
202212,4883,위례포레샤인18단지 1812동,송파구,150.0,76.0
202212,4884,H비즈니스파크,송파구,711.0,832.0
202212,4885,가든파이브 리빙관,송파구,202.0,157.0
202212,4886,배명고등학교 건너편,송파구,540.0,558.0
202212,4887,호돌이상가,송파구,447.0,491.0
202212,4888,둔촌오륜역 2번출구,송파구,151.0,159.0
202212,4889,마천역 1번 출구 인근②,송파구,220.0,224.0
202212,4891,위례포레샤인17단지 위례대로 방면,송파구,452.0,421.0
202212,4892,성내유수지 체육공원,송파구,182.0,164.0
202212,4893,문정법조단지12,송파구,1455.0,1794.0
202212,4895,위례포레샤인15단지 상가,송파구,511.0,506.0
202212,4896,위례포레샤인15단지,송파구,162.0,149.0
202212,4897,잠실주공5단지1,송파구,1451.0,1391.0
202212,5751,송파여성축구장,송파구,192.0,159.0
202212,5752,풍납백제문화공원 옆 인근,송파구,1446.0,1505.0
202212,5753,호반써밋,송파구,536.0,494.0
202212,5756,극동아파트,송파구,449.0,451.0
202212,5758,올림픽선수기자촌아파트 123동 근처,송파구,165.0,154.0
202212,5759,풍납근린공원,송파구,506.0,502.0
202212,5760,풍납사거리 성내유수지,송파구,553.0,525.0
202212,5761,버섯분수대,송파구,398.0,394.0
202212,5763,세륜초등학교 건너편,송파구,46.0,47.0
202212,5764,한국체육대학교,송파구,272.0,274.0
202212,5765,삼전동주민센터 건너편,송파구,618.0,602.0
202212,5766,북위례1,송파구,34.0,20.0
202212,5767,북위례2,송파구,3.0,3.0
202301,1201,가락시장역 3번 출구,송파구,,
202301,1203,밀리아나2빌딩 앞,송파구,950.0,
202301,1204,거여역 3번출구,송파구,850.0,864.0
202301,1205,종합운동장역 4번출구,송파구,556.0,390.0
202301,1206,9호선종합운동장역 9번출구,송파구,701.0,715.0
202301,1207,마천중앙시장,송파구,321.0,318.0
202301,1208,풍납현대아파트쉼터,송파구,,
202301,1209,잠실나루역 (2번 출구 쪽),송파구,,
202301,1210,롯데월드타워(잠실역2번출구 쪽),송파구,,
202301,1212,송파역 2번 출구앞,송파구,746.0,784.0
202301,1213,백토공원 앞,송파구,186.0,166.0
202301,1214,오금역 7번 출구 인근,송파구,558.0,543.0
202301,1215,올림픽공원역 1번출구 앞,송파구,966.0,952.0
202301,1217,송파파인타운 7단지,송파구,319.0,322.0
202301,1218,방이역 4번출구,송파구,,
202301,1220,잠실근린공원,송파구,,
202301,1221,삼전역 4번출구,송파구,832.0,827.0
202301,1222,잠실새내역 5번 출구 뒤,송파구,,
202301,1224,아시아지하보도 2번 출구,송파구,584.0,675.0
202301,1226,잠실4동 주민센터 옆,송파구,985.0,
202301,1227,거여역 8번출구 뒤,송파구,784.0,792.0
202301,1228,마천사거리,송파구,583.0,652.0
202301,1229,송파체육문화회관 앞,송파구,644.0,649.0
202301,1230,송파중학교 정문,송파구,320.0,243.0
202301,1231,잠실역 6번출구,송파구,,
202301,1232,잠실주공 521동 건너편,송파구,,
202301,1233,잠실3거리(갤러리아팰리스),송파구,629.0,554.0
202301,1235,잠실트리지움310동 옆,송파구,949.0,991.0
202301,1239,문정 법조단지3,송파구,331.0,309.0
202301,1240,문정 법조단지4,송파구,356.0,282.0
202301,1241,문정 법조단지5,송파구,171.0,139.0
202301,1242,문정 법조단지6,송파구,36.0,34.0
202301,1243,문정 법조단지7,송파구,,
202301,1244,문정 법조단지8,송파구,,
202301,1245,문정 법조단지9,송파구,786.0,788.0
202301,1246,문정 법조단지10,송파구,870.0,851.0
202301,1247,문정 법조단지11,송파구,553.0,456.0
202301,1248,방이초등학교,송파구,,
202301,1249,아주중학교건너편,송파구,800.0,838.0
202301,1250,문정2동 주민센터,송파구,96.0,92.0
202301,1251,석촌역 2번출구,송파구,,
202301,1253,오금역 3번 출구 뒤,송파구,420.0,413.0
202301,1256,문정현대아파트 교차로,송파구,371.0,369.0
202301,1257,가락시장역 사거리,송파구,772.0,765.0
202301,1258,가락미륭아파트 앞,송파구,201.0,183.0
202301,1259,방이역 1번출구,송파구,788.0,814.0
202301,1260,방이동 한양3차아파트 옆,송파구,722.0,718.0
202301,1262,송파여성문화회관 앞,송파구,,
202301,1263,장지공영차고지,송파구,169.0,192.0
202301,1264,천호역 10번 출구 앞,송파구,,
202301,1265,문정동 근린공원,송파구,548.0,563.0
202301,1266,문정동 글샘 공원,송파구,355.0,322.0
202301,1267,올림픽공원 남2문 앞,송파구,653.0,656.0
202301,1268,몽촌토성역 1번출구 옆,송파구,597.0,607.0
202301,1269,리센츠아파트,송파구,798.0,704.0
202301,1271,송파도서관,송파구,365.0,353.0
202301,1274,영파여고 앞,송파구,754.0,739.0
202301,1275,거여초등학교 옆,송파구,302.0,329.0
202301,1277,성내6교,송파구,527.0,594.0
202301,1278,송파구청 교차로,송파구,,
202301,1279,마천금호어울림 1차아파트 건너편,송파구,126.0,120.0
202301,1280,송파파크데일 2단지입구 앞 주차장,송파구,306.0,273.0
202301,1282,송파소방서 맞은편(성내4교),송파구,808.0,860.0
202301,1283,오금공원 사거리,송파구,107.0,47.0
202301,1285,위례별 유치원 뒤,송파구,207.0,207.0
202301,1286,위례중앙푸르지오 1단지 앞,송파구,577.0,566.0
202301,1287,위례아이파크 101동 맞은편,송파구,216.0,236.0
202301,1288,문정중교 사거리,송파구,516.0,382.0
202301,1289,풍납토성 서성벽터B,송파구,270.0,282.0
202301,1290,위례송파꿈에그린아파트24단지 앞 성벽 다리 밑,송파구,172.0,167.0
202301,1291,서울체육고등학교 앞,송파구,427.0,444.0
202301,1293,석촌호수 서호 사거리,송파구,,
202301,1295,잠실역 8번출구,송파구,,
202301,1296,석촌호수교차로 (송파나루근린공원 앞),송파구,305.0,290.0
202301,1297,석촌호수교차로(동호 팔각정 앞),송파구,,
202301,1299,송파소방서 (방이119안전센터),송파구,336.0,321.0
202301,1300,오륜사거리,송파구,337.0,337.0
202301,2601,석촌호수 아뜰리에,송파구,,
202301,2603,송파 글마루 도서관,송파구,394.0,343.0
202301,2604,풍납토성 서성벽터A,송파구,534.0,587.0
202301,2605,복정역 1번 출구 앞,송파구,619.0,612.0
202301,2606,위례동주민센터 맞은편 근린공원,송파구,970.0,
202301,2608,송파구청,송파구,,
202301,2609,보성중고등학교 후문 앞,송파구,60.0,82.0
202301,2611,송파지역자활센터 뒤,송파구,,
202301,2612,문정·가락 대여소 앞,송파구,26.0,14.0
202301,2613,잠실나들목,송파구,602.0,555.0
202301,2614,가락고등학교 앞,송파구,204.0,161.0
202301,2615,테라타워2,송파구,,
202301,2616,거여동 사거리,송파구,221.0,220.0
202301,2617,가락삼환아파트 앞,송파구,245.0,215.0
202301,2618,삼전역 1번출구,송파구,814.0,803.0
202301,2619,석촌고분역 4번출구,송파구,,
202301,2620,송파나루역 4번 출구옆,송파구,,
202301,2621,한성백제역 2번 출구,송파구,,
202301,2622,올림픽공원역 3번출구,송파구,,
202301,2623,석촌동 주민센터,송파구,,
202301,2625,가락종합 사회복지관,송파구,202.0,175.0
202301,2626,"경찰병원역 1,2번 출구 사이",송파구,438.0,430.0
202301,2627,문정시영아파트 5동 앞 공원,송파구,415.0,263.0
202301,2628,문정역 1번출구,송파구,,
202301,2630,서울방이동 고분군,송파구,,
202301,2631,배명고등학교,송파구,314.0,348.0
202301,2632,석촌고분역 2번 출구,송파구,,
202301,2633,송파학사 옆,송파구,440.0,415.0
202301,2634,위례포레샤인아파트 2318동,송파구,348.0,379.0
202301,2635,잠실새내역 1번출구,송파구,,
202301,2637,아시아지하보도 14번 출구,송파구,,
202301,2639,석촌역 8번출구,송파구,,
202301,2641,송파역 4번출구,송파구,,
202301,2642,마천동 성내천 쉼터,송파구,385.0,387.0
202301,2643,풍납중학교 측면,송파구,183.0,132.0
202301,2644,성내5교,송파구,458.0,524.0
202301,2645,잠실나들목2(엘스아파트136동),송파구,285.0,270.0
202301,2646,레이크펠리스101동앞,송파구,,
202301,2647,잠실 자전거 수리센터 앞,송파구,,
202301,2648,헬리오시티 112동 앞,송파구,563.0,475.0
202301,2649,오금공원사거리2,송파구,199.0,138.0
202301,2650,위례22단지 2208동 다리앞,송파구,194.0,208.0
202301,2651,경찰병원역 3번출구 앞,송파구,697.0,700.0
202301,2652,송파 레미니스1단지 102동 앞,송파구,543.0,424.0
202301,2653,올림픽공원사거리(선수촌아파트),송파구,789.0,767.0
202301,2654,올림픽선수촌아파트 136동 앞,송파구,291.0,230.0
202301,2655,송이공원,송파구,403.0,235.0
202301,2656,풍납동 아이파크 107동 앞,송파구,631.0,634.0
202301,2657,송파 파인타운 11단지,송파구,366.0,352.0
202301,2658,가락몰 업무동,송파구,771.0,878.0
202301,2659,서울친환경유통센터,송파구,111.0,109.0
202301,4452,삼성SDS,송파구,,
202301,4453,위례중앙푸르지오 201동 앞,송파구,856.0,869.0
202301,4454,위례 포레샤인 1809동 부근,송파구,212.0,74.0
202301,4456,위례포레샤인 2310동 부근,송파구,274.0,309.0
202301,4457,아산병원 기숙사 부근,송파구,,
202301,4458,가락2동주민센터 인근,송파구,457.0,368.0
202301,4460,올림픽훼미리아파트 112동 앞,송파구,519.0,559.0
202301,4461,한양3차아파트 3동 앞,송파구,164.0,101.0
202301,4462,가락중학교 앞,송파구,396.0,385.0
202301,4463,방이역 2번 출구,송파구,374.0,381.0
202301,4464,올림픽공원 북2문,송파구,712.0,730.0
202301,4465,건영아파트앞 사거리,송파구,924.0,937.0
202301,4467,한림연예예술고등학교,송파구,368.0,295.0
202301,4468,가락1동주민센터,송파구,583.0,525.0
202301,4469,거여동 어울림아파트  102동앞,송파구,356.0,309.0
202301,4472,송파파크데일 1단지 115동 건너편,송파구,200.0,165.0
202301,4473,마천금호어울림 1차 102동앞,송파구,116.0,112.0
202301,4474,가락현대 1차 11동 앞,송파구,286.0,213.0
202301,4475,송파파인타운 4단지 403동,송파구,250.0,251.0
202301,4478,문정근린공원2,송파구,605.0,603.0
202301,4479,문정중학교,송파구,138.0,122.0
202301,4480,가락시장 남1문 사거리,송파구,334.0,360.0
202301,4481,올림픽공원 북2문 2,송파구,,
202301,4483,잠실나들목4,송파구,386.0,387.0
202301,4484,잠실나루역4번출구뒤,송파구,664.0,667.0
202301,4485,잠실나루역 고가하부,송파구,384.0,227.0
202301,4486,홈플러스 잠실점,송파구,853.0,854.0
202301,4488,문현중.고등학교 사이,송파구,126.0,98.0
202301,4490,송파파인타운 10단지 1005동,송파구,165.0,149.0
202301,4491,장지역 1번출구,송파구,698.0,695.0
202301,4493,마천사거리 2,송파구,251.0,275.0
202301,4496,잠실 파크리오 120동 앞,송파구,651.0,639.0
202301,4497,아시아선수촌아파트 교차로,송파구,394.0,401.0
202301,4499,세양청마루 101동 앞,송파구,304.0,201.0
202301,4852,서울복합물류 게이트 1,송파구,944.0,929.0
202301,4854,가락시장역 2번 출구,송파구,690.0,676.0
202301,4855,거여5단지 503동 앞,송파구,312.0,318.0
202301,4856,올림픽공원 서1문 앞,송파구,349.0,353.0
202301,4857,올림픽공원 장미광장,송파구,252.0,237.0
202301,4859,잠실나루 나들목,송파구,551.0,562.0
202301,4860,가락쌍용2차아파트 103동,송파구,377.0,370.0
202301,4862,성내교 남단,송파구,195.0,162.0
202301,4863,잠실나들목5,송파구,148.0,163.0
202301,4864,송파사거리,송파구,,
202301,4865,한성백제역 1번출구 뒤,송파구,,
202301,4867,가락대림아파트 앞,송파구,424.0,407.0
202301,4868,석촌호수 서호 남단,송파구,,
202301,4869,잠실나들목6,송파구,155.0,176.0
202301,4870,몽촌토성역 3번 출구,송파구,,
202301,4871,오금동 대림아파트 정문,송파구,336.0,308.0
202301,4872,개롱역 3번 출구 뒤,송파구,433.0,436.0
202301,4873,개롱역사거리 2번 출구,송파구,514.0,500.0
202301,4874,탄천1교 하부보도,송파구,269.0,311.0
202301,4875,위례포레샤인13단지,송파구,398.0,405.0
202301,4876,삼전동주민센터 앞,송파구,622.0,702.0
202301,4879,마천청소년센터,송파구,106.0,106.0
202301,4880,송파청소년센터,송파구,341.0,357.0
202301,4881,거여동사거리 송파둘레길 입구,송파구,164.0,166.0
202301,4882,위례포레샤인18단지 1802동,송파구,116.0,92.0
202301,4883,위례포레샤인18단지 1812동,송파구,161.0,33.0
202301,4884,H비즈니스파크,송파구,646.0,727.0
202301,4885,가든파이브 리빙관,송파구,208.0,163.0
202301,4886,배명고등학교 건너편,송파구,395.0,419.0
202301,4887,호돌이상가,송파구,358.0,416.0
202301,4888,둔촌오륜역 2번출구,송파구,140.0,117.0
202301,4889,마천역 1번 출구 인근②,송파구,197.0,183.0
202301,4891,위례포레나송파,송파구,399.0,405.0
202301,4892,성내유수지 체육공원,송파구,202.0,141.0
202301,4893,문정법조단지12,송파구,,
202301,4895,위례포레샤인15단지 상가,송파구,413.0,423.0
202301,4896,위례포레샤인15단지,송파구,111.0,108.0
202301,4897,잠실주공5단지1,송파구,,
202301,5751,송파여성축구장,송파구,217.0,171.0
202301,5752,풍납백제문화공원 옆 인근,송파구,,
202301,5753,호반써밋,송파구,491.0,457.0
202301,5756,극동아파트,송파구,498.0,501.0
202301,5758,올림픽선수기자촌아파트 123동 근처,송파구,212.0,170.0
202301,5759,풍납근린공원,송파구,437.0,418.0
202301,5760,풍납사거리 성내유수지,송파구,466.0,460.0
202301,5761,버섯분수대,송파구,376.0,363.0
202301,5763,세륜초등학교 건너편,송파구,54.0,51.0
202301,5764,한국체육대학교,송파구,223.0,214.0
202301,5765,삼전동주민센터 건너편,송파구,498.0,521.0
202301,5766,북위례1,송파구,171.0,94.0
202301,5767,북위례2,송파구,73.0,62.0
202302,1201,가락시장역 3번 출구,송파구,,
202302,1203,밀리아나2빌딩 앞,송파구,,
202302,1204,거여역 3번출구,송파구,,
202302,1205,종합운동장역 4번출구,송파구,864.0,690.0
202302,1206,9호선종합운동장역 9번출구,송파구,945.0,944.0
202302,1207,마천중앙시장,송파구,446.0,445.0
202302,1208,풍납현대아파트쉼터,송파구,,
202302,1209,잠실나루역 (2번 출구 쪽),송파구,,
202302,1210,롯데월드타워(잠실역2번출구 쪽),송파구,,
202302,1212,송파역 2번 출구앞,송파구,,
202302,1213,백토공원 앞,송파구,287.0,262.0
202302,1214,오금역 7번 출구 인근,송파구,786.0,780.0
202302,1215,올림픽공원역 1번출구 앞,송파구,,
202302,1217,송파파인타운 7단지,송파구,596.0,588.0
202302,1218,방이역 4번출구,송파구,,
202302,1220,잠실근린공원,송파구,,
202302,1221,삼전역 4번출구,송파구,,
202302,1222,잠실새내역 5번 출구 뒤,송파구,,
202302,1224,아시아지하보도 2번 출구,송파구,913.0,844.0
202302,1226,잠실4동 주민센터 옆,송파구,,
202302,1227,거여역 8번출구 뒤,송파구,,
202302,1228,마천사거리,송파구,793.0,950.0
202302,1229,송파체육문화회관 앞,송파구,994.0,
202302,1230,송파중학교 정문,송파구,476.0,442.0
202302,1231,잠실역 6번출구,송파구,,
202302,1232,잠실주공 521동 건너편,송파구,,
202302,1233,잠실3거리(갤러리아팰리스),송파구,893.0,753.0
202302,1235,잠실트리지움310동 옆,송파구,,
202302,1239,문정 법조단지3,송파구,379.0,374.0
202302,1240,문정 법조단지4,송파구,499.0,447.0
202302,1241,문정 법조단지5,송파구,274.0,247.0
202302,1242,문정 법조단지6,송파구,62.0,48.0
202302,1243,문정 법조단지7,송파구,,
202302,1244,문정 법조단지8,송파구,,
202302,1245,문정 법조단지9,송파구,,
202302,1246,문정 법조단지10,송파구,,
202302,1247,문정 법조단지11,송파구,637.0,531.0
202302,1248,방이초등학교,송파구,,
202302,1249,아주중학교건너편,송파구,,
202302,1250,문정2동 주민센터,송파구,117.0,115.0
202302,1251,석촌역 2번출구,송파구,,
202302,1253,오금역 3번 출구 뒤,송파구,571.0,546.0
202302,1256,문정현대아파트 교차로,송파구,582.0,564.0
202302,1257,가락시장역 사거리,송파구,,
202302,1258,가락미륭아파트 앞,송파구,305.0,254.0
202302,1259,방이역 1번출구,송파구,,
202302,1260,방이동 한양3차아파트 옆,송파구,,957.0
202302,1262,송파여성문화회관 앞,송파구,,
202302,1263,장지공영차고지,송파구,235.0,232.0
202302,1264,천호역 10번 출구 앞,송파구,,
202302,1265,문정동 근린공원,송파구,844.0,849.0
202302,1266,문정동 글샘 공원,송파구,486.0,449.0
202302,1267,올림픽공원 남2문 앞,송파구,853.0,836.0
202302,1268,몽촌토성역 1번출구 옆,송파구,,
202302,1269,리센츠아파트,송파구,,986.0
202302,1271,송파도서관,송파구,593.0,593.0
202302,1274,영파여고 앞,송파구,,991.0
202302,1275,거여초등학교 옆,송파구,475.0,457.0
202302,1277,성내6교,송파구,816.0,924.0
202302,1278,송파구청 교차로,송파구,,
202302,1279,마천금호어울림 1차아파트 건너편,송파구,228.0,224.0
202302,1280,송파파크데일 2단지입구 앞 주차장,송파구,412.0,389.0
202302,1282,송파소방서 맞은편(성내4교),송파구,,
202302,1283,오금공원 사거리,송파구,158.0,105.0
202302,1285,위례별 유치원 뒤,송파구,295.0,304.0
202302,1286,위례중앙푸르지오 1단지 앞,송파구,835.0,850.0
202302,1287,위례아이파크 101동 맞은편,송파구,313.0,327.0
202302,1288,문정중교 사거리,송파구,727.0,618.0
202302,1289,풍납토성 서성벽터B,송파구,417.0,438.0
202302,1290,위례송파꿈에그린아파트24단지 앞 성벽 다리 밑,송파구,188.0,182.0
202302,1291,서울체육고등학교 앞,송파구,480.0,565.0
202302,1293,석촌호수 서호 사거리,송파구,,
202302,1295,잠실역 8번출구,송파구,,
202302,1296,석촌호수교차로 (송파나루근린공원 앞),송파구,467.0,426.0
202302,1297,석촌호수교차로(동호 팔각정 앞),송파구,,
202302,1299,송파소방서 (방이119안전센터),송파구,447.0,448.0
202302,1300,오륜사거리,송파구,520.0,550.0
202302,2601,석촌호수 아뜰리에,송파구,,
202302,2603,송파 글마루 도서관,송파구,549.0,537.0
202302,2604,풍납토성 서성벽터A,송파구,737.0,803.0
202302,2605,복정역 1번 출구 앞,송파구,,
202302,2606,위례동주민센터 맞은편 근린공원,송파구,,
202302,2608,송파구청,송파구,,
202302,2609,보성중고등학교 후문 앞,송파구,83.0,113.0
202302,2611,송파지역자활센터 뒤,송파구,,
202302,2612,문정·가락 대여소 앞,송파구,37.0,25.0
202302,2613,잠실나들목,송파구,,
202302,2614,가락고등학교 앞,송파구,243.0,222.0
202302,2615,테라타워2,송파구,,
202302,2616,거여동 사거리,송파구,338.0,337.0
202302,2617,가락삼환아파트 앞,송파구,422.0,336.0
202302,2618,삼전역 1번출구,송파구,,
202302,2619,석촌고분역 4번출구,송파구,,
202302,2620,송파나루역 4번 출구옆,송파구,,
202302,2621,한성백제역 2번 출구,송파구,,
202302,2622,올림픽공원역 3번출구,송파구,,
202302,2623,석촌동 주민센터,송파구,,
202302,2625,가락종합 사회복지관,송파구,332.0,308.0
202302,2626,"경찰병원역 1,2번 출구 사이",송파구,655.0,658.0
202302,2627,문정시영아파트 5동 앞 공원,송파구,701.0,341.0
202302,2628,문정역 1번출구,송파구,,
202302,2630,서울방이동 고분군,송파구,,
202302,2631,배명고등학교,송파구,512.0,588.0
202302,2632,석촌고분역 2번 출구,송파구,,
202302,2633,송파학사 옆,송파구,767.0,725.0
202302,2634,위례포레샤인아파트 2318동,송파구,569.0,574.0
202302,2635,잠실새내역 1번출구,송파구,,
202302,2637,아시아지하보도 14번 출구,송파구,,
202302,2639,석촌역 8번출구,송파구,,
202302,2641,송파역 4번출구,송파구,,
202302,2642,마천동 성내천 쉼터,송파구,677.0,665.0
202302,2643,풍납중학교 측면,송파구,387.0,240.0
202302,2644,성내5교,송파구,770.0,835.0
202302,2645,잠실나들목2(엘스아파트136동),송파구,367.0,373.0
202302,2646,레이크펠리스101동앞,송파구,,
202302,2647,잠실 자전거 수리센터 앞,송파구,,
202302,2648,헬리오시티 112동 앞,송파구,921.0,790.0
202302,2649,오금공원사거리2,송파구,262.0,233.0
202302,2650,위례22단지 2208동 다리앞,송파구,287.0,320.0
202302,2651,경찰병원역 3번출구 앞,송파구,909.0,922.0
202302,2652,송파 레미니스1단지 102동 앞,송파구,769.0,642.0
202302,2653,올림픽공원사거리(선수촌아파트),송파구,,989.0
202302,2654,올림픽선수촌아파트 136동 앞,송파구,414.0,352.0
202302,2655,송이공원,송파구,417.0,329.0
202302,2656,풍납동 아이파크 107동 앞,송파구,,995.0
202302,2657,송파 파인타운 11단지,송파구,497.0,481.0
202302,2658,가락몰 업무동,송파구,,
202302,2659,서울친환경유통센터,송파구,145.0,143.0
202302,4452,삼성SDS,송파구,,
202302,4453,위례중앙푸르지오 201동 앞,송파구,,
202302,4454,위례 포레샤인 1809동 부근,송파구,327.0,97.0
202302,4456,위례포레샤인 2310동 부근,송파구,501.0,545.0
202302,4457,아산병원 기숙사 부근,송파구,,
202302,4458,가락2동주민센터 인근,송파구,546.0,518.0
202302,4460,올림픽훼미리아파트 112동 앞,송파구,753.0,768.0
202302,4461,한양3차아파트 3동 앞,송파구,216.0,189.0
202302,4462,가락중학교 앞,송파구,467.0,463.0
202302,4463,방이역 2번 출구,송파구,503.0,492.0
202302,4464,올림픽공원 북2문,송파구,,
202302,4465,건영아파트앞 사거리,송파구,,
202302,4467,한림연예예술고등학교,송파구,595.0,532.0
202302,4468,가락1동주민센터,송파구,693.0,645.0
202302,4469,거여동 어울림아파트  102동앞,송파구,535.0,525.0
202302,4472,송파파크데일 1단지 115동 건너편,송파구,404.0,342.0
202302,4473,마천금호어울림 1차 102동앞,송파구,129.0,124.0
202302,4474,가락현대 1차 11동 앞,송파구,288.0,254.0
202302,4475,송파파인타운 4단지 403동,송파구,351.0,350.0
202302,4478,문정근린공원2,송파구,870.0,864.0
202302,4479,문정중학교,송파구,175.0,172.0
202302,4480,가락시장 남1문 사거리,송파구,415.0,420.0
202302,4481,올림픽공원 북2문 2,송파구,,
202302,4483,잠실나들목4,송파구,841.0,879.0
202302,4484,잠실나루역4번출구뒤,송파구,,
202302,4485,잠실나루역 고가하부,송파구,409.0,366.0
202302,4486,홈플러스 잠실점,송파구,,
202302,4488,문현중.고등학교 사이,송파구,120.0,122.0
202302,4490,송파파인타운 10단지 1005동,송파구,264.0,206.0
202302,4491,장지역 1번출구,송파구,974.0,983.0
202302,4493,마천사거리 2,송파구,426.0,417.0
202302,4496,잠실 파크리오 120동 앞,송파구,,
202302,4497,아시아선수촌아파트 교차로,송파구,525.0,581.0
202302,4499,세양청마루 101동 앞,송파구,592.0,330.0
202302,4852,서울복합물류 게이트 1,송파구,,
202302,4854,가락시장역 2번 출구,송파구,903.0,926.0
202302,4855,거여5단지 503동 앞,송파구,511.0,512.0
202302,4856,올림픽공원 서1문 앞,송파구,562.0,564.0
202302,4857,올림픽공원 장미광장,송파구,420.0,358.0
202302,4859,잠실나루 나들목,송파구,920.0,929.0
202302,4860,가락쌍용2차아파트 103동,송파구,474.0,470.0
202302,4862,성내교 남단,송파구,365.0,239.0
202302,4863,잠실나들목5,송파구,303.0,293.0
202302,4864,송파사거리,송파구,,
202302,4865,한성백제역 1번출구 뒤,송파구,,
202302,4867,가락대림아파트 앞,송파구,652.0,644.0
202302,4868,석촌호수 서호 남단,송파구,,
202302,4869,잠실나들목6,송파구,258.0,329.0
202302,4870,몽촌토성역 3번 출구,송파구,,
202302,4871,오금동 대림아파트 정문,송파구,468.0,463.0
202302,4872,개롱역 3번 출구 뒤,송파구,765.0,765.0
202302,4873,개롱역사거리 2번 출구,송파구,701.0,709.0
202302,4874,탄천1교 하부보도,송파구,442.0,446.0
202302,4875,위례포레샤인13단지,송파구,612.0,606.0
202302,4876,삼전동주민센터 앞,송파구,,
202302,4879,마천청소년센터,송파구,209.0,203.0
202302,4880,송파청소년센터,송파구,642.0,630.0
202302,4881,거여동사거리 송파둘레길 입구,송파구,206.0,184.0
202302,4882,위례포레샤인18단지 1802동,송파구,199.0,165.0
202302,4883,위례포레샤인18단지 1812동,송파구,113.0,42.0
202302,4884,H비즈니스파크,송파구,,
202302,4885,가든파이브 리빙관,송파구,251.0,216.0
202302,4886,배명고등학교 건너편,송파구,538.0,555.0
202302,4887,호돌이상가,송파구,499.0,543.0
202302,4888,둔촌오륜역 2번출구,송파구,185.0,188.0
202302,4889,마천역 1번 출구 인근②,송파구,348.0,341.0
202302,4891,위례포레나송파,송파구,652.0,564.0
202302,4892,성내유수지 체육공원,송파구,269.0,181.0
202302,4893,문정법조단지12,송파구,,
202302,4895,위례포레샤인15단지 상가,송파구,645.0,641.0
202302,4896,위례포레샤인15단지,송파구,214.0,168.0
202302,4897,잠실주공5단지1,송파구,,
202302,5751,송파여성축구장,송파구,311.0,235.0
202302,5752,풍납백제문화공원 옆 인근,송파구,,
202302,5753,호반써밋,송파구,614.0,601.0
202302,5756,극동아파트,송파구,720.0,660.0
202302,5758,올림픽선수기자촌아파트 123동 근처,송파구,386.0,263.0
202302,5759,풍납근린공원,송파구,579.0,580.0
202302,5760,풍납사거리 성내유수지,송파구,686.0,718.0
202302,5761,버섯분수대,송파구,638.0,637.0
202302,5763,세륜초등학교 건너편,송파구,133.0,108.0
202302,5764,한국체육대학교,송파구,300.0,293.0
202302,5765,삼전동주민센터 건너편,송파구,734.0,838.0
202302,5766,북위례1,송파구,296.0,199.0
202302,5767,북위례2,송파구,188.0,190.0
202302,5768,방이삼거리,송파구,,
202303,1201,가락시장역 3번 출구,송파구,,
202303,1203,밀리아나2빌딩 앞,송파구,,
202303,1204,거여역 3번출구,송파구,,
202303,1205,종합운동장역 4번출구,송파구,,
202303,1206,9호선종합운동장역 9번출구,송파구,,
202303,1207,마천중앙시장,송파구,775.0,876.0
202303,1208,풍납현대아파트쉼터,송파구,,
202303,1209,잠실나루역 (2번 출구 쪽),송파구,,
202303,1210,롯데월드타워(잠실역2번출구 쪽),송파구,,
202303,1212,송파역 2번 출구앞,송파구,,
202303,1213,백토공원 앞,송파구,457.0,373.0
202303,1214,오금역 7번 출구 인근,송파구,,
202303,1215,올림픽공원역 1번출구 앞,송파구,,
202303,1217,송파파인타운 7단지,송파구,843.0,846.0
202303,1218,방이역 4번출구,송파구,,
202303,1220,잠실근린공원,송파구,,
202303,1221,삼전역 4번출구,송파구,,
202303,1222,잠실새내역 5번 출구 뒤,송파구,,
202303,1224,아시아지하보도 2번 출구,송파구,,
202303,1226,잠실4동 주민센터 옆,송파구,,
202303,1227,거여역 8번출구 뒤,송파구,,
202303,1228,마천사거리,송파구,,
202303,1229,송파체육문화회관 앞,송파구,,
202303,1230,송파중학교 정문,송파구,957.0,845.0
202303,1231,잠실역 6번출구,송파구,,
202303,1232,잠실주공 521동 건너편,송파구,,
202303,1233,잠실3거리(갤러리아팰리스),송파구,,
202303,1235,잠실트리지움310동 옆,송파구,,
202303,1239,문정 법조단지3,송파구,672.0,672.0
202303,1240,문정 법조단지4,송파구,914.0,807.0
202303,1241,문정 법조단지5,송파구,535.0,491.0
202303,1242,문정 법조단지6,송파구,170.0,146.0
202303,1243,문정 법조단지7,송파구,,
202303,1244,문정 법조단지8,송파구,,
202303,1245,문정 법조단지9,송파구,,
202303,1246,문정 법조단지10,송파구,,
202303,1247,문정 법조단지11,송파구,,998.0
202303,1248,방이초등학교,송파구,,
202303,1249,아주중학교건너편,송파구,,
202303,1250,문정2동 주민센터,송파구,150.0,142.0
202303,1251,석촌역 2번출구,송파구,,
202303,1253,오금역 3번 출구 뒤,송파구,,
202303,1256,문정현대아파트 교차로,송파구,871.0,862.0
202303,1257,가락시장역 사거리,송파구,,
202303,1258,가락미륭아파트 앞,송파구,629.0,471.0
202303,1259,방이역 1번출구,송파구,,
202303,1260,방이동 한양3차아파트 옆,송파구,,
202303,1262,송파여성문화회관 앞,송파구,,
202303,1263,장지공영차고지,송파구,353.0,360.0
202303,1264,천호역 10번 출구 앞,송파구,,
202303,1265,문정동 근린공원,송파구,,
202303,1266,문정동 글샘 공원,송파구,908.0,786.0
202303,1267,올림픽공원 남2문 앞,송파구,,
202303,1268,몽촌토성역 1번출구 옆,송파구,,
202303,1269,리센츠아파트,송파구,,
202303,1271,송파도서관,송파구,,
202303,1274,영파여고 앞,송파구,,
202303,1275,거여초등학교 옆,송파구,824.0,878.0
202303,1277,성내6교,송파구,,
202303,1278,송파구청 교차로,송파구,,
202303,1279,마천금호어울림 1차아파트 건너편,송파구,402.0,399.0
202303,1280,송파파크데일 2단지입구 앞 주차장,송파구,733.0,690.0
202303,1282,송파소방서 맞은편(성내4교),송파구,,
202303,1283,오금공원 사거리,송파구,260.0,144.0
202303,1285,위례별 유치원 뒤,송파구,599.0,578.0
202303,1286,위례중앙푸르지오 1단지 앞,송파구,,
202303,1287,위례아이파크 101동 맞은편,송파구,641.0,623.0
202303,1288,문정중교 사거리,송파구,,
202303,1289,풍납토성 서성벽터B,송파구,827.0,850.0
202303,1290,위례송파꿈에그린아파트24단지 앞 성벽 다리 밑,송파구,417.0,430.0
202303,1291,서울체육고등학교 앞,송파구,,
202303,1293,석촌호수 서호 사거리,송파구,,
202303,1295,잠실역 8번출구,송파구,,
202303,1296,석촌호수교차로 (송파나루근린공원 앞),송파구,,
202303,1297,석촌호수교차로(동호 팔각정 앞),송파구,,
202303,1299,송파소방서 (방이119안전센터),송파구,720.0,674.0
202303,1300,오륜사거리,송파구,856.0,891.0
202303,2601,석촌호수 아뜰리에,송파구,,
202303,2603,송파 글마루 도서관,송파구,,995.0
202303,2604,풍납토성 서성벽터A,송파구,,
202303,2605,복정역 1번 출구 앞,송파구,,
202303,2606,위례동주민센터 맞은편 근린공원,송파구,,
202303,2608,송파구청,송파구,,
202303,2609,보성중고등학교 후문 앞,송파구,335.0,289.0
202303,2611,송파지역자활센터 뒤,송파구,,
202303,2612,문정·가락 대여소 앞,송파구,68.0,49.0
202303,2613,잠실나들목,송파구,,
202303,2614,가락고등학교 앞,송파구,483.0,408.0
202303,2615,테라타워2,송파구,,
202303,2616,거여동 사거리,송파구,559.0,543.0
202303,2617,가락삼환아파트 앞,송파구,804.0,617.0
202303,2618,삼전역 1번출구,송파구,,
202303,2619,석촌고분역 4번출구,송파구,,
202303,2620,송파나루역 4번 출구옆,송파구,,
202303,2621,한성백제역 2번 출구,송파구,,
202303,2622,올림픽공원역 3번출구,송파구,,
202303,2623,석촌동 주민센터,송파구,,
202303,2625,가락종합 사회복지관,송파구,678.0,624.0
202303,2626,"경찰병원역 1,2번 출구 사이",송파구,,
202303,2627,문정시영아파트 5동 앞 공원,송파구,857.0,548.0
202303,2628,문정역 1번출구,송파구,,
202303,2630,서울방이동 고분군,송파구,,
202303,2631,배명고등학교,송파구,,
202303,2632,석촌고분역 2번 출구,송파구,,
202303,2633,송파학사 옆,송파구,,
202303,2634,위례포레샤인아파트 2318동,송파구,989.0,
202303,2635,잠실새내역 1번출구,송파구,,
202303,2637,아시아지하보도 14번 출구,송파구,,
202303,2639,석촌역 8번출구,송파구,,
202303,2641,송파역 4번출구,송파구,,
202303,2642,마천동 성내천 쉼터,송파구,,
202303,2643,풍납중학교 측면,송파구,764.0,563.0
202303,2644,성내5교,송파구,,
202303,2645,잠실나들목2(엘스아파트136동),송파구,807.0,817.0
202303,2646,레이크펠리스101동앞,송파구,,
202303,2647,잠실 자전거 수리센터 앞,송파구,,
202303,2648,헬리오시티 112동 앞,송파구,,
202303,2649,오금공원사거리2,송파구,511.0,350.0
202303,2650,위례22단지 2208동 다리앞,송파구,604.0,609.0
202303,2651,경찰병원역 3번출구 앞,송파구,,
202303,2652,송파 레미니스1단지 102동 앞,송파구,,
202303,2653,올림픽공원사거리(선수촌아파트),송파구,,
202303,2654,올림픽선수촌아파트 136동 앞,송파구,740.0,626.0
202303,2655,송이공원,송파구,752.0,628.0
202303,2656,풍납동 아이파크 107동 앞,송파구,,
202303,2657,송파 파인타운 11단지,송파구,,
202303,2658,가락몰 업무동,송파구,,
202303,2659,서울친환경유통센터,송파구,266.0,255.0
202303,4452,삼성SDS,송파구,,
202303,4453,위례중앙푸르지오 201동 앞,송파구,,
202303,4454,위례 포레샤인 1809동 부근,송파구,375.0,174.0
202303,4456,위례포레샤인 2310동 부근,송파구,962.0,992.0
202303,4457,아산병원 기숙사 부근,송파구,,
202303,4458,가락2동주민센터 인근,송파구,948.0,882.0
202303,4460,올림픽훼미리아파트 112동 앞,송파구,,
202303,4461,한양3차아파트 3동 앞,송파구,405.0,322.0
202303,4462,가락중학교 앞,송파구,829.0,789.0
202303,4463,방이역 2번 출구,송파구,842.0,842.0
202303,4464,올림픽공원 북2문,송파구,,
202303,4465,건영아파트앞 사거리,송파구,,
202303,4467,한림연예예술고등학교,송파구,,
202303,4468,가락1동주민센터,송파구,,
202303,4469,거여동 어울림아파트  102동앞,송파구,946.0,921.0
202303,4472,송파파크데일 1단지 115동 건너편,송파구,690.0,642.0
202303,4473,마천금호어울림 1차 102동앞,송파구,251.0,245.0
202303,4474,가락현대 1차 11동 앞,송파구,498.0,469.0
202303,4475,송파파인타운 4단지 403동,송파구,561.0,564.0
202303,4478,문정근린공원2,송파구,,
202303,4479,문정중학교,송파구,286.0,230.0
202303,4480,가락시장 남1문 사거리,송파구,815.0,798.0
202303,4481,올림픽공원 북2문 2,송파구,,
202303,4483,잠실나들목4,송파구,,
202303,4484,잠실나루역4번출구뒤,송파구,,
202303,4485,잠실나루역 고가하부,송파구,732.0,615.0
202303,4486,홈플러스 잠실점,송파구,,
202303,4488,문현중.고등학교 사이,송파구,233.0,230.0
202303,4490,송파파인타운 10단지 1005동,송파구,406.0,372.0
202303,4491,장지역 1번출구,송파구,,
202303,4493,마천사거리 2,송파구,649.0,706.0
202303,4496,잠실 파크리오 120동 앞,송파구,,
202303,4497,아시아선수촌아파트 교차로,송파구,,
202303,4499,세양청마루 101동 앞,송파구,657.0,516.0
202303,4852,서울복합물류 게이트 1,송파구,,
202303,4854,가락시장역 2번 출구,송파구,,
202303,4855,거여5단지 503동 앞,송파구,781.0,741.0
202303,4856,올림픽공원 서1문 앞,송파구,973.0,973.0
202303,4857,올림픽공원 장미광장,송파구,787.0,735.0
202303,4859,잠실나루 나들목,송파구,,
202303,4860,가락쌍용2차아파트 103동,송파구,941.0,907.0
202303,4862,성내교 남단,송파구,735.0,570.0
202303,4863,잠실나들목5,송파구,565.0,626.0
202303,4864,송파사거리,송파구,,
202303,4865,한성백제역 1번출구 뒤,송파구,,
202303,4867,가락대림아파트 앞,송파구,,
202303,4868,석촌호수 서호 남단,송파구,,
202303,4869,잠실나들목6,송파구,889.0,
202303,4870,몽촌토성역 3번 출구,송파구,,
202303,4871,오금동 대림아파트 정문,송파구,805.0,789.0
202303,4872,개롱역 3번 출구 뒤,송파구,,
202303,4873,개롱역사거리 2번 출구,송파구,,
202303,4874,탄천1교 하부보도,송파구,721.0,776.0
202303,4875,위례포레샤인13단지,송파구,882.0,890.0
202303,4876,삼전동주민센터 앞,송파구,,
202303,4879,마천청소년센터,송파구,283.0,285.0
202303,4880,송파청소년센터,송파구,945.0,959.0
202303,4881,거여동사거리 송파둘레길 입구,송파구,292.0,292.0
202303,4882,위례포레샤인18단지 1802동,송파구,362.0,333.0
202303,4883,위례포레샤인18단지 1812동,송파구,228.0,83.0
202303,4884,H비즈니스파크,송파구,,
202303,4885,가든파이브 리빙관,송파구,469.0,426.0
202303,4886,배명고등학교 건너편,송파구,964.0,969.0
202303,4887,호돌이상가,송파구,877.0,875.0
202303,4888,둔촌오륜역 2번출구,송파구,480.0,361.0
202303,4889,마천역 1번 출구 인근②,송파구,827.0,708.0
202303,4891,위례포레나송파,송파구,,
202303,4892,성내유수지 체육공원,송파구,565.0,391.0
202303,4893,문정법조단지12,송파구,,
202303,4895,위례포레샤인15단지 상가,송파구,,
202303,4896,위례포레샤인15단지,송파구,397.0,351.0
202303,4897,잠실주공5단지1,송파구,,
202303,5751,송파여성축구장,송파구,612.0,592.0
202303,5752,풍납백제문화공원 옆 인근,송파구,,
202303,5753,호반써밋,송파구,,
202303,5756,극동아파트,송파구,,
202303,5758,올림픽선수기자촌아파트 123동 근처,송파구,474.0,377.0
202303,5759,풍납근린공원,송파구,,
202303,5760,풍납사거리 성내유수지,송파구,,
202303,5761,버섯분수대,송파구,,
202303,5763,세륜초등학교 건너편,송파구,352.0,291.0
202303,5764,한국체육대학교,송파구,876.0,853.0
202303,5765,삼전동주민센터 건너편,송파구,,
202303,5766,북위례1,송파구,469.0,358.0
202303,5767,북위례2,송파구,321.0,319.0
202303,5768,방이삼거리,송파구,,
202304,1201,가락시장역 3번 출구,송파구,,
202304,1203,밀리아나2빌딩 앞,송파구,,
202304,1204,거여역 3번출구,송파구,,
202304,1205,종합운동장역 4번출구,송파구,,
202304,1206,9호선종합운동장역 9번출구,송파구,,
202304,1207,마천중앙시장,송파구,977.0,969.0
202304,1208,풍납현대아파트쉼터,송파구,,
202304,1209,잠실나루역 (2번 출구 쪽),송파구,,
202304,1210,롯데월드타워(잠실역2번출구 쪽),송파구,,
202304,1212,송파역 2번 출구앞,송파구,,
202304,1213,백토공원 앞,송파구,433.0,414.0
202304,1214,오금역 7번 출구 인근,송파구,,
202304,1215,올림픽공원역 1번출구 앞,송파구,,
202304,1217,송파파인타운 7단지,송파구,947.0,905.0
202304,1218,방이역 4번출구,송파구,,
202304,1220,잠실근린공원,송파구,,
202304,1221,삼전역 4번출구,송파구,,
202304,1222,잠실새내역 5번 출구 뒤,송파구,,
202304,1224,아시아지하보도 2번 출구,송파구,,
202304,1226,잠실4동 주민센터 옆,송파구,,
202304,1227,거여역 8번출구 뒤,송파구,,
202304,1228,마천사거리,송파구,,
202304,1229,송파체육문화회관 앞,송파구,,
202304,1230,송파중학교 정문,송파구,887.0,767.0
202304,1231,잠실역 6번출구,송파구,,
202304,1232,잠실주공 521동 건너편,송파구,,
202304,1233,잠실3거리(갤러리아팰리스),송파구,,
202304,1235,잠실트리지움310동 옆,송파구,,
202304,1239,문정 법조단지3,송파구,647.0,626.0
202304,1240,문정 법조단지4,송파구,938.0,795.0
202304,1241,문정 법조단지5,송파구,541.0,462.0
202304,1242,문정 법조단지6,송파구,202.0,189.0
202304,1243,문정 법조단지7,송파구,,
202304,1244,문정 법조단지8,송파구,,
202304,1245,문정 법조단지9,송파구,,
202304,1246,문정 법조단지10,송파구,,
202304,1247,문정 법조단지11,송파구,,
202304,1248,방이초등학교,송파구,,
202304,1249,아주중학교건너편,송파구,556.0,537.0
202304,1250,문정2동 주민센터,송파구,133.0,130.0
202304,1251,석촌역 2번출구,송파구,,
202304,1253,오금역 3번 출구 뒤,송파구,,
202304,1256,문정현대아파트 교차로,송파구,,912.0
202304,1257,가락시장역 사거리,송파구,,
202304,1258,가락미륭아파트 앞,송파구,626.0,449.0
202304,1259,방이역 1번출구,송파구,,
202304,1260,방이동 한양3차아파트 옆,송파구,,
202304,1262,송파여성문화회관 앞,송파구,,
202304,1263,장지공영차고지,송파구,391.0,374.0
202304,1264,천호역 10번 출구 앞,송파구,,
202304,1265,문정동 근린공원,송파구,,
202304,1266,문정동 글샘 공원,송파구,934.0,871.0
202304,1267,올림픽공원 남2문 앞,송파구,,
202304,1268,몽촌토성역 1번출구 옆,송파구,,
202304,1269,리센츠아파트,송파구,,
202304,1271,송파도서관,송파구,,
202304,1274,영파여고 앞,송파구,,
202304,1275,거여초등학교 옆,송파구,835.0,789.0
202304,1277,성내6교,송파구,,
202304,1278,송파구청 교차로,송파구,,
202304,1279,마천금호어울림 1차아파트 건너편,송파구,400.0,393.0
202304,1280,송파파크데일 2단지입구 앞 주차장,송파구,730.0,681.0
202304,1282,송파소방서 맞은편(성내4교),송파구,,
202304,1283,오금공원 사거리,송파구,273.0,168.0
202304,1285,위례별 유치원 뒤,송파구,636.0,601.0
202304,1286,위례중앙푸르지오 1단지 앞,송파구,,
202304,1287,위례아이파크 101동 맞은편,송파구,617.0,546.0
202304,1288,문정중교 사거리,송파구,,
202304,1289,풍납토성 서성벽터B,송파구,784.0,760.0
202304,1290,위례송파꿈에그린아파트24단지 앞 성벽 다리 밑,송파구,423.0,429.0
202304,1291,서울체육고등학교 앞,송파구,,
202304,1293,석촌호수 서호 사거리,송파구,,
202304,1295,잠실역 8번출구,송파구,,
202304,1296,석촌호수교차로 (송파나루근린공원 앞),송파구,,
202304,1297,석촌호수교차로(동호 팔각정 앞),송파구,,
202304,1299,송파소방서 (방이119안전센터),송파구,779.0,638.0
202304,1300,오륜사거리,송파구,986.0,921.0
202304,2601,석촌호수 아뜰리에,송파구,,
202304,2603,송파 글마루 도서관,송파구,,939.0
202304,2604,풍납토성 서성벽터A,송파구,,
202304,2605,복정역 1번 출구 앞,송파구,,
202304,2606,위례동주민센터 맞은편 근린공원,송파구,,
202304,2608,송파구청,송파구,,
202304,2609,보성중고등학교 후문 앞,송파구,268.0,264.0
202304,2611,송파지역자활센터 뒤,송파구,,
202304,2612,문정·가락 대여소 앞,송파구,74.0,63.0
202304,2613,잠실나들목,송파구,,
202304,2614,가락고등학교 앞,송파구,439.0,396.0
202304,2615,테라타워2,송파구,,
202304,2616,거여동 사거리,송파구,506.0,490.0
202304,2617,가락삼환아파트 앞,송파구,778.0,631.0
202304,2618,삼전역 1번출구,송파구,,
202304,2619,석촌고분역 4번출구,송파구,,
202304,2620,송파나루역 4번 출구옆,송파구,,
202304,2621,한성백제역 2번 출구,송파구,,
202304,2622,올림픽공원역 3번출구,송파구,,
202304,2623,석촌동 주민센터,송파구,,
202304,2625,가락종합 사회복지관,송파구,747.0,674.0
202304,2626,"경찰병원역 1,2번 출구 사이",송파구,,
202304,2627,문정시영아파트 5동 앞 공원,송파구,974.0,596.0
202304,2628,문정역 1번출구,송파구,,
202304,2630,서울방이동 고분군,송파구,,
202304,2631,배명고등학교,송파구,,
202304,2632,석촌고분역 2번 출구,송파구,,
202304,2633,송파학사 옆,송파구,,
202304,2634,위례포레샤인아파트 2318동,송파구,967.0,
202304,2635,잠실새내역 1번출구,송파구,,
202304,2637,아시아지하보도 14번 출구,송파구,,
202304,2639,석촌역 8번출구,송파구,,
202304,2641,송파역 4번출구,송파구,,
202304,2642,마천동 성내천 쉼터,송파구,,
202304,2643,풍납중학교 측면,송파구,651.0,497.0
202304,2644,성내5교,송파구,,
202304,2645,잠실나들목2(엘스아파트136동),송파구,945.0,912.0
202304,2646,레이크펠리스101동앞,송파구,,
202304,2647,잠실 자전거 수리센터 앞,송파구,,
202304,2648,헬리오시티 112동 앞,송파구,,
202304,2649,오금공원사거리2,송파구,501.0,352.0
202304,2650,위례22단지 2208동 다리앞,송파구,605.0,581.0
202304,2651,경찰병원역 3번출구 앞,송파구,,
202304,2652,송파 레미니스1단지 102동 앞,송파구,,
202304,2653,올림픽공원사거리(선수촌아파트),송파구,,
202304,2654,올림픽선수촌아파트 136동 앞,송파구,656.0,561.0
202304,2655,송이공원,송파구,687.0,623.0
202304,2656,풍납동 아이파크 107동 앞,송파구,,
202304,2657,송파 파인타운 11단지,송파구,949.0,892.0
202304,2658,가락몰 업무동,송파구,,
202304,2659,서울친환경유통센터,송파구,269.0,247.0
202304,4452,삼성SDS,송파구,,
202304,4453,위례중앙푸르지오 201동 앞,송파구,,
202304,4454,위례 포레샤인 1809동 부근,송파구,420.0,172.0
202304,4456,위례포레샤인 2310동 부근,송파구,916.0,951.0
202304,4457,아산병원 기숙사 부근,송파구,,
202304,4458,가락2동주민센터 인근,송파구,883.0,797.0
202304,4460,올림픽훼미리아파트 112동 앞,송파구,,
202304,4461,한양3차아파트 3동 앞,송파구,294.0,259.0
202304,4462,가락중학교 앞,송파구,745.0,717.0
202304,4463,방이역 2번 출구,송파구,900.0,841.0
202304,4464,올림픽공원 북2문,송파구,,
202304,4465,건영아파트앞 사거리,송파구,,
202304,4467,한림연예예술고등학교,송파구,,
202304,4468,가락1동주민센터,송파구,,
202304,4469,거여동 어울림아파트  102동앞,송파구,941.0,885.0
202304,4472,송파파크데일 1단지 115동 건너편,송파구,761.0,710.0
202304,4473,마천금호어울림 1차 102동앞,송파구,285.0,277.0
202304,4474,가락현대 1차 11동 앞,송파구,642.0,510.0
202304,4475,송파파인타운 4단지 403동,송파구,550.0,511.0
202304,4478,문정근린공원2,송파구,,
202304,4479,문정중학교,송파구,266.0,241.0
202304,4480,가락시장 남1문 사거리,송파구,921.0,874.0
202304,4481,올림픽공원 북2문 2,송파구,,
202304,4483,잠실나들목4,송파구,,
202304,4484,잠실나루역4번출구뒤,송파구,,
202304,4485,잠실나루역 고가하부,송파구,710.0,586.0
202304,4486,홈플러스 잠실점,송파구,,
202304,4488,문현중.고등학교 사이,송파구,238.0,230.0
202304,4490,송파파인타운 10단지 1005동,송파구,386.0,316.0
202304,4491,장지역 1번출구,송파구,,
202304,4493,마천사거리 2,송파구,682.0,671.0
202304,4496,잠실 파크리오 120동 앞,송파구,,
202304,4497,아시아선수촌아파트 교차로,송파구,,
202304,4499,세양청마루 101동 앞,송파구,744.0,526.0
202304,4852,서울복합물류 게이트 1,송파구,,
202304,4854,가락시장역 2번 출구,송파구,,
202304,4855,거여5단지 503동 앞,송파구,753.0,706.0
202304,4856,올림픽공원 서1문 앞,송파구,,
202304,4857,올림픽공원 장미광장,송파구,820.0,709.0
202304,4859,잠실나루 나들목,송파구,,
202304,4860,가락쌍용2차아파트 103동,송파구,999.0,959.0
202304,4862,성내교 남단,송파구,778.0,559.0
202304,4863,잠실나들목5,송파구,702.0,723.0
202304,4864,송파사거리,송파구,,
202304,4865,한성백제역 1번출구 뒤,송파구,,
202304,4867,가락대림아파트 앞,송파구,,
202304,4868,석촌호수 서호 남단,송파구,,
202304,4869,잠실나들목6,송파구,,
202304,4870,몽촌토성역 3번 출구,송파구,,
202304,4871,오금동 대림아파트 정문,송파구,725.0,678.0
202304,4872,개롱역 3번 출구 뒤,송파구,,
202304,4873,개롱역사거리 2번 출구,송파구,,
202304,4874,탄천1교 하부보도,송파구,901.0,906.0
202304,4875,위례포레샤인13단지,송파구,955.0,939.0
202304,4876,삼전동주민센터 앞,송파구,,
202304,4879,마천청소년센터,송파구,310.0,297.0
202304,4880,송파청소년센터,송파구,909.0,885.0
202304,4881,거여동사거리 송파둘레길 입구,송파구,344.0,337.0
202304,4882,위례포레샤인18단지 1802동,송파구,394.0,308.0
202304,4883,위례포레샤인18단지 1812동,송파구,303.0,87.0
202304,4884,H비즈니스파크,송파구,,
202304,4885,가든파이브 리빙관,송파구,465.0,393.0
202304,4886,배명고등학교 건너편,송파구,,
202304,4887,호돌이상가,송파구,879.0,846.0
202304,4888,둔촌오륜역 2번출구,송파구,585.0,492.0
202304,4889,마천역 1번 출구 인근②,송파구,828.0,741.0
202304,4891,위례포레나송파,송파구,,950.0
202304,4892,성내유수지 체육공원,송파구,504.0,382.0
202304,4893,문정법조단지12,송파구,,
202304,4895,위례포레샤인15단지 상가,송파구,,
202304,4896,위례포레샤인15단지,송파구,375.0,352.0
202304,4897,잠실주공5단지1,송파구,,
202304,5751,송파여성축구장,송파구,688.0,602.0
202304,5752,풍납백제문화공원 옆 인근,송파구,,
202304,5753,호반써밋,송파구,,970.0
202304,5756,극동아파트,송파구,,
202304,5758,올림픽선수기자촌아파트 123동 근처,송파구,518.0,425.0
202304,5759,풍납근린공원,송파구,,
202304,5760,풍납사거리 성내유수지,송파구,,
202304,5761,버섯분수대,송파구,,
202304,5763,세륜초등학교 건너편,송파구,348.0,290.0
202304,5764,한국체육대학교,송파구,899.0,860.0
202304,5765,삼전동주민센터 건너편,송파구,,
202304,5766,북위례1,송파구,589.0,352.0
202304,5767,북위례2,송파구,407.0,355.0
202304,5768,방이삼거리,송파구,,
202304,5770,남위례1,송파구,105.0,112.0
202305,1201,가락시장역 3번 출구,송파구,,
202305,1203,밀리아나2빌딩 앞,송파구,,
202305,1204,거여역 3번출구,송파구,,
202305,1205,종합운동장역 4번출구,송파구,,
202305,1206,9호선종합운동장역 9번출구,송파구,,
202305,1207,마천중앙시장,송파구,,
202305,1208,풍납현대아파트쉼터,송파구,,
202305,1209,잠실나루역 (2번 출구 쪽),송파구,,
202305,1210,롯데월드타워(잠실역2번출구 쪽),송파구,,
202305,1212,송파역 2번 출구앞,송파구,,
202305,1213,백토공원 앞,송파구,436.0,422.0
202305,1214,오금역 7번 출구 인근,송파구,,
202305,1215,올림픽공원역 1번출구 앞,송파구,,
202305,1217,송파파인타운 7단지,송파구,993.0,987.0
202305,1218,방이역 4번출구,송파구,,
202305,1220,잠실근린공원,송파구,,
202305,1221,삼전역 4번출구,송파구,,
202305,1222,잠실새내역 5번 출구 뒤,송파구,,
202305,1224,아시아지하보도 2번 출구,송파구,,
202305,1226,잠실4동 주민센터 옆,송파구,,
202305,1227,거여역 8번출구 뒤,송파구,,
202305,1228,마천사거리,송파구,,
202305,1229,송파체육문화회관 앞,송파구,,
202305,1230,송파중학교 정문,송파구,977.0,961.0
202305,1231,잠실역 6번출구,송파구,,
202305,1232,잠실주공 521동 건너편,송파구,,
202305,1233,잠실3거리(갤러리아팰리스),송파구,,
202305,1235,잠실트리지움310동 옆,송파구,,
202305,1239,문정 법조단지3,송파구,747.0,731.0
202305,1240,문정 법조단지4,송파구,979.0,905.0
202305,1241,문정 법조단지5,송파구,670.0,644.0
202305,1242,문정 법조단지6,송파구,215.0,207.0
202305,1243,문정 법조단지7,송파구,,
202305,1244,문정 법조단지8,송파구,,
202305,1245,문정 법조단지9,송파구,,
202305,1246,문정 법조단지10,송파구,,
202305,1247,문정 법조단지11,송파구,,
202305,1248,방이초등학교,송파구,,
202305,1250,문정2동 주민센터,송파구,432.0,408.0
202305,1251,석촌역 2번출구,송파구,,
202305,1253,오금역 3번 출구 뒤,송파구,,
202305,1256,문정현대아파트 교차로,송파구,,
202305,1257,가락시장역 사거리,송파구,,
202305,1258,가락미륭아파트 앞,송파구,547.0,472.0
202305,1259,방이역 1번출구,송파구,,
202305,1260,방이동 한양3차아파트 옆,송파구,,
202305,1262,송파여성문화회관 앞,송파구,,
202305,1263,장지공영차고지,송파구,433.0,409.0
202305,1264,천호역 10번 출구 앞,송파구,,
202305,1265,문정동 근린공원,송파구,,
202305,1266,문정동 글샘 공원,송파구,,
202305,1267,올림픽공원 남2문 앞,송파구,,
202305,1268,몽촌토성역 1번출구 옆,송파구,,
202305,1269,리센츠아파트,송파구,,
202305,1271,송파도서관,송파구,,
202305,1274,영파여고 앞,송파구,,
202305,1275,거여초등학교 옆,송파구,926.0,921.0
202305,1277,성내6교,송파구,,
202305,1278,송파구청 교차로,송파구,,
202305,1279,마천금호어울림 1차아파트 건너편,송파구,526.0,521.0
202305,1280,송파파크데일 2단지입구 앞 주차장,송파구,768.0,764.0
202305,1282,송파소방서 맞은편(성내4교),송파구,,
202305,1283,오금공원 사거리,송파구,204.0,165.0
202305,1285,위례별 유치원 뒤,송파구,652.0,633.0
202305,1286,위례중앙푸르지오 1단지 앞,송파구,,
202305,1287,위례아이파크 101동 맞은편,송파구,744.0,736.0
202305,1288,문정중교 사거리,송파구,,
202305,1289,풍납토성 서성벽터B,송파구,,
202305,1290,위례송파꿈에그린아파트24단지 앞 성벽 다리 밑,송파구,509.0,501.0
202305,1291,서울체육고등학교 앞,송파구,,
202305,1293,석촌호수 서호 사거리,송파구,,
202305,1295,잠실역 8번출구,송파구,,
202305,1296,석촌호수교차로 (송파나루근린공원 앞),송파구,,
202305,1297,석촌호수교차로(동호 팔각정 앞),송파구,,
202305,1299,송파소방서 (방이119안전센터),송파구,681.0,667.0
202305,1300,오륜사거리,송파구,,
202305,2601,석촌호수 아뜰리에,송파구,,
202305,2603,송파 글마루 도서관,송파구,,
202305,2604,풍납토성 서성벽터A,송파구,,
202305,2605,복정역 1번 출구 앞,송파구,,
202305,2606,위례동주민센터 맞은편 근린공원,송파구,,
202305,2608,송파구청,송파구,,
202305,2609,보성중고등학교 후문 앞,송파구,344.0,343.0
202305,2611,송파지역자활센터 뒤,송파구,,
202305,2612,문정·가락 대여소 앞,송파구,95.0,73.0
202305,2613,잠실나들목,송파구,,
202305,2614,가락고등학교 앞,송파구,582.0,560.0
202305,2615,테라타워2,송파구,,
202305,2616,거여동 사거리,송파구,620.0,622.0
202305,2617,가락삼환아파트 앞,송파구,743.0,668.0
202305,2618,삼전역 1번출구,송파구,,
202305,2619,석촌고분역 4번출구,송파구,,
202305,2620,송파나루역 4번 출구옆,송파구,,
202305,2621,한성백제역 2번 출구,송파구,,
202305,2622,올림픽공원역 3번출구,송파구,,
202305,2623,석촌동 주민센터,송파구,,
202305,2625,가락종합 사회복지관,송파구,990.0,970.0
202305,2626,"경찰병원역 1,2번 출구 사이",송파구,,
202305,2627,문정시영아파트 5동 앞 공원,송파구,838.0,658.0
202305,2628,문정역 1번출구,송파구,,
202305,2630,서울방이동 고분군,송파구,,
202305,2631,배명고등학교,송파구,,
202305,2632,석촌고분역 2번 출구,송파구,,
202305,2633,송파학사 옆,송파구,,
202305,2634,위례포레샤인아파트 2318동,송파구,,
202305,2635,잠실새내역 1번출구,송파구,,
202305,2637,아시아지하보도 14번 출구,송파구,,
202305,2639,석촌역 8번출구,송파구,,
202305,2641,송파역 4번출구,송파구,,
202305,2642,마천동 성내천 쉼터,송파구,,
202305,2643,풍납중학교 측면,송파구,589.0,571.0
202305,2644,성내5교,송파구,,
202305,2645,잠실나들목2(엘스아파트136동),송파구,,
202305,2646,레이크펠리스101동앞,송파구,,
202305,2647,잠실 자전거 수리센터 앞,송파구,,
202305,2648,헬리오시티 112동 앞,송파구,,
202305,2649,오금공원사거리2,송파구,425.0,387.0
202305,2650,위례22단지 2208동 다리앞,송파구,656.0,636.0
202305,2651,경찰병원역 3번출구 앞,송파구,,
202305,2652,송파 레미니스1단지 102동 앞,송파구,,
202305,2653,올림픽공원사거리(선수촌아파트),송파구,,
202305,2654,올림픽선수촌아파트 136동 앞,송파구,788.0,707.0
202305,2655,송이공원,송파구,741.0,722.0
202305,2656,풍납동 아이파크 107동 앞,송파구,,
202305,2657,송파 파인타운 11단지,송파구,,
202305,2658,가락몰 업무동,송파구,,
202305,2659,서울친환경유통센터,송파구,255.0,255.0
202305,4452,삼성SDS,송파구,,
202305,4453,위례중앙푸르지오 201동 앞,송파구,,
202305,4454,위례 포레샤인 1809동 부근,송파구,405.0,187.0
202305,4456,위례포레샤인 2310동 부근,송파구,826.0,803.0
202305,4457,아산병원 기숙사 부근,송파구,,
202305,4458,가락2동주민센터 인근,송파구,,950.0
202305,4460,올림픽훼미리아파트 112동 앞,송파구,,
202305,4461,한양3차아파트 3동 앞,송파구,484.0,466.0
202305,4462,가락중학교 앞,송파구,896.0,899.0
202305,4463,방이역 2번 출구,송파구,,
202305,4464,올림픽공원 북2문,송파구,,
202305,4465,건영아파트앞 사거리,송파구,,
202305,4467,한림연예예술고등학교,송파구,,
202305,4468,가락1동주민센터,송파구,,
202305,4469,거여동 어울림아파트  102동앞,송파구,999.0,
202305,4472,송파파크데일 1단지 115동 건너편,송파구,846.0,848.0
202305,4473,마천금호어울림 1차 102동앞,송파구,443.0,434.0
202305,4474,가락현대 1차 11동 앞,송파구,586.0,593.0
202305,4475,송파파인타운 4단지 403동,송파구,624.0,625.0
202305,4478,문정근린공원2,송파구,,
202305,4479,문정중학교,송파구,326.0,323.0
202305,4480,가락시장 남1문 사거리,송파구,,
202305,4481,올림픽공원 북2문 2,송파구,,
202305,4483,잠실나들목4,송파구,,
202305,4484,잠실나루역4번출구뒤,송파구,,
202305,4485,잠실나루역 고가하부,송파구,726.0,627.0
202305,4486,홈플러스 잠실점,송파구,,
202305,4488,문현중.고등학교 사이,송파구,257.0,246.0
202305,4490,송파파인타운 10단지 1005동,송파구,484.0,429.0
202305,4491,장지역 1번출구,송파구,,
202305,4493,마천사거리 2,송파구,605.0,635.0
202305,4496,잠실 파크리오 120동 앞,송파구,,
202305,4497,아시아선수촌아파트 교차로,송파구,,
202305,4499,세양청마루 101동 앞,송파구,720.0,554.0
202305,4852,서울복합물류 게이트 1,송파구,,
202305,4854,가락시장역 2번 출구,송파구,,
202305,4855,거여5단지 503동 앞,송파구,924.0,934.0
202305,4856,올림픽공원 서1문 앞,송파구,,
202305,4857,올림픽공원 장미광장,송파구,,
202305,4859,잠실나루 나들목,송파구,,
202305,4860,가락쌍용2차아파트 103동,송파구,,
202305,4862,성내교 남단,송파구,641.0,590.0
202305,4863,잠실나들목5,송파구,870.0,910.0
202305,4864,송파사거리,송파구,,
202305,4865,한성백제역 1번출구 뒤,송파구,,
202305,4867,가락대림아파트 앞,송파구,,
202305,4868,석촌호수 서호 남단,송파구,,
202305,4869,잠실나들목6,송파구,,
202305,4870,몽촌토성역 3번 출구,송파구,,
202305,4871,오금동 대림아파트 정문,송파구,822.0,802.0
202305,4872,개롱역 3번 출구 뒤,송파구,,
202305,4873,개롱역사거리 2번 출구,송파구,,
202305,4874,탄천1교 하부보도,송파구,,
202305,4875,위례포레샤인13단지,송파구,,
202305,4876,삼전동주민센터 앞,송파구,,
202305,4879,마천청소년센터,송파구,345.0,340.0
202305,4880,송파청소년센터,송파구,573.0,553.0
202305,4881,거여동사거리 송파둘레길 입구,송파구,427.0,427.0
202305,4882,위례포레샤인18단지 1802동,송파구,467.0,381.0
202305,4883,위례포레샤인18단지 1812동,송파구,320.0,102.0
202305,4884,H비즈니스파크,송파구,,
202305,4885,가든파이브 리빙관,송파구,528.0,527.0
202305,4886,배명고등학교 건너편,송파구,,
202305,4887,호돌이상가,송파구,,
202305,4888,둔촌오륜역 2번출구,송파구,589.0,566.0
202305,4889,마천역 1번 출구 인근②,송파구,897.0,875.0
202305,4891,위례포레나송파,송파구,,
202305,4892,성내유수지 체육공원,송파구,506.0,477.0
202305,4893,문정법조단지12,송파구,,
202305,4895,위례포레샤인15단지 상가,송파구,,
202305,4896,위례포레샤인15단지,송파구,355.0,355.0
202305,4897,잠실주공5단지1,송파구,,
202305,5751,송파여성축구장,송파구,629.0,634.0
202305,5752,풍납백제문화공원 옆 인근,송파구,,
202305,5753,호반써밋,송파구,,
202305,5756,극동아파트,송파구,,
202305,5758,올림픽선수기자촌아파트 123동 근처,송파구,572.0,539.0
202305,5759,풍납근린공원,송파구,,
202305,5760,풍납사거리 성내유수지,송파구,,
202305,5761,버섯분수대,송파구,,
202305,5763,세륜초등학교 건너편,송파구,413.0,413.0
202305,5764,한국체육대학교,송파구,960.0,956.0
202305,5765,삼전동주민센터 건너편,송파구,,
202305,5766,북위례1,송파구,631.0,421.0
202305,5767,북위례2,송파구,407.0,369.0
202305,5768,방이삼거리,송파구,,
202305,5770,남위례1,송파구,896.0,889.0
202305,5772,마천사거리3,송파구,302.0,315.0
202305,5773,송파시그니처롯데캐슬,송파구,163.0,167.0
202305,5774,가락본동주민센터 인근,송파구,,
202306,1201,가락시장역 3번 출구,송파구,,
202306,1203,밀리아나2빌딩 앞,송파구,,
202306,1204,거여역 3번출구,송파구,,
202306,1205,종합운동장역 4번출구,송파구,,
202306,1206,9호선종합운동장역 9번출구,송파구,,
202306,1207,마천중앙시장,송파구,,
202306,1208,풍납현대아파트쉼터,송파구,,
202306,1209,잠실나루역 (2번 출구 쪽),송파구,,
202306,1210,롯데월드타워(잠실역2번출구 쪽),송파구,,
202306,1212,송파역 2번 출구앞,송파구,,
202306,1213,백토공원 앞,송파구,475.0,475.0
202306,1214,오금역 7번 출구 인근,송파구,,
202306,1215,올림픽공원역 1번출구 앞,송파구,,
202306,1217,송파파인타운 7단지,송파구,,
202306,1218,방이역 4번출구,송파구,,
202306,1220,잠실근린공원,송파구,,
202306,1221,삼전역 4번출구,송파구,,
202306,1222,잠실새내역 5번 출구 뒤,송파구,,
202306,1224,아시아지하보도 2번 출구,송파구,,
202306,1226,잠실4동 주민센터 옆,송파구,,
202306,1227,거여역 8번출구 뒤,송파구,,
202306,1228,마천사거리,송파구,,
202306,1229,송파체육문화회관 앞,송파구,,
202306,1230,송파중학교 정문,송파구,871.0,847.0
202306,1231,잠실역 6번출구,송파구,,
202306,1232,잠실주공 521동 건너편,송파구,,
202306,1233,잠실3거리(갤러리아팰리스),송파구,,
202306,1235,잠실트리지움310동 옆,송파구,,
202306,1239,문정 법조단지3,송파구,745.0,670.0
202306,1240,문정 법조단지4,송파구,,
202306,1241,문정 법조단지5,송파구,846.0,727.0
202306,1242,문정 법조단지6,송파구,274.0,175.0
202306,1243,문정 법조단지7,송파구,,
202306,1244,문정 법조단지8,송파구,,
202306,1245,문정 법조단지9,송파구,,
202306,1246,문정 법조단지10,송파구,,
202306,1247,문정 법조단지11,송파구,,
202306,1248,방이초등학교,송파구,,
202306,1250,문정2동 주민센터,송파구,184.0,160.0
202306,1251,석촌역 2번출구,송파구,,
202306,1253,오금역 3번 출구 뒤,송파구,,
202306,1256,문정현대아파트 교차로,송파구,,
202306,1257,가락시장역 사거리,송파구,,
202306,1258,가락미륭아파트 앞,송파구,591.0,480.0
202306,1259,방이역 1번출구,송파구,,
202306,1260,방이동 한양3차아파트 옆,송파구,,
202306,1262,송파여성문화회관 앞,송파구,,
202306,1263,장지공영차고지,송파구,403.0,416.0
202306,1264,천호역 10번 출구 앞,송파구,,
202306,1265,문정동 근린공원,송파구,,
202306,1266,문정동 글샘 공원,송파구,,
202306,1267,올림픽공원 남2문 앞,송파구,,
202306,1268,몽촌토성역 1번출구 옆,송파구,,
202306,1269,리센츠아파트,송파구,,
202306,1271,송파도서관,송파구,,
202306,1274,영파여고 앞,송파구,,
202306,1275,거여초등학교 옆,송파구,862.0,892.0
202306,1277,성내6교,송파구,,
202306,1278,송파구청 교차로,송파구,,
202306,1279,마천금호어울림 1차아파트 건너편,송파구,509.0,504.0
202306,1280,송파파크데일 2단지입구 앞 주차장,송파구,760.0,721.0
202306,1282,송파소방서 맞은편(성내4교),송파구,,
202306,1283,오금공원 사거리,송파구,202.0,165.0
202306,1285,위례별 유치원 뒤,송파구,748.0,702.0
202306,1286,위례중앙푸르지오 1단지 앞,송파구,,
202306,1287,위례아이파크 101동 맞은편,송파구,757.0,741.0
202306,1288,문정중교 사거리,송파구,,
202306,1289,풍납토성 서성벽터B,송파구,,
202306,1290,위례송파꿈에그린아파트24단지 앞 성벽 다리 밑,송파구,481.0,469.0
202306,1291,서울체육고등학교 앞,송파구,,
202306,1293,석촌호수 서호 사거리,송파구,,
202306,1295,잠실역 8번출구,송파구,,
202306,1296,석촌호수교차로 (송파나루근린공원 앞),송파구,,992.0
202306,1297,석촌호수교차로(동호 팔각정 앞),송파구,,
202306,1299,송파소방서 (방이119안전센터),송파구,824.0,767.0
202306,1300,오륜사거리,송파구,,
202306,2601,석촌호수 아뜰리에,송파구,,
202306,2603,송파 글마루 도서관,송파구,,
202306,2604,풍납토성 서성벽터A,송파구,,
202306,2605,복정역 1번 출구 앞,송파구,,
202306,2606,위례동주민센터 맞은편 근린공원,송파구,,
202306,2608,송파구청,송파구,,
202306,2609,보성중고등학교 후문 앞,송파구,338.0,319.0
202306,2611,송파지역자활센터 뒤,송파구,,
202306,2612,문정·가락 대여소 앞,송파구,82.0,65.0
202306,2613,잠실나들목,송파구,,
202306,2614,가락고등학교 앞,송파구,640.0,612.0
202306,2615,테라타워2,송파구,,
202306,2616,거여동 사거리,송파구,636.0,633.0
202306,2617,가락삼환아파트 앞,송파구,676.0,608.0
202306,2618,삼전역 1번출구,송파구,,
202306,2619,석촌고분역 4번출구,송파구,,
202306,2620,송파나루역 4번 출구옆,송파구,,
202306,2621,한성백제역 2번 출구,송파구,,
202306,2622,올림픽공원역 3번출구,송파구,,
202306,2623,석촌동 주민센터,송파구,,
202306,2625,가락종합 사회복지관,송파구,910.0,889.0
202306,2626,"경찰병원역 1,2번 출구 사이",송파구,990.0,998.0
202306,2627,문정시영아파트 5동 앞 공원,송파구,,708.0
202306,2628,문정역 1번출구,송파구,,
202306,2630,서울방이동 고분군,송파구,,
202306,2631,배명고등학교,송파구,,
202306,2632,석촌고분역 2번 출구,송파구,,
202306,2633,송파학사 옆,송파구,,
202306,2634,위례포레샤인아파트 2318동,송파구,,
202306,2635,잠실새내역 1번출구,송파구,,
202306,2637,아시아지하보도 14번 출구,송파구,,
202306,2639,석촌역 8번출구,송파구,,
202306,2641,송파역 4번출구,송파구,,
202306,2642,마천동 성내천 쉼터,송파구,,
202306,2643,풍납중학교 측면,송파구,511.0,465.0
202306,2644,성내5교,송파구,,
202306,2645,잠실나들목2(엘스아파트136동),송파구,,
202306,2646,레이크펠리스101동앞,송파구,,
202306,2647,잠실 자전거 수리센터 앞,송파구,,
202306,2648,헬리오시티 112동 앞,송파구,,
202306,2649,오금공원사거리2,송파구,443.0,376.0
202306,2650,위례22단지 2208동 다리앞,송파구,722.0,742.0
202306,2651,경찰병원역 3번출구 앞,송파구,,
202306,2652,송파 레미니스1단지 102동 앞,송파구,,
202306,2653,올림픽공원사거리(선수촌아파트),송파구,,
202306,2654,올림픽선수촌아파트 136동 앞,송파구,894.0,719.0
202306,2655,송이공원,송파구,808.0,694.0
202306,2656,풍납동 아이파크 107동 앞,송파구,,
202306,2657,송파 파인타운 11단지,송파구,,
202306,2658,가락몰 업무동,송파구,,
202306,2659,서울친환경유통센터,송파구,238.0,239.0
202306,4452,삼성SDS,송파구,,
202306,4453,위례중앙푸르지오 201동 앞,송파구,,
202306,4454,위례 포레샤인 1809동 부근,송파구,454.0,211.0
202306,4456,위례포레샤인 2310동 부근,송파구,742.0,783.0
202306,4457,아산병원 기숙사 부근,송파구,,
202306,4458,가락2동주민센터 인근,송파구,982.0,944.0
202306,4460,올림픽훼미리아파트 112동 앞,송파구,,
202306,4461,한양3차아파트 3동 앞,송파구,483.0,448.0
202306,4462,가락중학교 앞,송파구,,
202306,4463,방이역 2번 출구,송파구,,
202306,4464,올림픽공원 북2문,송파구,,
202306,4465,건영아파트앞 사거리,송파구,,
202306,4467,한림연예예술고등학교,송파구,750.0,702.0
202306,4468,가락1동주민센터,송파구,,
202306,4469,거여동 어울림아파트  102동앞,송파구,968.0,957.0
202306,4472,송파파크데일 1단지 115동 건너편,송파구,746.0,703.0
202306,4473,마천금호어울림 1차 102동앞,송파구,420.0,411.0
202306,4474,가락현대 1차 11동 앞,송파구,643.0,562.0
202306,4475,송파파인타운 4단지 403동,송파구,643.0,611.0
202306,4478,문정근린공원2,송파구,,
202306,4479,문정중학교,송파구,277.0,254.0
202306,4480,가락시장 남1문 사거리,송파구,,
202306,4481,올림픽공원 북2문 2,송파구,,
202306,4483,잠실나들목4,송파구,,
202306,4484,잠실나루역4번출구뒤,송파구,,
202306,4485,잠실나루역 고가하부,송파구,788.0,647.0
202306,4486,홈플러스 잠실점,송파구,,
202306,4488,문현중.고등학교 사이,송파구,281.0,262.0
202306,4490,송파파인타운 10단지 1005동,송파구,484.0,473.0
202306,4491,장지역 1번출구,송파구,,
202306,4493,마천사거리 2,송파구,582.0,575.0
202306,4496,잠실 파크리오 120동 앞,송파구,,
202306,4497,아시아선수촌아파트 교차로,송파구,,
202306,4499,세양청마루 101동 앞,송파구,804.0,644.0
202306,4852,서울복합물류 게이트 1,송파구,,
202306,4854,가락시장역 2번 출구,송파구,,
202306,4855,거여5단지 503동 앞,송파구,956.0,954.0
202306,4856,올림픽공원 서1문 앞,송파구,,
202306,4857,올림픽공원 장미광장,송파구,,
202306,4859,잠실나루 나들목,송파구,,
202306,4860,가락쌍용2차아파트 103동,송파구,,
202306,4862,성내교 남단,송파구,547.0,519.0
202306,4863,잠실나들목5,송파구,919.0,
202306,4864,송파사거리,송파구,,
202306,4865,한성백제역 1번출구 뒤,송파구,,
202306,4867,가락대림아파트 앞,송파구,,
202306,4868,석촌호수 서호 남단,송파구,,
202306,4869,잠실나들목6,송파구,,
202306,4870,몽촌토성역 3번 출구,송파구,,
202306,4871,오금동 대림아파트 정문,송파구,837.0,841.0
202306,4872,개롱역 3번 출구 뒤,송파구,,
202306,4873,개롱역사거리 2번 출구,송파구,,
202306,4874,탄천1교 하부보도,송파구,931.0,
202306,4875,위례포레샤인13단지,송파구,,
202306,4876,삼전동주민센터 앞,송파구,,
202306,4879,마천청소년센터,송파구,383.0,380.0
202306,4880,송파청소년센터,송파구,985.0,985.0
202306,4881,거여동사거리 송파둘레길 입구,송파구,410.0,410.0
202306,4882,위례포레샤인18단지 1802동,송파구,478.0,399.0
202306,4883,위례포레샤인18단지 1812동,송파구,302.0,100.0
202306,4884,H비즈니스파크,송파구,,
202306,4885,가든파이브 리빙관,송파구,467.0,472.0
202306,4886,배명고등학교 건너편,송파구,,
202306,4887,호돌이상가,송파구,963.0,979.0
202306,4888,둔촌오륜역 2번출구,송파구,632.0,522.0
202306,4889,마천역 1번 출구 인근②,송파구,,
202306,4891,위례포레나송파,송파구,,
202306,4892,성내유수지 체육공원,송파구,562.0,418.0
202306,4893,문정법조단지12,송파구,,
202306,4895,위례포레샤인15단지 상가,송파구,,
202306,4896,위례포레샤인15단지,송파구,375.0,386.0
202306,4897,잠실주공5단지1,송파구,,
202306,5751,송파여성축구장,송파구,612.0,562.0
202306,5752,풍납백제문화공원 옆 인근,송파구,,
202306,5753,호반써밋,송파구,,
202306,5756,극동아파트,송파구,,
202306,5758,올림픽선수기자촌아파트 123동 근처,송파구,626.0,569.0
202306,5759,풍납근린공원,송파구,,
202306,5760,풍납사거리 성내유수지,송파구,,
202306,5761,버섯분수대,송파구,,
202306,5763,세륜초등학교 건너편,송파구,365.0,336.0
202306,5764,한국체육대학교,송파구,821.0,820.0
202306,5765,삼전동주민센터 건너편,송파구,,
202306,5766,북위례1,송파구,657.0,370.0
202306,5767,북위례2,송파구,447.0,377.0
202306,5768,방이삼거리,송파구,,
202306,5770,남위례1,송파구,934.0,962.0
202306,5772,마천사거리3,송파구,419.0,409.0
202306,5773,송파시그니처롯데캐슬,송파구,230.0,241.0
202306,5774,가락본동주민센터 인근,송파구,,
202307,1201,가락시장역 3번 출구,송파구,2414.0,2431.0
202307,1203,밀리아나2빌딩 앞,송파구,1496.0,1512.0
202307,1204,거여역 3번출구,송파구,1988.0,1976.0
202307,1205,종합운동장역 4번출구,송파구,1514.0,1323.0
202307,1206,9호선종합운동장역 9번출구,송파구,1551.0,1486.0
202307,1207,마천중앙시장,송파구,827.0,882.0
202307,1208,풍납현대아파트쉼터,송파구,2646.0,2634.0
202307,1209,잠실나루역 (2번 출구 쪽),송파구,3280.0,3271.0
202307,1210,롯데월드타워(잠실역2번출구 쪽),송파구,8899.0,8883.0
202307,1212,송파역 2번 출구앞,송파구,1685.0,1676.0
202307,1213,백토공원 앞,송파구,321.0,325.0
202307,1214,오금역 7번 출구 인근,송파구,1201.0,1192.0
202307,1215,올림픽공원역 1번출구 앞,송파구,1994.0,1993.0
202307,1217,송파파인타운 7단지,송파구,908.0,920.0
202307,1218,방이역 4번출구,송파구,3053.0,3020.0
202307,1220,잠실근린공원,송파구,2701.0,3022.0
202307,1221,삼전역 4번출구,송파구,2072.0,2094.0
202307,1222,잠실새내역 5번 출구 뒤,송파구,4550.0,4595.0
202307,1224,아시아지하보도 2번 출구,송파구,1613.0,1679.0
202307,1226,잠실4동 주민센터 옆,송파구,2239.0,2229.0
202307,1227,거여역 8번출구 뒤,송파구,1749.0,1745.0
202307,1228,마천사거리,송파구,1029.0,1091.0
202307,1229,송파체육문화회관 앞,송파구,1430.0,1420.0
202307,1230,송파중학교 정문,송파구,762.0,677.0
202307,1231,잠실역 6번출구,송파구,2268.0,2315.0
202307,1232,잠실주공 521동 건너편,송파구,2866.0,2928.0
202307,1233,잠실3거리(갤러리아팰리스),송파구,1295.0,1185.0
202307,1235,잠실트리지움310동 옆,송파구,2602.0,2614.0
202307,1239,문정 법조단지3,송파구,553.0,501.0
202307,1240,문정 법조단지4,송파구,817.0,737.0
202307,1241,문정 법조단지5,송파구,600.0,519.0
202307,1242,문정 법조단지6,송파구,167.0,132.0
202307,1243,문정 법조단지7,송파구,2465.0,2698.0
202307,1244,문정 법조단지8,송파구,3006.0,3007.0
202307,1245,문정 법조단지9,송파구,1811.0,1820.0
202307,1246,문정 법조단지10,송파구,1744.0,1699.0
202307,1247,문정 법조단지11,송파구,1062.0,1012.0
202307,1248,방이초등학교,송파구,2557.0,2303.0
202307,1250,문정2동 주민센터,송파구,183.0,143.0
202307,1251,석촌역 2번출구,송파구,3167.0,3162.0
202307,1253,오금역 3번 출구 뒤,송파구,782.0,783.0
202307,1256,문정현대아파트 교차로,송파구,794.0,790.0
202307,1257,가락시장역 사거리,송파구,1425.0,1411.0
202307,1258,가락미륭아파트 앞,송파구,446.0,313.0
202307,1259,방이역 1번출구,송파구,1860.0,1845.0
202307,1260,방이동 한양3차아파트 옆,송파구,1644.0,1651.0
202307,1262,송파여성문화회관 앞,송파구,2768.0,2761.0
202307,1263,장지공영차고지,송파구,392.0,384.0
202307,1264,천호역 10번 출구 앞,송파구,4389.0,4380.0
202307,1265,문정동 근린공원,송파구,1406.0,1399.0
202307,1266,문정동 글샘 공원,송파구,898.0,812.0
202307,1267,올림픽공원 남2문 앞,송파구,1273.0,1236.0
202307,1268,몽촌토성역 1번출구 옆,송파구,1686.0,1685.0
202307,1269,리센츠아파트,송파구,1987.0,1722.0
202307,1271,송파도서관,송파구,1204.0,1207.0
202307,1274,영파여고 앞,송파구,1605.0,1544.0
202307,1275,거여초등학교 옆,송파구,720.0,785.0
202307,1277,성내7교,송파구,1166.0,1201.0
202307,1278,송파구청 교차로,송파구,1972.0,2008.0
202307,1279,마천금호어울림 1차아파트 건너편,송파구,414.0,411.0
202307,1280,송파파크데일 2단지입구 앞 주차장,송파구,607.0,609.0
202307,1282,송파소방서 맞은편(성내4교),송파구,1984.0,2213.0
202307,1283,오금공원 사거리,송파구,129.0,109.0
202307,1285,위례별 유치원 뒤,송파구,487.0,473.0
202307,1286,위례중앙푸르지오 1단지 앞,송파구,1254.0,1222.0
202307,1287,위례아이파크 101동 맞은편,송파구,575.0,558.0
202307,1288,문정중교 사거리,송파구,1250.0,1182.0
202307,1289,풍납토성 서성벽터B,송파구,761.0,793.0
202307,1290,위례송파꿈에그린아파트24단지 앞 성벽 다리 밑,송파구,359.0,380.0
202307,1291,서울체육고등학교 앞,송파구,1009.0,1083.0
202307,1293,석촌호수 서호 사거리,송파구,3597.0,3625.0
202307,1295,잠실역 8번출구,송파구,4401.0,4384.0
202307,1296,석촌호수교차로 (송파나루근린공원 앞),송파구,770.0,765.0
202307,1297,석촌호수교차로(동호 팔각정 앞),송파구,3296.0,3291.0
202307,1299,송파소방서 (방이119안전센터),송파구,740.0,707.0
202307,1300,오륜사거리,송파구,807.0,813.0
202307,2601,석촌호수 아뜰리에,송파구,2926.0,2950.0
202307,2603,송파 글마루 도서관,송파구,1175.0,1160.0
202307,2604,풍납토성 서성벽터A,송파구,1307.0,1429.0
202307,2605,복정역 1번 출구 앞,송파구,1349.0,1531.0
202307,2606,위례동주민센터 맞은편 근린공원,송파구,2448.0,2474.0
202307,2608,송파구청,송파구,6420.0,6686.0
202307,2609,보성중고등학교 후문 앞,송파구,266.0,263.0
202307,2611,송파지역자활센터 뒤,송파구,2863.0,3029.0
202307,2612,문정·가락 대여소 앞,송파구,36.0,37.0
202307,2613,잠실나들목,송파구,1946.0,1955.0
202307,2614,가락고등학교 앞,송파구,433.0,428.0
202307,2615,테라타워2,송파구,2834.0,2815.0
202307,2616,거여동 사거리,송파구,510.0,514.0
202307,2617,가락삼환아파트 앞,송파구,560.0,532.0
202307,2618,삼전역 1번출구,송파구,2155.0,2257.0
202307,2619,석촌고분역 4번출구,송파구,2384.0,2482.0
202307,2620,송파나루역 4번 출구옆,송파구,5887.0,5945.0
202307,2621,한성백제역 2번 출구,송파구,2747.0,2729.0
202307,2622,올림픽공원역 3번출구,송파구,5635.0,5635.0
202307,2623,석촌동 주민센터,송파구,3232.0,3342.0
202307,2625,가락종합 사회복지관,송파구,578.0,575.0
202307,2626,"경찰병원역 1,2번 출구 사이",송파구,767.0,769.0
202307,2627,문정시영아파트 5동 앞 공원,송파구,948.0,584.0
202307,2628,문정역 1번출구,송파구,3017.0,3031.0
202307,2630,서울방이동 고분군,송파구,2288.0,2273.0
202307,2631,배명고등학교,송파구,710.0,894.0
202307,2632,석촌고분역 2번 출구,송파구,3131.0,3221.0
202307,2633,송파학사 옆,송파구,1193.0,1149.0
202307,2634,위례포레샤인아파트 2318동,송파구,733.0,755.0
202307,2635,잠실새내역 1번출구,송파구,2619.0,2482.0
202307,2637,아시아지하보도 14번 출구,송파구,3102.0,3110.0
202307,2639,석촌역 8번출구,송파구,3680.0,3599.0
202307,2641,송파역 4번출구,송파구,3411.0,3421.0
202307,2642,마천동 성내천 쉼터,송파구,1063.0,1076.0
202307,2643,풍납중학교 측면,송파구,449.0,390.0
202307,2644,성내5교,송파구,1355.0,1386.0
202307,2645,잠실나들목2(엘스아파트136동),송파구,839.0,808.0
202307,2646,레이크펠리스101동앞,송파구,3645.0,3670.0
202307,2647,잠실 자전거 수리센터 앞,송파구,3121.0,3133.0
202307,2648,헬리오시티 112동 앞,송파구,1589.0,1398.0
202307,2649,오금공원사거리2,송파구,325.0,299.0
202307,2650,위례22단지 2208동 다리앞,송파구,492.0,496.0
202307,2651,경찰병원역 3번출구 앞,송파구,1450.0,1441.0
202307,2652,송파 레미니스1단지 102동 앞,송파구,1229.0,1015.0
202307,2653,올림픽공원사거리(선수촌아파트),송파구,1610.0,1611.0
202307,2654,올림픽선수촌아파트 136동 앞,송파구,683.0,614.0
202307,2655,송이공원,송파구,612.0,526.0
202307,2656,풍납동 아이파크 107동 앞,송파구,1446.0,1435.0
202307,2657,송파 파인타운 11단지,송파구,887.0,893.0
202307,2658,가락몰 업무동,송파구,1651.0,1680.0
202307,2659,서울친환경유통센터,송파구,199.0,202.0
202307,4452,삼성SDS,송파구,3157.0,3346.0
202307,4453,위례중앙푸르지오 201동 앞,송파구,1913.0,1908.0
202307,4454,위례 포레샤인 1809동 부근,송파구,386.0,148.0
202307,4456,위례포레샤인 2310동 부근,송파구,562.0,530.0
202307,4457,아산병원 기숙사 부근,송파구,4191.0,4828.0
202307,4458,가락2동주민센터 인근,송파구,778.0,781.0
202307,4460,올림픽훼미리아파트 112동 앞,송파구,1191.0,1190.0
202307,4461,한양3차아파트 3동 앞,송파구,355.0,352.0
202307,4462,가락중학교 앞,송파구,801.0,790.0
202307,4463,방이역 2번 출구,송파구,778.0,767.0
202307,4464,올림픽공원 북2문 A,송파구,1796.0,1809.0
202307,4465,건영아파트앞 사거리,송파구,1866.0,1877.0
202307,4467,한림연예예술고등학교,송파구,3.0,2.0
202307,4468,가락1동주민센터,송파구,1233.0,1201.0
202307,4469,거여동 어울림아파트  102동앞,송파구,793.0,793.0
202307,4472,송파파크데일 1단지 115동 건너편,송파구,593.0,498.0
202307,4473,마천금호어울림 1차 102동앞,송파구,281.0,277.0
202307,4474,가락현대 1차 11동 앞,송파구,490.0,441.0
202307,4475,송파파인타운 4단지 403동,송파구,483.0,458.0
202307,4478,문정근린공원2,송파구,1329.0,1321.0
202307,4479,문정중학교,송파구,223.0,207.0
202307,4480,가락시장 남1문 사거리,송파구,863.0,817.0
202307,4481,올림픽공원 북2문 B,송파구,3269.0,3242.0
202307,4483,잠실나들목4,송파구,1511.0,1580.0
202307,4484,잠실나루역4번출구뒤,송파구,1900.0,1905.0
202307,4485,잠실나루역 고가하부,송파구,532.0,371.0
202307,4486,홈플러스 잠실점,송파구,2133.0,2218.0
202307,4488,문현중.고등학교 사이,송파구,212.0,192.0
202307,4490,송파파인타운 10단지 1005동,송파구,363.0,349.0
202307,4491,장지역 1번출구,송파구,1638.0,1641.0
202307,4493,마천사거리 2,송파구,416.0,413.0
202307,4496,잠실 파크리오 120동 앞,송파구,1984.0,1868.0
202307,4497,아시아선수촌아파트 교차로,송파구,2065.0,2144.0
202307,4499,세양청마루 101동 앞,송파구,665.0,451.0
202307,4852,서울복합물류 게이트 1,송파구,1247.0,1228.0
202307,4854,가락시장역 2번 출구,송파구,1236.0,1243.0
202307,4855,거여5단지 503동 앞,송파구,762.0,755.0
202307,4856,올림픽공원 서1문 앞,송파구,988.0,982.0
202307,4857,올림픽공원 장미광장,송파구,526.0,529.0
202307,4859,잠실나루 나들목,송파구,1765.0,1759.0
202307,4860,가락쌍용2차아파트 103동,송파구,900.0,899.0
202307,4862,성내교 남단,송파구,446.0,363.0
202307,4863,잠실나들목5,송파구,514.0,550.0
202307,4864,송파사거리,송파구,3389.0,3378.0
202307,4865,한성백제역 1번출구 뒤,송파구,3471.0,3464.0
202307,4867,가락대림아파트 앞,송파구,1107.0,1102.0
202307,4868,석촌호수 서호 남단,송파구,3217.0,3212.0
202307,4869,잠실나들목6,송파구,633.0,674.0
202307,4870,몽촌토성역 3번 출구,송파구,5858.0,5855.0
202307,4871,오금동 대림아파트 정문,송파구,696.0,683.0
202307,4872,개롱역 3번 출구 뒤,송파구,1190.0,1201.0
202307,4873,개롱역사거리 2번 출구,송파구,1322.0,1308.0
202307,4874,탄천1교 하부보도,송파구,677.0,693.0
202307,4875,위례포레샤인13단지,송파구,799.0,798.0
202307,4876,삼전동주민센터 앞,송파구,1691.0,1962.0
202307,4879,마천청소년센터,송파구,293.0,290.0
202307,4880,송파청소년센터,송파구,855.0,859.0
202307,4881,거여동사거리 송파둘레길 입구,송파구,269.0,268.0
202307,4882,위례포레샤인18단지 1802동,송파구,403.0,308.0
202307,4883,위례포레샤인18단지 1812동,송파구,191.0,65.0
202307,4884,H비즈니스파크,송파구,1429.0,1764.0
202307,4885,가든파이브 리빙관,송파구,371.0,353.0
202307,4886,배명고등학교 건너편,송파구,845.0,1020.0
202307,4887,호돌이상가,송파구,794.0,800.0
202307,4888,둔촌오륜역 2번출구,송파구,428.0,382.0
202307,4889,마천역 1번 출구 인근②,송파구,771.0,759.0
202307,4891,위례포레나송파,송파구,929.0,881.0
202307,4892,성내유수지 체육공원,송파구,394.0,305.0
202307,4893,문정법조단지12,송파구,2287.0,2971.0
202307,4895,위례포레샤인15단지 상가,송파구,1229.0,1236.0
202307,4896,위례포레샤인15단지,송파구,222.0,208.0
202307,4897,잠실주공5단지1,송파구,2895.0,2992.0
202307,5751,송파여성축구장,송파구,408.0,391.0
202307,5752,풍납백제문화공원 옆 인근,송파구,3116.0,3348.0
202307,5753,호반써밋,송파구,839.0,813.0
202307,5756,극동아파트,송파구,1183.0,1163.0
202307,5758,올림픽선수기자촌아파트 123동 근처,송파구,554.0,460.0
202307,5759,풍납근린공원,송파구,1043.0,978.0
202307,5760,풍납사거리 성내유수지,송파구,1101.0,1052.0
202307,5761,버섯분수대,송파구,1078.0,1075.0
202307,5763,세륜초등학교 건너편,송파구,195.0,196.0
202307,5764,한국체육대학교,송파구,521.0,522.0
202307,5765,삼전동주민센터 건너편,송파구,1302.0,1439.0
202307,5766,북위례1,송파구,549.0,262.0
202307,5767,북위례2,송파구,381.0,301.0
202307,5768,방이삼거리,송파구,5798.0,5859.0
202307,5770,남위례1,송파구,672.0,734.0
202307,5772,마천사거리3,송파구,365.0,359.0
202307,5773,송파시그니처롯데캐슬,송파구,184.0,187.0
202307,5774,가락본동주민센터 인근,송파구,1380.0,1379.0
202307,5775,가락시장역 5번출구,송파구,334.0,311.0
202307,5777,호반써밋12단지,송파구,96.0,102.0
202308,1201,가락시장역 3번 출구,송파구,2225.0,2226.0
202308,1203,밀리아나2빌딩 앞,송파구,1452.0,1446.0
202308,1204,거여역 3번출구,송파구,1909.0,1936.0
202308,1205,종합운동장역 4번출구,송파구,1395.0,1237.0
202308,1206,9호선종합운동장역 9번출구,송파구,1415.0,1371.0
202308,1207,마천중앙시장,송파구,801.0,805.0
202308,1208,풍납현대아파트쉼터,송파구,2818.0,2746.0
202308,1209,잠실나루역 (2번 출구 쪽),송파구,3093.0,3085.0
202308,1210,롯데월드타워(잠실역2번출구 쪽),송파구,8770.0,8772.0
202308,1212,송파역 2번 출구앞,송파구,1573.0,1581.0
202308,1213,백토공원 앞,송파구,309.0,306.0
202308,1214,오금역 7번 출구 인근,송파구,1191.0,1193.0
202308,1215,올림픽공원역 1번출구 앞,송파구,1995.0,1990.0
202308,1217,송파파인타운 7단지,송파구,1006.0,992.0
202308,1218,방이역 4번출구,송파구,2961.0,2958.0
202308,1220,잠실근린공원,송파구,2618.0,3020.0
202308,1221,삼전역 4번출구,송파구,2039.0,2099.0
202308,1222,잠실새내역 5번 출구 뒤,송파구,4560.0,4564.0
202308,1224,아시아지하보도 2번 출구,송파구,1527.0,1531.0
202308,1226,잠실4동 주민센터 옆,송파구,2183.0,2232.0
202308,1227,거여역 8번출구 뒤,송파구,1802.0,1806.0
202308,1228,마천사거리,송파구,1133.0,1216.0
202308,1229,송파체육문화회관 앞,송파구,1409.0,1404.0
202308,1230,송파중학교 정문,송파구,679.0,580.0
202308,1231,잠실역 6번출구,송파구,2346.0,2447.0
202308,1232,잠실주공 521동 건너편,송파구,2857.0,2984.0
202308,1233,잠실3거리(갤러리아팰리스),송파구,1715.0,1464.0
202308,1235,잠실트리지움310동 옆,송파구,2642.0,2673.0
202308,1239,문정 법조단지3,송파구,536.0,539.0
202308,1240,문정 법조단지4,송파구,789.0,704.0
202308,1241,문정 법조단지5,송파구,461.0,437.0
202308,1242,문정 법조단지6,송파구,96.0,101.0
202308,1243,문정 법조단지7,송파구,2537.0,2654.0
202308,1244,문정 법조단지8,송파구,3000.0,2964.0
202308,1245,문정 법조단지9,송파구,1765.0,1754.0
202308,1246,문정 법조단지10,송파구,1813.0,1819.0
202308,1247,문정 법조단지11,송파구,1107.0,997.0
202308,1248,방이초등학교,송파구,2653.0,2297.0
202308,1250,문정2동 주민센터,송파구,165.0,150.0
202308,1251,석촌역 2번출구,송파구,3052.0,3046.0
202308,1253,오금역 3번 출구 뒤,송파구,737.0,734.0
202308,1256,문정현대아파트 교차로,송파구,826.0,826.0
202308,1257,가락시장역 사거리,송파구,1223.0,1226.0
202308,1258,가락미륭아파트 앞,송파구,500.0,326.0
202308,1259,방이역 1번출구,송파구,1800.0,1793.0
202308,1260,방이동 한양3차아파트 옆,송파구,1536.0,1545.0
202308,1262,송파여성문화회관 앞,송파구,2814.0,2818.0
202308,1263,장지공영차고지,송파구,395.0,394.0
202308,1264,천호역 10번 출구 앞,송파구,4109.0,4109.0
202308,1265,문정동 근린공원,송파구,1284.0,1282.0
202308,1266,문정동 글샘 공원,송파구,903.0,814.0
202308,1267,올림픽공원 남2문 앞,송파구,1315.0,1284.0
202308,1268,몽촌토성역 1번출구 옆,송파구,1823.0,1819.0
202308,1269,리센츠아파트,송파구,2004.0,1749.0
202308,1271,송파도서관,송파구,1175.0,1175.0
202308,1274,영파여고 앞,송파구,1564.0,1523.0
202308,1275,거여초등학교 옆,송파구,682.0,827.0
202308,1277,성내7교,송파구,854.0,903.0
202308,1278,송파구청 교차로,송파구,2062.0,2061.0
202308,1279,마천금호어울림 1차아파트 건너편,송파구,360.0,359.0
202308,1280,송파파크데일 2단지입구 앞 주차장,송파구,543.0,526.0
202308,1282,송파소방서 맞은편(성내4교),송파구,1808.0,2038.0
202308,1283,오금공원 사거리,송파구,149.0,115.0
202308,1285,위례별 유치원 뒤,송파구,474.0,432.0
202308,1286,위례중앙푸르지오 1단지 앞,송파구,1153.0,1145.0
202308,1287,위례아이파크 101동 맞은편,송파구,520.0,513.0
202308,1288,문정중교 사거리,송파구,1209.0,1077.0
202308,1289,풍납토성 서성벽터B,송파구,691.0,798.0
202308,1290,위례송파꿈에그린아파트24단지 앞 성벽 다리 밑,송파구,919.0,939.0
202308,1291,서울체육고등학교 앞,송파구,1205.0,1261.0
202308,1293,석촌호수 서호 사거리,송파구,3578.0,3594.0
202308,1295,잠실역 8번출구,송파구,4372.0,4355.0
202308,1296,석촌호수교차로 (송파나루근린공원 앞),송파구,837.0,729.0
202308,1297,석촌호수교차로(동호 팔각정 앞),송파구,3499.0,3501.0
202308,1299,송파소방서 (방이119안전센터),송파구,806.0,716.0
202308,1300,오륜사거리,송파구,831.0,861.0
202308,2601,석촌호수 아뜰리에,송파구,2895.0,2834.0
202308,2603,송파 글마루 도서관,송파구,1137.0,1140.0
202308,2604,풍납토성 서성벽터A,송파구,1391.0,1554.0
202308,2605,복정역 1번 출구 앞,송파구,1320.0,1412.0
202308,2606,위례동주민센터 맞은편 근린공원,송파구,2489.0,2545.0
202308,2608,송파구청,송파구,6783.0,6967.0
202308,2609,보성중고등학교 후문 앞,송파구,205.0,205.0
202308,2611,송파지역자활센터 뒤,송파구,2986.0,3252.0
202308,2612,문정·가락 대여소 앞,송파구,49.0,50.0
202308,2613,잠실나들목,송파구,2157.0,2193.0
202308,2614,가락고등학교 앞,송파구,379.0,350.0
202308,2615,테라타워2,송파구,2566.0,2583.0
202308,2616,거여동 사거리,송파구,490.0,488.0
202308,2617,가락삼환아파트 앞,송파구,511.0,435.0
202308,2618,삼전역 1번출구,송파구,2055.0,2123.0
202308,2619,석촌고분역 4번출구,송파구,2238.0,2368.0
202308,2620,송파나루역 4번 출구옆,송파구,5706.0,5706.0
202308,2621,한성백제역 2번 출구,송파구,2759.0,2765.0
202308,2622,올림픽공원역 3번출구,송파구,5953.0,5946.0
202308,2623,석촌동 주민센터,송파구,3265.0,3409.0
202308,2625,가락종합 사회복지관,송파구,638.0,631.0
202308,2626,"경찰병원역 1,2번 출구 사이",송파구,759.0,754.0
202308,2627,문정시영아파트 5동 앞 공원,송파구,1027.0,605.0
202308,2628,문정역 1번출구,송파구,2953.0,2966.0
202308,2630,서울방이동 고분군,송파구,2103.0,2097.0
202308,2631,배명고등학교,송파구,738.0,858.0
202308,2632,석촌고분역 2번 출구,송파구,3197.0,3405.0
202308,2633,송파학사 옆,송파구,1147.0,1036.0
202308,2634,위례포레샤인아파트 2318동,송파구,827.0,892.0
202308,2635,잠실새내역 1번출구,송파구,2783.0,2612.0
202308,2637,아시아지하보도 14번 출구,송파구,2931.0,2931.0
202308,2639,석촌역 8번출구,송파구,3821.0,3655.0
202308,2641,송파역 4번출구,송파구,3337.0,3337.0
202308,2642,마천동 성내천 쉼터,송파구,1122.0,1179.0
202308,2643,풍납중학교 측면,송파구,381.0,313.0
202308,2644,성내5교,송파구,1429.0,1466.0
202308,2645,잠실나들목2(엘스아파트136동),송파구,791.0,772.0
202308,2646,레이크펠리스101동앞,송파구,3500.0,3561.0
202308,2647,잠실 자전거 수리센터 앞,송파구,3053.0,3041.0
202308,2648,헬리오시티 112동 앞,송파구,1371.0,1359.0
202308,2649,오금공원사거리2,송파구,370.0,295.0
202308,2650,위례22단지 2208동 다리앞,송파구,496.0,552.0
202308,2651,경찰병원역 3번출구 앞,송파구,1395.0,1383.0
202308,2652,송파 레미니스1단지 102동 앞,송파구,1278.0,1040.0
202308,2653,올림픽공원사거리(선수촌아파트),송파구,1652.0,1652.0
202308,2654,올림픽선수촌아파트 136동 앞,송파구,757.0,563.0
202308,2655,송이공원,송파구,551.0,508.0
202308,2656,풍납동 아이파크 107동 앞,송파구,1358.0,1356.0
202308,2657,송파 파인타운 11단지,송파구,858.0,858.0
202308,2658,가락몰 업무동,송파구,1618.0,1628.0
202308,2659,서울친환경유통센터,송파구,150.0,148.0
202308,4452,삼성SDS,송파구,2887.0,3165.0
202308,4453,위례중앙푸르지오 201동 앞,송파구,1883.0,1851.0
202308,4454,위례 포레샤인 1809동 부근,송파구,301.0,103.0
202308,4457,아산병원 기숙사 부근,송파구,4065.0,4831.0
202308,4458,가락2동주민센터 인근,송파구,751.0,717.0
202308,4460,올림픽훼미리아파트 112동 앞,송파구,1180.0,1191.0
202308,4461,한양3차아파트 3동 앞,송파구,268.0,273.0
202308,4462,가락중학교 앞,송파구,775.0,774.0
202308,4463,방이역 2번 출구,송파구,787.0,782.0
202308,4464,올림픽공원 북2문 A,송파구,1795.0,1854.0
202308,4465,건영아파트앞 사거리,송파구,1991.0,2004.0
202308,4468,가락1동주민센터,송파구,1327.0,1269.0
202308,4469,거여동 어울림아파트  102동앞,송파구,693.0,692.0
202308,4472,송파파크데일 1단지 115동 건너편,송파구,495.0,486.0
202308,4473,마천금호어울림 1차 102동앞,송파구,281.0,264.0
202308,4474,가락현대 1차 11동 앞,송파구,463.0,416.0
202308,4475,송파파인타운 4단지 403동,송파구,548.0,522.0
202308,4478,문정근린공원2,송파구,1210.0,1214.0
202308,4479,문정중학교,송파구,169.0,156.0
202308,4480,가락시장 남1문 사거리,송파구,863.0,871.0
202308,4481,올림픽공원 북2문 B,송파구,3428.0,3435.0
202308,4483,잠실나들목4,송파구,2019.0,2044.0
202308,4484,잠실나루역4번출구뒤,송파구,1934.0,1937.0
202308,4485,잠실나루역 고가하부,송파구,647.0,488.0
202308,4486,홈플러스 잠실점,송파구,2202.0,2276.0
202308,4488,문현중.고등학교 사이,송파구,232.0,206.0
202308,4490,송파파인타운 10단지 1005동,송파구,367.0,365.0
202308,4491,장지역 1번출구,송파구,1598.0,1624.0
202308,4493,마천사거리 2,송파구,556.0,559.0
202308,4496,잠실 파크리오 120동 앞,송파구,1991.0,1895.0
202308,4497,아시아선수촌아파트 교차로,송파구,2089.0,2244.0
202308,4499,세양청마루 101동 앞,송파구,620.0,420.0
202308,4852,서울복합물류 게이트 1,송파구,1406.0,1364.0
202308,4854,가락시장역 2번 출구,송파구,1234.0,1242.0
202308,4855,거여5단지 503동 앞,송파구,703.0,706.0
202308,4856,올림픽공원 서1문 앞,송파구,888.0,884.0
202308,4857,올림픽공원 장미광장,송파구,530.0,533.0
202308,4859,잠실나루 나들목,송파구,1870.0,1870.0
202308,4860,가락쌍용2차아파트 103동,송파구,902.0,907.0
202308,4862,성내교 남단,송파구,480.0,422.0
202308,4863,잠실나들목5,송파구,530.0,546.0
202308,4864,송파사거리,송파구,3323.0,3307.0
202308,4865,한성백제역 1번출구 뒤,송파구,3734.0,3725.0
202308,4867,가락대림아파트 앞,송파구,1244.0,1245.0
202308,4868,석촌호수 서호 남단,송파구,3471.0,3500.0
202308,4869,잠실나들목6,송파구,722.0,737.0
202308,4870,몽촌토성역 3번 출구,송파구,5721.0,5726.0
202308,4871,오금동 대림아파트 정문,송파구,654.0,648.0
202308,4872,개롱역 3번 출구 뒤,송파구,1153.0,1146.0
202308,4873,개롱역사거리 2번 출구,송파구,1274.0,1279.0
202308,4874,탄천1교 하부보도,송파구,629.0,698.0
202308,4875,위례포레샤인13단지,송파구,656.0,641.0
202308,4876,삼전동주민센터 앞,송파구,1553.0,1812.0
202308,4879,마천청소년센터,송파구,278.0,267.0
202308,4880,송파청소년센터,송파구,836.0,837.0
202308,4881,거여동사거리 송파둘레길 입구,송파구,230.0,230.0
202308,4882,위례포레샤인18단지 1802동,송파구,279.0,274.0
202308,4883,위례포레샤인18단지 1812동,송파구,149.0,39.0
202308,4884,H비즈니스파크,송파구,1430.0,1649.0
202308,4885,가든파이브 리빙관,송파구,348.0,337.0
202308,4886,배명고등학교 건너편,송파구,882.0,1001.0
202308,4887,호돌이상가,송파구,830.0,833.0
202308,4888,둔촌오륜역 2번출구,송파구,468.0,439.0
202308,4889,마천역 1번 출구 인근②,송파구,681.0,659.0
202308,4891,위례포레나송파,송파구,788.0,747.0
202308,4892,성내유수지 체육공원,송파구,469.0,321.0
202308,4893,문정법조단지12,송파구,2403.0,2855.0
202308,4895,위례포레샤인15단지 상가,송파구,1324.0,1317.0
202308,4896,위례포레샤인15단지,송파구,129.0,102.0
202308,4897,잠실주공5단지1,송파구,2848.0,2986.0
202308,5751,송파여성축구장,송파구,314.0,307.0
202308,5752,풍납백제문화공원 옆 인근,송파구,3016.0,3240.0
202308,5753,호반써밋,송파구,858.0,786.0
202308,5756,극동아파트,송파구,1224.0,1196.0
202308,5758,올림픽선수기자촌아파트 123동 근처,송파구,493.0,415.0
202308,5759,풍납근린공원,송파구,1076.0,989.0
202308,5760,풍납사거리 성내유수지,송파구,1004.0,961.0
202308,5761,버섯분수대,송파구,1096.0,1101.0
202308,5763,세륜초등학교 건너편,송파구,243.0,228.0
202308,5764,한국체육대학교,송파구,610.0,610.0
202308,5765,삼전동주민센터 건너편,송파구,1347.0,1541.0
202308,5766,북위례1,송파구,495.0,242.0
202308,5767,북위례2,송파구,364.0,306.0
202308,5768,방이삼거리,송파구,6300.0,6459.0
202308,5773,송파시그니처롯데캐슬,송파구,284.0,289.0
202308,5774,가락본동주민센터 인근,송파구,1569.0,1575.0
202308,5775,가락시장역 5번출구,송파구,565.0,567.0
202308,5777,호반써밋12단지,송파구,552.0,551.0
202309,1201,가락시장역 3번 출구,송파구,2430.0,2436.0
202309,1203,밀리아나2빌딩 앞,송파구,1603.0,1609.0
202309,1204,거여역 3번출구,송파구,2207.0,2179.0
202309,1205,종합운동장역 4번출구,송파구,2024.0,1764.0
202309,1206,9호선종합운동장역 9번출구,송파구,1483.0,1451.0
202309,1207,마천중앙시장,송파구,867.0,870.0
202309,1208,풍납현대아파트쉼터,송파구,3017.0,3009.0
202309,1209,잠실나루역 (2번 출구 쪽),송파구,3393.0,3374.0
202309,1210,롯데월드타워(잠실역2번출구 쪽),송파구,10314.0,10271.0
202309,1212,송파역 2번 출구앞,송파구,1783.0,1780.0
202309,1213,백토공원 앞,송파구,342.0,339.0
202309,1214,오금역 7번 출구 인근,송파구,1471.0,1463.0
202309,1215,올림픽공원역 1번출구 앞,송파구,2258.0,2243.0
202309,1217,송파파인타운 7단지,송파구,1127.0,1128.0
202309,1218,방이역 4번출구,송파구,3509.0,3506.0
202309,1220,잠실근린공원,송파구,2830.0,3313.0
202309,1221,삼전역 4번출구,송파구,2209.0,2270.0
202309,1222,잠실새내역 5번 출구 뒤,송파구,5319.0,5332.0
202309,1224,아시아지하보도 2번 출구,송파구,1893.0,1875.0
202309,1226,잠실4동 주민센터 옆,송파구,2282.0,2281.0
202309,1227,거여역 8번출구 뒤,송파구,1952.0,1957.0
202309,1228,마천사거리,송파구,1204.0,1367.0
202309,1229,송파체육문화회관 앞,송파구,1432.0,1429.0
202309,1230,송파중학교 정문,송파구,748.0,681.0
202309,1231,잠실역 6번출구,송파구,2997.0,3073.0
202309,1232,잠실주공 521동 건너편,송파구,3345.0,3446.0
202309,1233,잠실3거리(갤러리아팰리스),송파구,1472.0,1388.0
202309,1235,잠실트리지움310동 옆,송파구,3075.0,3091.0
202309,1239,문정 법조단지3,송파구,628.0,612.0
202309,1240,문정 법조단지4,송파구,962.0,871.0
202309,1241,문정 법조단지5,송파구,637.0,586.0
202309,1242,문정 법조단지6,송파구,206.0,180.0
202309,1243,문정 법조단지7,송파구,2841.0,3044.0
202309,1244,문정 법조단지8,송파구,3495.0,3458.0
202309,1245,문정 법조단지9,송파구,1779.0,1758.0
202309,1246,문정 법조단지10,송파구,2019.0,2018.0
202309,1247,문정 법조단지11,송파구,1140.0,1136.0
202309,1248,방이초등학교,송파구,2935.0,2563.0
202309,1250,문정2동 주민센터,송파구,216.0,175.0
202309,1251,석촌역 2번출구,송파구,3625.0,3621.0
202309,1253,오금역 3번 출구 뒤,송파구,941.0,935.0
202309,1256,문정현대아파트 교차로,송파구,899.0,901.0
202309,1257,가락시장역 사거리,송파구,1362.0,1352.0
202309,1258,가락미륭아파트 앞,송파구,655.0,460.0
202309,1259,방이역 1번출구,송파구,2095.0,2089.0
202309,1260,방이동 한양3차아파트 옆,송파구,1784.0,1777.0
202309,1262,송파여성문화회관 앞,송파구,2913.0,2908.0
202309,1263,장지공영차고지,송파구,417.0,422.0
202309,1264,천호역 10번 출구 앞,송파구,4736.0,4744.0
202309,1265,문정동 근린공원,송파구,1289.0,1289.0
202309,1266,문정동 글샘 공원,송파구,1049.0,968.0
202309,1267,올림픽공원 남2문 앞,송파구,1746.0,1751.0
202309,1268,몽촌토성역 1번출구 옆,송파구,3404.0,3403.0
202309,1269,리센츠아파트,송파구,2124.0,1791.0
202309,1271,송파도서관,송파구,1073.0,1072.0
202309,1274,영파여고 앞,송파구,1802.0,1685.0
202309,1275,거여초등학교 옆,송파구,707.0,751.0
202309,1277,성내7교,송파구,983.0,1006.0
202309,1278,송파구청 교차로,송파구,2472.0,2494.0
202309,1279,마천금호어울림 1차아파트 건너편,송파구,337.0,338.0
202309,1280,송파파크데일 2단지입구 앞 주차장,송파구,609.0,599.0
202309,1282,송파소방서 맞은편(성내4교),송파구,2209.0,2416.0
202309,1283,오금공원 사거리,송파구,189.0,153.0
202309,1285,위례별 유치원 뒤,송파구,502.0,472.0
202309,1286,위례중앙푸르지오 1단지 앞,송파구,1336.0,1325.0
202309,1287,위례아이파크 101동 맞은편,송파구,556.0,543.0
202309,1288,문정중교 사거리,송파구,1189.0,1151.0
202309,1289,풍납토성 서성벽터B,송파구,861.0,951.0
202309,1290,위례송파꿈에그린아파트24단지 앞 성벽 다리 밑,송파구,1030.0,1038.0
202309,1291,서울체육고등학교 앞,송파구,1543.0,1844.0
202309,1293,석촌호수 서호 사거리,송파구,3734.0,3779.0
202309,1295,잠실역 8번출구,송파구,5370.0,5348.0
202309,1296,석촌호수교차로 (송파나루근린공원 앞),송파구,925.0,909.0
202309,1297,석촌호수교차로(동호 팔각정 앞),송파구,4208.0,4213.0
202309,1299,송파소방서 (방이119안전센터),송파구,831.0,720.0
202309,1300,오륜사거리,송파구,977.0,989.0
202309,2601,석촌호수 아뜰리에,송파구,3267.0,3290.0
202309,2603,송파 글마루 도서관,송파구,1313.0,1274.0
202309,2604,풍납토성 서성벽터A,송파구,1552.0,1737.0
202309,2605,복정역 1번 출구 앞,송파구,1648.0,1701.0
202309,2606,위례동주민센터 맞은편 근린공원,송파구,2639.0,2662.0
202309,2608,송파구청,송파구,6844.0,7281.0
202309,2609,보성중고등학교 후문 앞,송파구,243.0,241.0
202309,2611,송파지역자활센터 뒤,송파구,3015.0,3367.0
202309,2612,문정·가락 대여소 앞,송파구,60.0,62.0
202309,2613,잠실나들목,송파구,3414.0,3598.0
202309,2614,가락고등학교 앞,송파구,562.0,506.0
202309,2615,테라타워2,송파구,2989.0,2977.0
202309,2616,거여동 사거리,송파구,574.0,574.0
202309,2617,가락삼환아파트 앞,송파구,617.0,561.0
202309,2618,삼전역 1번출구,송파구,2368.0,2484.0
202309,2619,석촌고분역 4번출구,송파구,2602.0,2745.0
202309,2620,송파나루역 4번 출구옆,송파구,6514.0,6567.0
202309,2621,한성백제역 2번 출구,송파구,4122.0,4122.0
202309,2622,올림픽공원역 3번출구,송파구,7663.0,7636.0
202309,2623,석촌동 주민센터,송파구,3586.0,3597.0
202309,2625,가락종합 사회복지관,송파구,751.0,734.0
202309,2626,"경찰병원역 1,2번 출구 사이",송파구,953.0,952.0
202309,2627,문정시영아파트 5동 앞 공원,송파구,979.0,602.0
202309,2628,문정역 1번출구,송파구,3191.0,3185.0
202309,2630,서울방이동 고분군,송파구,2338.0,2347.0
202309,2631,배명고등학교,송파구,961.0,1057.0
202309,2632,석촌고분역 2번 출구,송파구,3686.0,3791.0
202309,2633,송파학사 옆,송파구,1327.0,1205.0
202309,2634,위례포레샤인아파트 2318동,송파구,991.0,1024.0
202309,2635,잠실새내역 1번출구,송파구,3125.0,2958.0
202309,2637,아시아지하보도 14번 출구,송파구,3278.0,3297.0
202309,2639,석촌역 8번출구,송파구,4050.0,4022.0
202309,2641,송파역 4번출구,송파구,4012.0,4006.0
202309,2642,마천동 성내천 쉼터,송파구,1366.0,1429.0
202309,2643,풍납중학교 측면,송파구,455.0,378.0
202309,2644,성내5교,송파구,1778.0,1819.0
202309,2645,잠실나들목2(엘스아파트136동),송파구,1135.0,1168.0
202309,2646,레이크펠리스101동앞,송파구,3997.0,4067.0
202309,2647,잠실 자전거 수리센터 앞,송파구,3331.0,3408.0
202309,2648,헬리오시티 112동 앞,송파구,1791.0,1705.0
202309,2649,오금공원사거리2,송파구,385.0,307.0
202309,2650,위례22단지 2208동 다리앞,송파구,642.0,636.0
202309,2651,경찰병원역 3번출구 앞,송파구,1493.0,1485.0
202309,2652,송파 레미니스1단지 102동 앞,송파구,1282.0,1051.0
202309,2653,올림픽공원사거리(선수촌아파트),송파구,1758.0,1757.0
202309,2654,올림픽선수촌아파트 136동 앞,송파구,774.0,633.0
202309,2655,송이공원,송파구,766.0,639.0
202309,2656,풍납동 아이파크 107동 앞,송파구,1501.0,1503.0
202309,2657,송파 파인타운 11단지,송파구,950.0,940.0
202309,2658,가락몰 업무동,송파구,1775.0,1811.0
202309,2659,서울친환경유통센터,송파구,203.0,195.0
202309,4452,삼성SDS,송파구,3169.0,3525.0
202309,4453,위례중앙푸르지오 201동 앞,송파구,1934.0,1942.0
202309,4454,위례 포레샤인 1809동 부근,송파구,378.0,114.0
202309,4457,아산병원 기숙사 부근,송파구,4770.0,5438.0
202309,4458,가락2동주민센터 인근,송파구,823.0,805.0
202309,4460,올림픽훼미리아파트 112동 앞,송파구,1299.0,1295.0
202309,4461,한양3차아파트 3동 앞,송파구,299.0,295.0
202309,4462,가락중학교 앞,송파구,755.0,748.0
202309,4463,방이역 2번 출구,송파구,982.0,979.0
202309,4464,올림픽공원 북2문 A,송파구,2252.0,2240.0
202309,4465,건영아파트앞 사거리,송파구,2119.0,2098.0
202309,4468,가락1동주민센터,송파구,1562.0,1531.0
202309,4469,거여동 어울림아파트  102동앞,송파구,730.0,730.0
202309,4472,송파파크데일 1단지 115동 건너편,송파구,564.0,524.0
202309,4473,마천금호어울림 1차 102동앞,송파구,307.0,306.0
202309,4474,가락현대 1차 11동 앞,송파구,514.0,463.0
202309,4475,송파파인타운 4단지 403동,송파구,567.0,566.0
202309,4478,문정근린공원2,송파구,1335.0,1332.0
202309,4479,문정중학교,송파구,204.0,185.0
202309,4480,가락시장 남1문 사거리,송파구,865.0,857.0
202309,4481,올림픽공원 북2문 B,송파구,4067.0,4096.0
202309,4483,잠실나들목4,송파구,2959.0,3132.0
202309,4484,잠실나루역4번출구뒤,송파구,2553.0,2568.0
202309,4485,잠실나루역 고가하부,송파구,621.0,591.0
202309,4486,홈플러스 잠실점,송파구,2475.0,2545.0
202309,4488,문현중.고등학교 사이,송파구,276.0,270.0
202309,4490,송파파인타운 10단지 1005동,송파구,454.0,455.0
202309,4491,장지역 1번출구,송파구,1890.0,1931.0
202309,4493,마천사거리 2,송파구,665.0,664.0
202309,4496,잠실 파크리오 120동 앞,송파구,1983.0,1848.0
202309,4497,아시아선수촌아파트 교차로,송파구,2316.0,2376.0
202309,4499,세양청마루 101동 앞,송파구,712.0,414.0
202309,4852,서울복합물류 게이트 1,송파구,1384.0,1358.0
202309,4854,가락시장역 2번 출구,송파구,1689.0,1683.0
202309,4855,거여5단지 503동 앞,송파구,750.0,748.0
202309,4856,올림픽공원 서1문 앞,송파구,1241.0,1245.0
202309,4857,올림픽공원 장미광장,송파구,702.0,681.0
202309,4859,잠실나루 나들목,송파구,2311.0,2349.0
202309,4860,가락쌍용2차아파트 103동,송파구,956.0,943.0
202309,4862,성내교 남단,송파구,625.0,540.0
202309,4863,잠실나들목5,송파구,760.0,787.0
202309,4864,송파사거리,송파구,3681.0,3680.0
202309,4865,한성백제역 1번출구 뒤,송파구,3787.0,3792.0
202309,4867,가락대림아파트 앞,송파구,1247.0,1247.0
202309,4868,석촌호수 서호 남단,송파구,3584.0,3657.0
202309,4869,잠실나들목6,송파구,1208.0,1338.0
202309,4870,몽촌토성역 3번 출구,송파구,6482.0,6468.0
202309,4871,오금동 대림아파트 정문,송파구,677.0,625.0
202309,4872,개롱역 3번 출구 뒤,송파구,1357.0,1365.0
202309,4873,개롱역사거리 2번 출구,송파구,1498.0,1479.0
202309,4874,탄천1교 하부보도,송파구,786.0,824.0
202309,4875,위례포레샤인13단지,송파구,602.0,604.0
202309,4876,삼전동주민센터 앞,송파구,1683.0,2001.0
202309,4879,마천청소년센터,송파구,273.0,263.0
202309,4880,송파청소년센터,송파구,969.0,937.0
202309,4881,거여동사거리 송파둘레길 입구,송파구,257.0,256.0
202309,4882,위례포레샤인18단지 1802동,송파구,436.0,350.0
202309,4883,위례포레샤인18단지 1812동,송파구,122.0,68.0
202309,4884,H비즈니스파크,송파구,1653.0,1924.0
202309,4885,가든파이브 리빙관,송파구,386.0,396.0
202309,4886,배명고등학교 건너편,송파구,927.0,1068.0
202309,4887,호돌이상가,송파구,940.0,933.0
202309,4888,둔촌오륜역 2번출구,송파구,519.0,476.0
202309,4889,마천역 1번 출구 인근②,송파구,959.0,879.0
202309,4891,위례포레나송파,송파구,908.0,876.0
202309,4892,성내유수지 체육공원,송파구,487.0,366.0
202309,4893,문정법조단지12,송파구,2343.0,2781.0
202309,4895,위례포레샤인15단지 상가,송파구,1415.0,1420.0
202309,4896,위례포레샤인15단지,송파구,151.0,125.0
202309,4897,잠실주공5단지1,송파구,2978.0,3092.0
202309,5751,송파여성축구장,송파구,480.0,440.0
202309,5752,풍납백제문화공원 옆 인근,송파구,3445.0,3797.0
202309,5753,호반써밋,송파구,861.0,784.0
202309,5756,극동아파트,송파구,1448.0,1415.0
202309,5758,올림픽선수기자촌아파트 123동 근처,송파구,508.0,461.0
202309,5759,풍납근린공원,송파구,1150.0,1032.0
202309,5760,풍납사거리 성내유수지,송파구,1329.0,1249.0
202309,5761,버섯분수대,송파구,1314.0,1313.0
202309,5763,세륜초등학교 건너편,송파구,337.0,290.0
202309,5764,한국체육대학교,송파구,717.0,714.0
202309,5765,삼전동주민센터 건너편,송파구,1419.0,1634.0
202309,5766,북위례1,송파구,610.0,292.0
202309,5767,북위례2,송파구,412.0,309.0
202309,5768,방이삼거리,송파구,6867.0,7049.0
202309,5773,송파시그니처롯데캐슬,송파구,347.0,370.0
202309,5774,가락본동주민센터 인근,송파구,1608.0,1606.0
202309,5775,가락시장역 5번출구,송파구,662.0,672.0
202309,5777,호반써밋12단지,송파구,668.0,653.0
202310,1201,가락시장역 3번 출구,송파구,2731.0,2727.0
202310,1203,밀리아나2빌딩 앞,송파구,1914.0,1916.0
202310,1204,거여역 3번출구,송파구,2393.0,2405.0
202310,1205,종합운동장역 4번출구,송파구,2273.0,2056.0
202310,1206,9호선종합운동장역 9번출구,송파구,1728.0,1688.0
202310,1207,마천중앙시장,송파구,1024.0,1033.0
202310,1208,풍납현대아파트쉼터,송파구,3435.0,3363.0
202310,1209,잠실나루역 (2번 출구 쪽),송파구,4110.0,4061.0
202310,1210,롯데월드타워(잠실역2번출구 쪽),송파구,13370.0,13359.0
202310,1212,송파역 2번 출구앞,송파구,2199.0,2211.0
202310,1213,백토공원 앞,송파구,372.0,377.0
202310,1214,오금역 7번 출구 인근,송파구,1735.0,1735.0
202310,1215,올림픽공원역 1번출구 앞,송파구,2626.0,2627.0
202310,1217,송파파인타운 7단지,송파구,1333.0,1316.0
202310,1218,방이역 4번출구,송파구,4261.0,4255.0
202310,1220,잠실근린공원,송파구,3552.0,4287.0
202310,1221,삼전역 4번출구,송파구,2636.0,2690.0
202310,1222,잠실새내역 5번 출구 뒤,송파구,6532.0,6602.0
202310,1224,아시아지하보도 2번 출구,송파구,2313.0,2261.0
202310,1226,잠실4동 주민센터 옆,송파구,2736.0,2741.0
202310,1227,거여역 8번출구 뒤,송파구,2354.0,2370.0
202310,1228,마천사거리,송파구,1481.0,1617.0
202310,1229,송파체육문화회관 앞,송파구,1605.0,1598.0
202310,1230,송파중학교 정문,송파구,870.0,764.0
202310,1231,잠실역 6번출구,송파구,3560.0,3819.0
202310,1232,잠실주공 521동 건너편,송파구,4031.0,4170.0
202310,1233,잠실3거리(갤러리아팰리스),송파구,2101.0,1822.0
202310,1235,잠실트리지움310동 옆,송파구,3581.0,3698.0
202310,1239,문정 법조단지3,송파구,768.0,721.0
202310,1240,문정 법조단지4,송파구,1142.0,1054.0
202310,1241,문정 법조단지5,송파구,771.0,747.0
202310,1242,문정 법조단지6,송파구,268.0,230.0
202310,1243,문정 법조단지7,송파구,3393.0,3657.0
202310,1244,문정 법조단지8,송파구,4119.0,4110.0
202310,1245,문정 법조단지9,송파구,2301.0,2288.0
202310,1246,문정 법조단지10,송파구,2603.0,2518.0
202310,1247,문정 법조단지11,송파구,1449.0,1374.0
202310,1248,방이초등학교,송파구,3689.0,3145.0
202310,1250,문정2동 주민센터,송파구,207.0,172.0
202310,1251,석촌역 2번출구,송파구,4687.0,4681.0
202310,1253,오금역 3번 출구 뒤,송파구,1058.0,1056.0
202310,1256,문정현대아파트 교차로,송파구,1111.0,1101.0
202310,1257,가락시장역 사거리,송파구,1580.0,1586.0
202310,1258,가락미륭아파트 앞,송파구,686.0,484.0
202310,1259,방이역 1번출구,송파구,2571.0,2570.0
202310,1260,방이동 한양3차아파트 옆,송파구,2276.0,2281.0
202310,1262,송파여성문화회관 앞,송파구,3791.0,3786.0
202310,1263,장지공영차고지,송파구,562.0,573.0
202310,1264,천호역 10번 출구 앞,송파구,5392.0,5376.0
202310,1265,문정동 근린공원,송파구,1672.0,1679.0
202310,1266,문정동 글샘 공원,송파구,1191.0,1077.0
202310,1267,올림픽공원 남2문 앞,송파구,2407.0,2317.0
202310,1268,몽촌토성역 1번출구 옆,송파구,3978.0,3975.0
202310,1269,리센츠아파트,송파구,2604.0,2258.0
202310,1271,송파도서관,송파구,1241.0,1237.0
202310,1274,영파여고 앞,송파구,1994.0,1949.0
202310,1275,거여초등학교 옆,송파구,986.0,1011.0
202310,1277,성내7교,송파구,1097.0,1106.0
202310,1278,송파구청 교차로,송파구,3044.0,3051.0
202310,1279,마천금호어울림 1차아파트 건너편,송파구,408.0,413.0
202310,1280,송파파크데일 2단지입구 앞 주차장,송파구,706.0,718.0
202310,1282,송파소방서 맞은편(성내4교),송파구,2561.0,2893.0
202310,1283,오금공원 사거리,송파구,189.0,151.0
202310,1285,위례별 유치원 뒤,송파구,567.0,507.0
202310,1286,위례중앙푸르지오 1단지 앞,송파구,1442.0,1429.0
202310,1287,위례아이파크 101동 맞은편,송파구,741.0,749.0
202310,1288,문정중교 사거리,송파구,1551.0,1403.0
202310,1289,풍납토성 서성벽터B,송파구,980.0,1043.0
202310,1290,위례송파꿈에그린아파트24단지 앞 성벽 다리 밑,송파구,1082.0,1095.0
202310,1291,서울체육고등학교 앞,송파구,2423.0,2745.0
202310,1293,석촌호수 서호 사거리,송파구,4546.0,4636.0
202310,1295,잠실역 8번출구,송파구,6770.0,6729.0
202310,1296,석촌호수교차로 (송파나루근린공원 앞),송파구,1603.0,1406.0
202310,1297,석촌호수교차로(동호 팔각정 앞),송파구,5239.0,5238.0
202310,1299,송파소방서 (방이119안전센터),송파구,811.0,787.0
202310,1300,오륜사거리,송파구,1046.0,1084.0
202310,2601,석촌호수 아뜰리에,송파구,3662.0,3620.0
202310,2603,송파 글마루 도서관,송파구,1388.0,1348.0
202310,2604,풍납토성 서성벽터A,송파구,1861.0,2108.0
202310,2605,복정역 1번 출구 앞,송파구,2143.0,2196.0
202310,2606,위례동주민센터 맞은편 근린공원,송파구,3135.0,3203.0
202310,2608,송파구청,송파구,9555.0,9888.0
202310,2609,보성중고등학교 후문 앞,송파구,298.0,295.0
202310,2611,송파지역자활센터 뒤,송파구,3629.0,3873.0
202310,2612,문정·가락 대여소 앞,송파구,95.0,87.0
202310,2613,잠실나들목,송파구,3522.0,3901.0
202310,2614,가락고등학교 앞,송파구,755.0,619.0
202310,2615,테라타워2,송파구,3696.0,3704.0
202310,2616,거여동 사거리,송파구,645.0,644.0
202310,2617,가락삼환아파트 앞,송파구,691.0,663.0
202310,2618,삼전역 1번출구,송파구,2865.0,3023.0
202310,2619,석촌고분역 4번출구,송파구,3121.0,3401.0
202310,2620,송파나루역 4번 출구옆,송파구,8139.0,8277.0
202310,2621,한성백제역 2번 출구,송파구,4814.0,4822.0
202310,2622,올림픽공원역 3번출구,송파구,10333.0,10266.0
202310,2623,석촌동 주민센터,송파구,4314.0,4429.0
202310,2625,가락종합 사회복지관,송파구,951.0,908.0
202310,2626,"경찰병원역 1,2번 출구 사이",송파구,1084.0,1087.0
202310,2627,문정시영아파트 5동 앞 공원,송파구,1346.0,794.0
202310,2628,문정역 1번출구,송파구,3611.0,3620.0
202310,2630,서울방이동 고분군,송파구,2926.0,2895.0
202310,2631,배명고등학교,송파구,1196.0,1296.0
202310,2632,석촌고분역 2번 출구,송파구,4321.0,4590.0
202310,2633,송파학사 옆,송파구,1495.0,1417.0
202310,2634,위례포레샤인아파트 2318동,송파구,1269.0,1295.0
202310,2635,잠실새내역 1번출구,송파구,4123.0,3835.0
202310,2637,아시아지하보도 14번 출구,송파구,4010.0,3935.0
202310,2639,석촌역 8번출구,송파구,5479.0,5233.0
202310,2641,송파역 4번출구,송파구,5132.0,5156.0
202310,2642,마천동 성내천 쉼터,송파구,1585.0,1580.0
202310,2643,풍납중학교 측면,송파구,531.0,496.0
202310,2644,성내5교,송파구,2158.0,2281.0
202310,2645,잠실나들목2(엘스아파트136동),송파구,1182.0,1214.0
202310,2646,레이크펠리스101동앞,송파구,4821.0,4862.0
202310,2647,잠실 자전거 수리센터 앞,송파구,4632.0,4768.0
202310,2648,헬리오시티 112동 앞,송파구,1942.0,1938.0
202310,2649,오금공원사거리2,송파구,400.0,348.0
202310,2650,위례22단지 2208동 다리앞,송파구,748.0,777.0
202310,2651,경찰병원역 3번출구 앞,송파구,1812.0,1813.0
202310,2652,송파 레미니스1단지 102동 앞,송파구,1500.0,1163.0
202310,2653,올림픽공원사거리(선수촌아파트),송파구,2178.0,2171.0
202310,2654,올림픽선수촌아파트 136동 앞,송파구,917.0,761.0
202310,2655,송이공원,송파구,813.0,744.0
202310,2656,풍납동 아이파크 107동 앞,송파구,1791.0,1795.0
202310,2657,송파 파인타운 11단지,송파구,1112.0,1112.0
202310,2658,가락몰 업무동,송파구,2261.0,2275.0
202310,2659,서울친환경유통센터,송파구,252.0,252.0
202310,4452,삼성SDS,송파구,4341.0,4503.0
202310,4453,위례중앙푸르지오 201동 앞,송파구,2372.0,2355.0
202310,4454,위례 포레샤인 1809동 부근,송파구,527.0,176.0
202310,4457,아산병원 기숙사 부근,송파구,6503.0,6981.0
202310,4458,가락2동주민센터 인근,송파구,1030.0,983.0
202310,4460,올림픽훼미리아파트 112동 앞,송파구,1649.0,1677.0
202310,4461,한양3차아파트 3동 앞,송파구,397.0,397.0
202310,4462,가락중학교 앞,송파구,938.0,940.0
202310,4463,방이역 2번 출구,송파구,1156.0,1157.0
202310,4464,올림픽공원 북2문 A,송파구,2814.0,2815.0
202310,4465,건영아파트앞 사거리,송파구,2425.0,2404.0
202310,4468,가락1동주민센터,송파구,1778.0,1735.0
202310,4469,거여동 어울림아파트  102동앞,송파구,921.0,923.0
202310,4472,송파파크데일 1단지 115동 건너편,송파구,652.0,622.0
202310,4473,마천금호어울림 1차 102동앞,송파구,374.0,375.0
202310,4474,가락현대 1차 11동 앞,송파구,601.0,560.0
202310,4475,송파파인타운 4단지 403동,송파구,729.0,662.0
202310,4478,문정근린공원2,송파구,1484.0,1487.0
202310,4479,문정중학교,송파구,254.0,236.0
202310,4480,가락시장 남1문 사거리,송파구,1002.0,991.0
202310,4481,올림픽공원 북2문 B,송파구,4970.0,4997.0
202310,4483,잠실나들목4,송파구,3241.0,3599.0
202310,4484,잠실나루역4번출구뒤,송파구,3358.0,3346.0
202310,4485,잠실나루역 고가하부,송파구,819.0,688.0
202310,4486,홈플러스 잠실점,송파구,3556.0,3563.0
202310,4488,문현중.고등학교 사이,송파구,297.0,281.0
202310,4490,송파파인타운 10단지 1005동,송파구,492.0,500.0
202310,4491,장지역 1번출구,송파구,2246.0,2290.0
202310,4493,마천사거리 2,송파구,746.0,749.0
202310,4496,잠실 파크리오 120동 앞,송파구,2379.0,2253.0
202310,4497,아시아선수촌아파트 교차로,송파구,2546.0,2672.0
202310,4499,세양청마루 101동 앞,송파구,709.0,599.0
202310,4852,서울복합물류 게이트 1,송파구,1552.0,1530.0
202310,4854,가락시장역 2번 출구,송파구,1977.0,1983.0
202310,4855,거여5단지 503동 앞,송파구,843.0,845.0
202310,4856,올림픽공원 서1문 앞,송파구,1497.0,1498.0
202310,4857,올림픽공원 장미광장,송파구,1179.0,1177.0
202310,4859,잠실나루 나들목,송파구,2628.0,2620.0
202310,4860,가락쌍용2차아파트 103동,송파구,1083.0,1074.0
202310,4862,성내교 남단,송파구,737.0,648.0
202310,4863,잠실나들목5,송파구,813.0,932.0
202310,4864,송파사거리,송파구,4639.0,4663.0
202310,4865,한성백제역 1번출구 뒤,송파구,4656.0,4669.0
202310,4867,가락대림아파트 앞,송파구,1457.0,1460.0
202310,4868,석촌호수 서호 남단,송파구,4402.0,4385.0
202310,4869,잠실나들목6,송파구,1388.0,1610.0
202310,4870,몽촌토성역 3번 출구,송파구,7632.0,7609.0
202310,4871,오금동 대림아파트 정문,송파구,815.0,804.0
202310,4872,개롱역 3번 출구 뒤,송파구,1563.0,1559.0
202310,4873,개롱역사거리 2번 출구,송파구,1765.0,1761.0
202310,4874,탄천1교 하부보도,송파구,965.0,1030.0
202310,4875,위례포레샤인13단지,송파구,700.0,701.0
202310,4876,삼전동주민센터 앞,송파구,2024.0,2306.0
202310,4879,마천청소년센터,송파구,393.0,388.0
202310,4880,송파청소년센터,송파구,1204.0,1202.0
202310,4881,거여동사거리 송파둘레길 입구,송파구,308.0,312.0
202310,4882,위례포레샤인18단지 1802동,송파구,378.0,384.0
202310,4883,위례포레샤인18단지 1812동,송파구,195.0,70.0
202310,4884,H비즈니스파크,송파구,1881.0,2278.0
202310,4885,가든파이브 리빙관,송파구,419.0,417.0
202310,4886,배명고등학교 건너편,송파구,1202.0,1388.0
202310,4887,호돌이상가,송파구,1187.0,1193.0
202310,4888,둔촌오륜역 2번출구,송파구,664.0,554.0
202310,4889,마천역 1번 출구 인근②,송파구,948.0,920.0
202310,4891,위례포레나송파,송파구,1000.0,954.0
202310,4892,성내유수지 체육공원,송파구,670.0,459.0
202310,4893,문정법조단지12,송파구,2759.0,3273.0
202310,4895,위례포레샤인15단지 상가,송파구,1472.0,1465.0
202310,4896,위례포레샤인15단지,송파구,219.0,201.0
202310,4897,잠실주공5단지1,송파구,3401.0,3579.0
202310,5751,송파여성축구장,송파구,782.0,729.0
202310,5752,풍납백제문화공원 옆 인근,송파구,3704.0,4057.0
202310,5753,호반써밋,송파구,1073.0,980.0
202310,5756,극동아파트,송파구,1615.0,1598.0
202310,5758,올림픽선수기자촌아파트 123동 근처,송파구,582.0,488.0
202310,5759,풍납근린공원,송파구,1305.0,1284.0
202310,5760,풍납사거리 성내유수지,송파구,1462.0,1404.0
202310,5761,버섯분수대,송파구,1676.0,1684.0
202310,5763,세륜초등학교 건너편,송파구,372.0,368.0
202310,5764,한국체육대학교,송파구,957.0,954.0
202310,5765,삼전동주민센터 건너편,송파구,1647.0,1878.0
202310,5766,북위례1,송파구,667.0,369.0
202310,5767,북위례2,송파구,530.0,416.0
202310,5768,방이삼거리,송파구,8466.0,8719.0
202310,5773,송파시그니처롯데캐슬,송파구,402.0,414.0
202310,5774,가락본동주민센터 인근,송파구,2023.0,2022.0
202310,5775,가락시장역 5번출구,송파구,985.0,981.0
202310,5777,호반써밋12단지,송파구,781.0,748.0
202310,5778,북위례3,송파구,79.0,63.0
202311,1201,가락시장역 3번 출구,송파구,1875.0,1931.0
202311,1203,밀리아나2빌딩 앞,송파구,1319.0,1327.0
202311,1204,거여역 3번출구,송파구,1553.0,1554.0
202311,1205,종합운동장역 4번출구,송파구,1349.0,1129.0
202311,1206,9호선종합운동장역 9번출구,송파구,1042.0,990.0
202311,1207,마천중앙시장,송파구,596.0,577.0
202311,1208,풍납현대아파트쉼터,송파구,2487.0,2491.0
202311,1209,잠실나루역 (2번 출구 쪽),송파구,2860.0,2861.0
202311,1210,롯데월드타워(잠실역2번출구 쪽),송파구,8511.0,8483.0
202311,1212,송파역 2번 출구앞,송파구,1565.0,1578.0
202311,1213,백토공원 앞,송파구,258.0,256.0
202311,1214,오금역 7번 출구 인근,송파구,1259.0,1258.0
202311,1215,올림픽공원역 1번출구 앞,송파구,1602.0,1605.0
202311,1217,송파파인타운 7단지,송파구,806.0,773.0
202311,1218,방이역 4번출구,송파구,2647.0,2641.0
202311,1220,잠실근린공원,송파구,2336.0,2804.0
202311,1221,삼전역 4번출구,송파구,1546.0,1603.0
202311,1222,잠실새내역 5번 출구 뒤,송파구,3584.0,3724.0
202311,1224,아시아지하보도 2번 출구,송파구,1254.0,1189.0
202311,1226,잠실4동 주민센터 옆,송파구,2085.0,2156.0
202311,1227,거여역 8번출구 뒤,송파구,1471.0,1466.0
202311,1228,마천사거리,송파구,970.0,1050.0
202311,1229,송파체육문화회관 앞,송파구,910.0,910.0
202311,1230,송파중학교 정문,송파구,511.0,440.0
202311,1231,잠실역 6번출구,송파구,1826.0,1979.0
202311,1232,잠실주공 521동 건너편,송파구,2453.0,2550.0
202311,1233,잠실3거리(갤러리아팰리스),송파구,1178.0,1100.0
202311,1235,잠실트리지움310동 옆,송파구,2154.0,2316.0
202311,1239,문정 법조단지3,송파구,567.0,528.0
202311,1240,문정 법조단지4,송파구,655.0,588.0
202311,1241,문정 법조단지5,송파구,386.0,354.0
202311,1242,문정 법조단지6,송파구,134.0,114.0
202311,1243,문정 법조단지7,송파구,2174.0,2339.0
202311,1244,문정 법조단지8,송파구,2447.0,2436.0
202311,1245,문정 법조단지9,송파구,1334.0,1285.0
202311,1246,문정 법조단지10,송파구,1758.0,1754.0
202311,1247,문정 법조단지11,송파구,877.0,861.0
202311,1248,방이초등학교,송파구,2510.0,2116.0
202311,1250,문정2동 주민센터,송파구,172.0,140.0
202311,1251,석촌역 2번출구,송파구,2944.0,2941.0
202311,1253,오금역 3번 출구 뒤,송파구,752.0,759.0
202311,1256,문정현대아파트 교차로,송파구,662.0,657.0
202311,1257,가락시장역 사거리,송파구,1114.0,1121.0
202311,1258,가락미륭아파트 앞,송파구,394.0,256.0
202311,1259,방이역 1번출구,송파구,1601.0,1593.0
202311,1260,방이동 한양3차아파트 옆,송파구,1362.0,1344.0
202311,1262,송파여성문화회관 앞,송파구,2545.0,2550.0
202311,1263,장지공영차고지,송파구,429.0,433.0
202311,1264,천호역 10번 출구 앞,송파구,3569.0,3562.0
202311,1265,문정동 근린공원,송파구,1144.0,1145.0
202311,1266,문정동 글샘 공원,송파구,712.0,628.0
202311,1267,올림픽공원 남2문 앞,송파구,1027.0,1001.0
202311,1268,몽촌토성역 1번출구 옆,송파구,1465.0,1465.0
202311,1269,리센츠아파트,송파구,1699.0,1454.0
202311,1271,송파도서관,송파구,1004.0,1002.0
202311,1274,영파여고 앞,송파구,1488.0,1394.0
202311,1275,거여초등학교 옆,송파구,643.0,625.0
202311,1277,성내7교,송파구,914.0,947.0
202311,1278,송파구청 교차로,송파구,2001.0,1996.0
202311,1279,마천금호어울림 1차아파트 건너편,송파구,323.0,320.0
202311,1280,송파파크데일 2단지입구 앞 주차장,송파구,422.0,409.0
202311,1282,송파소방서 맞은편(성내4교),송파구,1628.0,1776.0
202311,1283,오금공원 사거리,송파구,168.0,124.0
202311,1285,위례별 유치원 뒤,송파구,367.0,370.0
202311,1286,위례중앙푸르지오 1단지 앞,송파구,909.0,900.0
202311,1287,위례아이파크 101동 맞은편,송파구,471.0,458.0
202311,1288,문정중교 사거리,송파구,1029.0,945.0
202311,1289,풍납토성 서성벽터B,송파구,574.0,614.0
202311,1290,위례송파꿈에그린아파트24단지 앞 성벽 다리 밑,송파구,712.0,713.0
202311,1291,서울체육고등학교 앞,송파구,1894.0,2253.0
202311,1293,석촌호수 서호 사거리,송파구,2719.0,2757.0
202311,1295,잠실역 8번출구,송파구,4080.0,4067.0
202311,1296,석촌호수교차로 (송파나루근린공원 앞),송파구,796.0,643.0
202311,1297,석촌호수교차로(동호 팔각정 앞),송파구,2757.0,2792.0
202311,1299,송파소방서 (방이119안전센터),송파구,567.0,454.0
202311,1300,오륜사거리,송파구,726.0,754.0
202311,2601,석촌호수 아뜰리에,송파구,2274.0,2279.0
202311,2603,송파 글마루 도서관,송파구,952.0,849.0
202311,2604,풍납토성 서성벽터A,송파구,1310.0,1437.0
202311,2605,복정역 1번 출구 앞,송파구,1436.0,1494.0
202311,2606,위례동주민센터 맞은편 근린공원,송파구,1992.0,1983.0
202311,2608,송파구청,송파구,5533.0,5935.0
202311,2609,보성중고등학교 후문 앞,송파구,243.0,246.0
202311,2611,송파지역자활센터 뒤,송파구,2743.0,2943.0
202311,2612,문정·가락 대여소 앞,송파구,39.0,46.0
202311,2613,잠실나들목,송파구,1129.0,1141.0
202311,2614,가락고등학교 앞,송파구,554.0,442.0
202311,2615,테라타워2,송파구,2627.0,2625.0
202311,2616,거여동 사거리,송파구,428.0,428.0
202311,2617,가락삼환아파트 앞,송파구,391.0,380.0
202311,2618,삼전역 1번출구,송파구,1732.0,1823.0
202311,2619,석촌고분역 4번출구,송파구,2035.0,2216.0
202311,2620,송파나루역 4번 출구옆,송파구,4847.0,5235.0
202311,2621,한성백제역 2번 출구,송파구,2235.0,2269.0
202311,2622,올림픽공원역 3번출구,송파구,4886.0,4875.0
202311,2623,석촌동 주민센터,송파구,2964.0,2969.0
202311,2625,가락종합 사회복지관,송파구,554.0,524.0
202311,2626,"경찰병원역 1,2번 출구 사이",송파구,740.0,738.0
202311,2627,문정시영아파트 5동 앞 공원,송파구,967.0,463.0
202311,2628,문정역 1번출구,송파구,2580.0,2633.0
202311,2630,서울방이동 고분군,송파구,1900.0,1809.0
202311,2631,배명고등학교,송파구,751.0,853.0
202311,2632,석촌고분역 2번 출구,송파구,2823.0,2949.0
202311,2633,송파학사 옆,송파구,931.0,793.0
202311,2634,위례포레샤인아파트 2318동,송파구,815.0,814.0
202311,2635,잠실새내역 1번출구,송파구,2579.0,2299.0
202311,2637,아시아지하보도 14번 출구,송파구,2453.0,2449.0
202311,2639,석촌역 8번출구,송파구,3692.0,3573.0
202311,2641,송파역 4번출구,송파구,3046.0,3139.0
202311,2642,마천동 성내천 쉼터,송파구,833.0,819.0
202311,2643,풍납중학교 측면,송파구,297.0,294.0
202311,2644,성내5교,송파구,1345.0,1447.0
202311,2645,잠실나들목2(엘스아파트136동),송파구,542.0,585.0
202311,2646,레이크펠리스101동앞,송파구,3084.0,3125.0
202311,2647,잠실 자전거 수리센터 앞,송파구,2974.0,3390.0
202311,2648,헬리오시티 112동 앞,송파구,1482.0,1203.0
202311,2649,오금공원사거리2,송파구,338.0,261.0
202311,2650,위례22단지 2208동 다리앞,송파구,520.0,529.0
202311,2651,경찰병원역 3번출구 앞,송파구,1330.0,1330.0
202311,2652,송파 레미니스1단지 102동 앞,송파구,936.0,695.0
202311,2653,올림픽공원사거리(선수촌아파트),송파구,1306.0,1321.0
202311,2654,올림픽선수촌아파트 136동 앞,송파구,579.0,482.0
202311,2655,송이공원,송파구,427.0,400.0
202311,2656,풍납동 아이파크 107동 앞,송파구,1349.0,1357.0
202311,2657,송파 파인타운 11단지,송파구,722.0,712.0
202311,2658,가락몰 업무동,송파구,1519.0,1562.0
202311,2659,서울친환경유통센터,송파구,170.0,156.0
202311,4452,삼성SDS,송파구,2850.0,3030.0
202311,4453,위례중앙푸르지오 201동 앞,송파구,1565.0,1544.0
202311,4454,위례 포레샤인 1809동 부근,송파구,318.0,141.0
202311,4457,아산병원 기숙사 부근,송파구,4468.0,4688.0
202311,4458,가락2동주민센터 인근,송파구,661.0,656.0
202311,4460,올림픽훼미리아파트 112동 앞,송파구,1026.0,1092.0
202311,4461,한양3차아파트 3동 앞,송파구,260.0,224.0
202311,4462,가락중학교 앞,송파구,651.0,641.0
202311,4463,방이역 2번 출구,송파구,720.0,723.0
202311,4464,올림픽공원 북2문 A,송파구,1578.0,1629.0
202311,4465,건영아파트앞 사거리,송파구,1555.0,1544.0
202311,4468,가락1동주민센터,송파구,1303.0,1278.0
202311,4469,거여동 어울림아파트  102동앞,송파구,586.0,579.0
202311,4472,송파파크데일 1단지 115동 건너편,송파구,415.0,377.0
202311,4473,마천금호어울림 1차 102동앞,송파구,196.0,191.0
202311,4474,가락현대 1차 11동 앞,송파구,483.0,436.0
202311,4475,송파파인타운 4단지 403동,송파구,501.0,476.0
202311,4478,문정근린공원2,송파구,1018.0,1015.0
202311,4479,문정중학교,송파구,202.0,202.0
202311,4480,가락시장 남1문 사거리,송파구,678.0,672.0
202311,4481,올림픽공원 북2문 B,송파구,2732.0,2795.0
202311,4483,잠실나들목4,송파구,921.0,931.0
202311,4484,잠실나루역4번출구뒤,송파구,2106.0,2085.0
202311,4485,잠실나루역 고가하부,송파구,636.0,472.0
202311,4486,홈플러스 잠실점,송파구,2326.0,2415.0
202311,4488,문현중.고등학교 사이,송파구,188.0,182.0
202311,4490,송파파인타운 10단지 1005동,송파구,261.0,256.0
202311,4491,장지역 1번출구,송파구,1530.0,1598.0
202311,4493,마천사거리 2,송파구,478.0,465.0
202311,4496,잠실 파크리오 120동 앞,송파구,1580.0,1541.0
202311,4497,아시아선수촌아파트 교차로,송파구,1564.0,1740.0
202311,4499,세양청마루 101동 앞,송파구,512.0,375.0
202311,4852,서울복합물류 게이트 1,송파구,1338.0,1339.0
202311,4854,가락시장역 2번 출구,송파구,1221.0,1224.0
202311,4855,거여5단지 503동 앞,송파구,613.0,605.0
202311,4856,올림픽공원 서1문 앞,송파구,433.0,432.0
202311,4857,올림픽공원 장미광장,송파구,452.0,442.0
202311,4859,잠실나루 나들목,송파구,1306.0,1348.0
202311,4860,가락쌍용2차아파트 103동,송파구,616.0,581.0
202311,4862,성내교 남단,송파구,430.0,352.0
202311,4863,잠실나들목5,송파구,356.0,448.0
202311,4864,송파사거리,송파구,2849.0,2916.0
202311,4865,한성백제역 1번출구 뒤,송파구,3075.0,3072.0
202311,4867,가락대림아파트 앞,송파구,978.0,966.0
202311,4868,석촌호수 서호 남단,송파구,3115.0,3158.0
202311,4869,잠실나들목6,송파구,381.0,437.0
202311,4870,몽촌토성역 3번 출구,송파구,4725.0,4735.0
202311,4871,오금동 대림아파트 정문,송파구,634.0,575.0
202311,4872,개롱역 3번 출구 뒤,송파구,984.0,994.0
202311,4873,개롱역사거리 2번 출구,송파구,1147.0,1141.0
202311,4874,탄천1교 하부보도,송파구,642.0,631.0
202311,4875,위례포레샤인13단지,송파구,509.0,484.0
202311,4876,삼전동주민센터 앞,송파구,1226.0,1383.0
202311,4879,마천청소년센터,송파구,204.0,202.0
202311,4880,송파청소년센터,송파구,813.0,815.0
202311,4881,거여동사거리 송파둘레길 입구,송파구,209.0,208.0
202311,4882,위례포레샤인18단지 1802동,송파구,258.0,254.0
202311,4883,위례포레샤인18단지 1812동,송파구,118.0,59.0
202311,4884,H비즈니스파크,송파구,1409.0,1673.0
202311,4885,가든파이브 리빙관,송파구,269.0,274.0
202311,4886,배명고등학교 건너편,송파구,798.0,863.0
202311,4887,호돌이상가,송파구,733.0,742.0
202311,4888,둔촌오륜역 2번출구,송파구,388.0,338.0
202311,4889,마천역 1번 출구 인근②,송파구,631.0,616.0
202311,4891,위례포레나송파,송파구,608.0,583.0
202311,4892,성내유수지 체육공원,송파구,389.0,263.0
202311,4893,문정법조단지12,송파구,2208.0,2718.0
202311,4895,위례포레샤인15단지 상가,송파구,933.0,933.0
202311,4896,위례포레샤인15단지,송파구,126.0,115.0
202311,4897,잠실주공5단지1,송파구,2502.0,2476.0
202311,5751,송파여성축구장,송파구,336.0,334.0
202311,5752,풍납백제문화공원 옆 인근,송파구,2471.0,2704.0
202311,5753,호반써밋,송파구,740.0,642.0
202311,5756,극동아파트,송파구,1147.0,1143.0
202311,5758,올림픽선수기자촌아파트 123동 근처,송파구,424.0,344.0
202311,5759,풍납근린공원,송파구,978.0,937.0
202311,5760,풍납사거리 성내유수지,송파구,972.0,911.0
202311,5761,버섯분수대,송파구,1043.0,1031.0
202311,5763,세륜초등학교 건너편,송파구,225.0,228.0
202311,5764,한국체육대학교,송파구,646.0,644.0
202311,5765,삼전동주민센터 건너편,송파구,1166.0,1262.0
202311,5766,북위례1,송파구,343.0,156.0
202311,5767,북위례2,송파구,291.0,231.0
202311,5768,방이삼거리,송파구,5106.0,5567.0
202311,5773,송파시그니처롯데캐슬,송파구,314.0,303.0
202311,5774,가락본동주민센터 인근,송파구,1373.0,1397.0
202311,5775,가락시장역 5번출구,송파구,586.0,595.0
202311,5777,호반써밋12단지,송파구,500.0,467.0
202311,5778,북위례3,송파구,329.0,112.0
202312,1201,가락시장역 3번 출구,송파구,1204.0,1266.0
202312,1203,밀리아나2빌딩 앞,송파구,775.0,817.0
202312,1204,거여역 3번출구,송파구,842.0,826.0
202312,1205,종합운동장역 4번출구,송파구,599.0,477.0
202312,1206,9호선종합운동장역 9번출구,송파구,722.0,694.0
202312,1207,마천중앙시장,송파구,327.0,326.0
202312,1208,풍납현대아파트쉼터,송파구,1702.0,1738.0
202312,1209,잠실나루역 (2번 출구 쪽),송파구,1897.0,1847.0
202312,1210,롯데월드타워(잠실역2번출구 쪽),송파구,5191.0,5181.0
202312,1212,송파역 2번 출구앞,송파구,973.0,967.0
202312,1213,백토공원 앞,송파구,201.0,187.0
202312,1214,오금역 7번 출구 인근,송파구,649.0,637.0
202312,1215,올림픽공원역 1번출구 앞,송파구,1101.0,1108.0
202312,1217,송파파인타운 7단지,송파구,430.0,423.0
202312,1218,방이역 4번출구,송파구,1488.0,1474.0
202312,1220,잠실근린공원,송파구,1603.0,1785.0
202312,1221,삼전역 4번출구,송파구,1070.0,1086.0
202312,1222,잠실새내역 5번 출구 뒤,송파구,2359.0,2419.0
202312,1224,아시아지하보도 2번 출구,송파구,785.0,789.0
202312,1226,잠실4동 주민센터 옆,송파구,1324.0,1384.0
202312,1227,거여역 8번출구 뒤,송파구,845.0,847.0
202312,1228,마천사거리,송파구,608.0,607.0
202312,1229,송파체육문화회관 앞,송파구,533.0,534.0
202312,1230,송파중학교 정문,송파구,268.0,240.0
202312,1231,잠실역 6번출구,송파구,1347.0,1353.0
202312,1232,잠실주공 521동 건너편,송파구,1859.0,1841.0
202312,1233,잠실3거리(갤러리아팰리스),송파구,216.0,214.0
202312,1235,잠실트리지움310동 옆,송파구,1351.0,1386.0
202312,1239,문정 법조단지3,송파구,408.0,397.0
202312,1240,문정 법조단지4,송파구,383.0,378.0
202312,1241,문정 법조단지5,송파구,193.0,175.0
202312,1242,문정 법조단지6,송파구,56.0,55.0
202312,1243,문정 법조단지7,송파구,1368.0,1366.0
202312,1244,문정 법조단지8,송파구,1330.0,1325.0
202312,1245,문정 법조단지9,송파구,780.0,776.0
202312,1246,문정 법조단지10,송파구,1027.0,1015.0
202312,1247,문정 법조단지11,송파구,530.0,515.0
202312,1248,방이초등학교,송파구,1557.0,1289.0
202312,1250,문정2동 주민센터,송파구,87.0,67.0
202312,1251,석촌역 2번출구,송파구,1978.0,1969.0
202312,1253,오금역 3번 출구 뒤,송파구,424.0,387.0
202312,1256,문정현대아파트 교차로,송파구,395.0,389.0
202312,1257,가락시장역 사거리,송파구,799.0,809.0
202312,1258,가락미륭아파트 앞,송파구,187.0,160.0
202312,1259,방이역 1번출구,송파구,1081.0,1077.0
202312,1260,방이동 한양3차아파트 옆,송파구,869.0,869.0
202312,1262,송파여성문화회관 앞,송파구,1668.0,1654.0
202312,1263,장지공영차고지,송파구,334.0,325.0
202312,1264,천호역 10번 출구 앞,송파구,2264.0,2261.0
202312,1265,문정동 근린공원,송파구,585.0,598.0
202312,1266,문정동 글샘 공원,송파구,337.0,318.0
202312,1267,올림픽공원 남2문 앞,송파구,581.0,539.0
202312,1268,몽촌토성역 1번출구 옆,송파구,713.0,744.0
202312,1269,리센츠아파트,송파구,1114.0,965.0
202312,1271,송파도서관,송파구,585.0,584.0
202312,1274,영파여고 앞,송파구,884.0,862.0
202312,1275,거여초등학교 옆,송파구,404.0,408.0
202312,1277,성내7교,송파구,505.0,511.0
202312,1278,송파구청 교차로,송파구,1328.0,1321.0
202312,1279,마천금호어울림 1차아파트 건너편,송파구,184.0,183.0
202312,1280,송파파크데일 2단지입구 앞 주차장,송파구,243.0,224.0
202312,1282,송파소방서 맞은편(성내4교),송파구,1044.0,1051.0
202312,1283,오금공원 사거리,송파구,94.0,48.0
202312,1285,위례별 유치원 뒤,송파구,226.0,222.0
202312,1286,위례중앙푸르지오 1단지 앞,송파구,547.0,534.0
202312,1287,위례아이파크 101동 맞은편,송파구,240.0,239.0
202312,1288,문정중교 사거리,송파구,475.0,480.0
202312,1289,풍납토성 서성벽터B,송파구,358.0,393.0
202312,1290,위례송파꿈에그린아파트24단지 앞 성벽 다리 밑,송파구,473.0,446.0
202312,1291,서울체육고등학교 앞,송파구,801.0,826.0
202312,1293,석촌호수 서호 사거리,송파구,1784.0,1779.0
202312,1295,잠실역 8번출구,송파구,2540.0,2528.0
202312,1296,석촌호수교차로 (송파나루근린공원 앞),송파구,426.0,434.0
202312,1297,석촌호수교차로(동호 팔각정 앞),송파구,1693.0,1759.0
202312,1299,송파소방서 (방이119안전센터),송파구,366.0,332.0
202312,1300,오륜사거리,송파구,440.0,425.0
202312,2601,석촌호수 아뜰리에,송파구,1506.0,1482.0
202312,2603,송파 글마루 도서관,송파구,462.0,444.0
202312,2604,풍납토성 서성벽터A,송파구,872.0,961.0
202312,2605,복정역 1번 출구 앞,송파구,798.0,803.0
202312,2606,위례동주민센터 맞은편 근린공원,송파구,1039.0,1019.0
202312,2608,송파구청,송파구,3808.0,3942.0
202312,2609,보성중고등학교 후문 앞,송파구,185.0,183.0
202312,2611,송파지역자활센터 뒤,송파구,1999.0,2104.0
202312,2612,문정·가락 대여소 앞,송파구,17.0,13.0
202312,2613,잠실나들목,송파구,740.0,732.0
202312,2614,가락고등학교 앞,송파구,323.0,240.0
202312,2615,테라타워2,송파구,1480.0,1511.0
202312,2616,거여동 사거리,송파구,258.0,259.0
202312,2617,가락삼환아파트 앞,송파구,208.0,199.0
202312,2618,삼전역 1번출구,송파구,1093.0,1116.0
202312,2619,석촌고분역 4번출구,송파구,1395.0,1462.0
202312,2620,송파나루역 4번 출구옆,송파구,2980.0,3288.0
202312,2621,한성백제역 2번 출구,송파구,1212.0,1233.0
202312,2622,올림픽공원역 3번출구,송파구,2679.0,2677.0
202312,2623,석촌동 주민센터,송파구,1986.0,1927.0
202312,2625,가락종합 사회복지관,송파구,332.0,312.0
202312,2626,"경찰병원역 1,2번 출구 사이",송파구,426.0,426.0
202312,2627,문정시영아파트 5동 앞 공원,송파구,319.0,271.0
202312,2628,문정역 1번출구,송파구,1548.0,1534.0
202312,2630,서울방이동 고분군,송파구,1322.0,1202.0
202312,2631,배명고등학교,송파구,467.0,536.0
202312,2632,석촌고분역 2번 출구,송파구,1782.0,1837.0
202312,2633,송파학사 옆,송파구,481.0,433.0
202312,2634,위례포레샤인아파트 2318동,송파구,469.0,457.0
202312,2635,잠실새내역 1번출구,송파구,1408.0,1356.0
202312,2637,아시아지하보도 14번 출구,송파구,1466.0,1447.0
202312,2639,석촌역 8번출구,송파구,2461.0,2423.0
202312,2641,송파역 4번출구,송파구,1861.0,1844.0
202312,2642,마천동 성내천 쉼터,송파구,501.0,494.0
202312,2643,풍납중학교 측면,송파구,245.0,202.0
202312,2644,성내5교,송파구,807.0,833.0
202312,2645,잠실나들목2(엘스아파트136동),송파구,468.0,464.0
202312,2646,레이크펠리스101동앞,송파구,1982.0,2060.0
202312,2647,잠실 자전거 수리센터 앞,송파구,2228.0,2278.0
202312,2648,헬리오시티 112동 앞,송파구,714.0,686.0
202312,2649,오금공원사거리2,송파구,162.0,124.0
202312,2650,위례22단지 2208동 다리앞,송파구,262.0,250.0
202312,2651,경찰병원역 3번출구 앞,송파구,814.0,804.0
202312,2652,송파 레미니스1단지 102동 앞,송파구,518.0,444.0
202312,2653,올림픽공원사거리(선수촌아파트),송파구,868.0,857.0
202312,2654,올림픽선수촌아파트 136동 앞,송파구,320.0,299.0
202312,2655,송이공원,송파구,328.0,282.0
202312,2656,풍납동 아이파크 107동 앞,송파구,814.0,806.0
202312,2657,송파 파인타운 11단지,송파구,416.0,421.0
202312,2658,가락몰 업무동,송파구,1144.0,1166.0
202312,2659,서울친환경유통센터,송파구,64.0,62.0
202312,4452,삼성SDS,송파구,1751.0,1761.0
202312,4453,위례중앙푸르지오 201동 앞,송파구,792.0,791.0
202312,4454,위례 포레샤인 1809동 부근,송파구,124.0,76.0
202312,4457,아산병원 기숙사 부근,송파구,2786.0,2812.0
202312,4458,가락2동주민센터 인근,송파구,401.0,401.0
202312,4460,올림픽훼미리아파트 112동 앞,송파구,666.0,669.0
202312,4461,한양3차아파트 3동 앞,송파구,119.0,117.0
202312,4462,가락중학교 앞,송파구,450.0,423.0
202312,4463,방이역 2번 출구,송파구,392.0,386.0
202312,4464,올림픽공원 북2문 A,송파구,899.0,1017.0
202312,4465,건영아파트앞 사거리,송파구,1047.0,1048.0
202312,4468,가락1동주민센터,송파구,818.0,827.0
202312,4469,거여동 어울림아파트  102동앞,송파구,323.0,323.0
202312,4472,송파파크데일 1단지 115동 건너편,송파구,230.0,206.0
202312,4473,마천금호어울림 1차 102동앞,송파구,115.0,114.0
202312,4474,가락현대 1차 11동 앞,송파구,270.0,241.0
202312,4475,송파파인타운 4단지 403동,송파구,272.0,272.0
202312,4478,문정근린공원2,송파구,662.0,665.0
202312,4479,문정중학교,송파구,100.0,97.0
202312,4480,가락시장 남1문 사거리,송파구,419.0,412.0
202312,4481,올림픽공원 북2문 B,송파구,1613.0,1659.0
202312,4483,잠실나들목4,송파구,454.0,499.0
202312,4484,잠실나루역4번출구뒤,송파구,1282.0,1290.0
202312,4485,잠실나루역 고가하부,송파구,394.0,296.0
202312,4486,홈플러스 잠실점,송파구,1436.0,1433.0
202312,4488,문현중.고등학교 사이,송파구,85.0,77.0
202312,4490,송파파인타운 10단지 1005동,송파구,170.0,164.0
202312,4491,장지역 1번출구,송파구,860.0,863.0
202312,4493,마천사거리 2,송파구,290.0,282.0
202312,4496,잠실 파크리오 120동 앞,송파구,1130.0,1118.0
202312,4497,아시아선수촌아파트 교차로,송파구,907.0,1067.0
202312,4499,세양청마루 101동 앞,송파구,315.0,228.0
202312,4852,서울복합물류 게이트 1,송파구,1015.0,1013.0
202312,4854,가락시장역 2번 출구,송파구,763.0,777.0
202312,4855,거여5단지 503동 앞,송파구,356.0,349.0
202312,4856,올림픽공원 서1문 앞,송파구,110.0,117.0
202312,4857,올림픽공원 장미광장,송파구,261.0,262.0
202312,4859,잠실나루 나들목,송파구,792.0,805.0
202312,4860,가락쌍용2차아파트 103동,송파구,421.0,391.0
202312,4862,성내교 남단,송파구,252.0,223.0
202312,4863,잠실나들목5,송파구,224.0,240.0
202312,4864,송파사거리,송파구,1812.0,1858.0
202312,4865,한성백제역 1번출구 뒤,송파구,1773.0,1784.0
202312,4867,가락대림아파트 앞,송파구,609.0,607.0
202312,4868,석촌호수 서호 남단,송파구,2247.0,2259.0
202312,4869,잠실나들목6,송파구,248.0,250.0
202312,4870,몽촌토성역 3번 출구,송파구,2696.0,2703.0
202312,4871,오금동 대림아파트 정문,송파구,408.0,329.0
202312,4872,개롱역 3번 출구 뒤,송파구,566.0,568.0
202312,4873,개롱역사거리 2번 출구,송파구,684.0,678.0
202312,4874,탄천1교 하부보도,송파구,401.0,420.0
202312,4875,위례포레샤인13단지,송파구,270.0,268.0
202312,4876,삼전동주민센터 앞,송파구,829.0,848.0
202312,4879,마천청소년센터,송파구,179.0,179.0
202312,4880,송파청소년센터,송파구,507.0,502.0
202312,4881,거여동사거리 송파둘레길 입구,송파구,109.0,109.0
202312,4882,위례포레샤인18단지 1802동,송파구,125.0,123.0
202312,4883,위례포레샤인18단지 1812동,송파구,51.0,26.0
202312,4884,H비즈니스파크,송파구,917.0,931.0
202312,4885,가든파이브 리빙관,송파구,169.0,161.0
202312,4886,배명고등학교 건너편,송파구,518.0,530.0
202312,4887,호돌이상가,송파구,370.0,399.0
202312,4888,둔촌오륜역 2번출구,송파구,259.0,210.0
202312,4889,마천역 1번 출구 인근②,송파구,242.0,242.0
202312,4891,위례포레나송파,송파구,312.0,314.0
202312,4892,성내유수지 체육공원,송파구,172.0,141.0
202312,4893,문정법조단지12,송파구,1474.0,1662.0
202312,4895,위례포레샤인15단지 상가,송파구,539.0,531.0
202312,4896,위례포레샤인15단지,송파구,68.0,55.0
202312,4897,잠실주공5단지1,송파구,1844.0,1816.0
202312,5751,송파여성축구장,송파구,192.0,177.0
202312,5752,풍납백제문화공원 옆 인근,송파구,1861.0,1956.0
202312,5753,호반써밋,송파구,405.0,368.0
202312,5756,극동아파트,송파구,700.0,698.0
202312,5758,올림픽선수기자촌아파트 123동 근처,송파구,245.0,237.0
202312,5759,풍납근린공원,송파구,756.0,660.0
202312,5760,풍납사거리 성내유수지,송파구,595.0,565.0
202312,5761,버섯분수대,송파구,580.0,592.0
202312,5763,세륜초등학교 건너편,송파구,125.0,107.0
202312,5764,한국체육대학교,송파구,306.0,308.0
202312,5765,삼전동주민센터 건너편,송파구,842.0,825.0
202312,5766,북위례1,송파구,94.0,64.0
202312,5767,북위례2,송파구,153.0,141.0
202312,5768,방이삼거리,송파구,3108.0,3458.0
202312,5773,송파시그니처롯데캐슬,송파구,171.0,157.0
202312,5774,가락본동주민센터 인근,송파구,841.0,841.0
202312,5775,가락시장역 5번출구,송파구,374.0,387.0
202312,5777,호반써밋12단지,송파구,292.0,285.0
202312,5778,북위례3,송파구,64.0,64.0
202401,1201,가락시장역 3번 출구,송파구,1170.0,1152.0
202401,1203,밀리아나2빌딩 앞,송파구,662.0,680.0
202401,1204,거여역 3번출구,송파구,829.0,823.0
202401,1205,종합운동장역 4번출구,송파구,661.0,448.0
202401,1206,9호선종합운동장역 9번출구,송파구,663.0,672.0
202401,1207,마천중앙시장,송파구,303.0,307.0
202401,1208,풍납현대아파트쉼터,송파구,1481.0,1491.0
202401,1209,잠실나루역 (2번 출구 쪽),송파구,1679.0,1657.0
202401,1210,롯데월드타워(잠실역2번출구 쪽),송파구,4207.0,4192.0
202401,1212,송파역 2번 출구앞,송파구,826.0,875.0
202401,1213,백토공원 앞,송파구,213.0,195.0
202401,1214,오금역 7번 출구 인근,송파구,595.0,597.0
202401,1215,올림픽공원역 1번출구 앞,송파구,990.0,982.0
202401,1217,송파파인타운 7단지,송파구,356.0,362.0
202401,1218,방이역 4번출구,송파구,1404.0,1388.0
202401,1220,잠실근린공원,송파구,1378.0,1569.0
202401,1221,삼전역 4번출구,송파구,867.0,873.0
202401,1222,잠실새내역 5번 출구 뒤,송파구,1942.0,2117.0
202401,1224,아시아지하보도 2번 출구,송파구,661.0,682.0
202401,1226,잠실4동 주민센터 옆,송파구,1122.0,1176.0
202401,1227,거여역 8번출구 뒤,송파구,768.0,767.0
202401,1228,마천사거리,송파구,578.0,594.0
202401,1229,송파체육문화회관 앞,송파구,518.0,520.0
202401,1230,송파중학교 정문,송파구,205.0,204.0
202401,1231,잠실역 6번출구,송파구,1284.0,1374.0
202401,1232,잠실주공 521동 건너편,송파구,1430.0,1440.0
202401,1233,잠실3거리(갤러리아팰리스),송파구,592.0,526.0
202401,1235,잠실트리지움310동 옆,송파구,1121.0,1226.0
202401,1239,문정 법조단지3,송파구,394.0,384.0
202401,1240,문정 법조단지4,송파구,390.0,324.0
202401,1241,문정 법조단지5,송파구,212.0,187.0
202401,1242,문정 법조단지6,송파구,69.0,58.0
202401,1243,문정 법조단지7,송파구,1152.0,1175.0
202401,1244,문정 법조단지8,송파구,1116.0,1072.0
202401,1245,문정 법조단지9,송파구,649.0,650.0
202401,1246,문정 법조단지10,송파구,867.0,849.0
202401,1247,문정 법조단지11,송파구,467.0,454.0
202401,1248,방이초등학교,송파구,1392.0,1152.0
202401,1250,문정2동 주민센터,송파구,116.0,75.0
202401,1251,석촌역 2번출구,송파구,1687.0,1726.0
202401,1253,오금역 3번 출구 뒤,송파구,367.0,368.0
202401,1256,문정현대아파트 교차로,송파구,344.0,341.0
202401,1257,가락시장역 사거리,송파구,742.0,763.0
202401,1258,가락미륭아파트 앞,송파구,190.0,175.0
202401,1259,방이역 1번출구,송파구,988.0,982.0
202401,1260,방이동 한양3차아파트 옆,송파구,744.0,734.0
202401,1262,송파여성문화회관 앞,송파구,1540.0,1531.0
202401,1263,장지공영차고지,송파구,254.0,276.0
202401,1264,천호역 10번 출구 앞,송파구,2074.0,2065.0
202401,1265,문정동 근린공원,송파구,565.0,561.0
202401,1266,문정동 글샘 공원,송파구,318.0,264.0
202401,1267,올림픽공원 남2문 앞,송파구,583.0,512.0
202401,1268,몽촌토성역 1번출구 옆,송파구,505.0,538.0
202401,1269,리센츠아파트,송파구,886.0,813.0
202401,1271,송파도서관,송파구,635.0,632.0
202401,1274,영파여고 앞,송파구,748.0,720.0
202401,1275,거여초등학교 옆,송파구,393.0,400.0
202401,1277,성내7교,송파구,481.0,484.0
202401,1278,송파구청 교차로,송파구,1101.0,1138.0
202401,1279,마천금호어울림 1차아파트 건너편,송파구,157.0,162.0
202401,1280,송파파크데일 2단지입구 앞 주차장,송파구,183.0,183.0
202401,1282,송파소방서 맞은편(성내4교),송파구,886.0,888.0
202401,1283,오금공원 사거리,송파구,130.0,65.0
202401,1285,위례별 유치원 뒤,송파구,172.0,174.0
202401,1286,위례중앙푸르지오 1단지 앞,송파구,473.0,478.0
202401,1287,위례아이파크 101동 맞은편,송파구,257.0,262.0
202401,1288,문정중교 사거리,송파구,452.0,422.0
202401,1289,풍납토성 서성벽터B,송파구,299.0,310.0
202401,1290,위례송파꿈에그린아파트24단지 앞 성벽 다리 밑,송파구,387.0,395.0
202401,1291,서울체육고등학교 앞,송파구,530.0,566.0
202401,1293,석촌호수 서호 사거리,송파구,1688.0,1699.0
202401,1295,잠실역 8번출구,송파구,2116.0,2102.0
202401,1296,석촌호수교차로 (송파나루근린공원 앞),송파구,341.0,351.0
202401,1297,석촌호수교차로(동호 팔각정 앞),송파구,1487.0,1537.0
202401,1299,송파소방서 (방이119안전센터),송파구,352.0,270.0
202401,1300,오륜사거리,송파구,336.0,351.0
202401,2601,석촌호수 아뜰리에,송파구,1228.0,1261.0
202401,2603,송파 글마루 도서관,송파구,368.0,361.0
202401,2604,풍납토성 서성벽터A,송파구,749.0,786.0
202401,2605,복정역 1번 출구 앞,송파구,647.0,647.0
202401,2606,위례동주민센터 맞은편 근린공원,송파구,960.0,956.0
202401,2608,송파구청,송파구,2999.0,3119.0
202401,2609,보성중고등학교 후문 앞,송파구,85.0,100.0
202401,2611,송파지역자활센터 뒤,송파구,1780.0,1795.0
202401,2612,문정·가락 대여소 앞,송파구,20.0,16.0
202401,2613,잠실나들목,송파구,567.0,554.0
202401,2614,가락고등학교 앞,송파구,309.0,246.0
202401,2615,테라타워2,송파구,1432.0,1412.0
202401,2616,거여동 사거리,송파구,242.0,244.0
202401,2617,가락삼환아파트 앞,송파구,183.0,185.0
202401,2618,삼전역 1번출구,송파구,902.0,920.0
202401,2619,석촌고분역 4번출구,송파구,1269.0,1270.0
202401,2620,송파나루역 4번 출구옆,송파구,2616.0,2965.0
202401,2621,한성백제역 2번 출구,송파구,1021.0,1129.0
202401,2622,올림픽공원역 3번출구,송파구,2388.0,2343.0
202401,2623,석촌동 주민센터,송파구,1765.0,1689.0
202401,2625,가락종합 사회복지관,송파구,306.0,283.0
202401,2626,"경찰병원역 1,2번 출구 사이",송파구,340.0,337.0
202401,2627,문정시영아파트 5동 앞 공원,송파구,329.0,199.0
202401,2628,문정역 1번출구,송파구,1399.0,1387.0
202401,2630,서울방이동 고분군,송파구,1334.0,1091.0
202401,2631,배명고등학교,송파구,403.0,403.0
202401,2632,석촌고분역 2번 출구,송파구,1525.0,1522.0
202401,2633,송파학사 옆,송파구,433.0,355.0
202401,2634,위례포레샤인아파트 2318동,송파구,339.0,337.0
202401,2635,잠실새내역 1번출구,송파구,1206.0,1146.0
202401,2637,아시아지하보도 14번 출구,송파구,1295.0,1295.0
202401,2639,석촌역 8번출구,송파구,2261.0,2227.0
202401,2641,송파역 4번출구,송파구,1606.0,1627.0
202401,2642,마천동 성내천 쉼터,송파구,389.0,392.0
202401,2643,풍납중학교 측면,송파구,242.0,178.0
202401,2644,성내5교,송파구,704.0,745.0
202401,2645,잠실나들목2(엘스아파트136동),송파구,444.0,474.0
202401,2646,레이크펠리스101동앞,송파구,1686.0,1735.0
202401,2647,잠실 자전거 수리센터 앞,송파구,1976.0,2084.0
202401,2648,헬리오시티 112동 앞,송파구,629.0,542.0
202401,2649,오금공원사거리2,송파구,112.0,85.0
202401,2650,위례22단지 2208동 다리앞,송파구,195.0,203.0
202401,2651,경찰병원역 3번출구 앞,송파구,678.0,683.0
202401,2652,송파 레미니스1단지 102동 앞,송파구,548.0,361.0
202401,2653,올림픽공원사거리(선수촌아파트),송파구,761.0,771.0
202401,2654,올림픽선수촌아파트 136동 앞,송파구,238.0,237.0
202401,2655,송이공원,송파구,309.0,207.0
202401,2656,풍납동 아이파크 107동 앞,송파구,774.0,769.0
202401,2657,송파 파인타운 11단지,송파구,364.0,361.0
202401,2658,가락몰 업무동,송파구,939.0,989.0
202401,2659,서울친환경유통센터,송파구,41.0,42.0
202401,4452,삼성SDS,송파구,1589.0,1690.0
202401,4453,위례중앙푸르지오 201동 앞,송파구,702.0,702.0
202401,4454,위례 포레샤인 1809동 부근,송파구,173.0,68.0
202401,4457,아산병원 기숙사 부근,송파구,2604.0,2632.0
202401,4458,가락2동주민센터 인근,송파구,351.0,314.0
202401,4460,올림픽훼미리아파트 112동 앞,송파구,571.0,562.0
202401,4461,한양3차아파트 3동 앞,송파구,122.0,122.0
202401,4462,가락중학교 앞,송파구,422.0,405.0
202401,4463,방이역 2번 출구,송파구,326.0,319.0
202401,4464,올림픽공원 북2문 A,송파구,790.0,1002.0
202401,4465,건영아파트앞 사거리,송파구,870.0,865.0
202401,4468,가락1동주민센터,송파구,687.0,682.0
202401,4469,거여동 어울림아파트  102동앞,송파구,266.0,265.0
202401,4472,송파파크데일 1단지 115동 건너편,송파구,151.0,148.0
202401,4473,마천금호어울림 1차 102동앞,송파구,110.0,110.0
202401,4474,가락현대 1차 11동 앞,송파구,233.0,227.0
202401,4475,송파파인타운 4단지 403동,송파구,239.0,239.0
202401,4478,문정근린공원2,송파구,562.0,558.0
202401,4479,문정중학교,송파구,94.0,79.0
202401,4480,가락시장 남1문 사거리,송파구,410.0,399.0
202401,4481,올림픽공원 북2문 B,송파구,1480.0,1552.0
202401,4483,잠실나들목4,송파구,390.0,409.0
202401,4484,잠실나루역4번출구뒤,송파구,1131.0,1108.0
202401,4485,잠실나루역 고가하부,송파구,405.0,284.0
202401,4486,홈플러스 잠실점,송파구,1352.0,1353.0
202401,4488,"문현중,고등학교 사이",송파구,72.0,72.0
202401,4490,송파파인타운 10단지 1005동,송파구,144.0,150.0
202401,4491,장지역 1번출구,송파구,632.0,631.0
202401,4493,마천사거리 2,송파구,238.0,241.0
202401,4496,잠실 파크리오 120동 앞,송파구,1020.0,968.0
202401,4497,아시아선수촌아파트 교차로,송파구,897.0,945.0
202401,4499,세양청마루 101동 앞,송파구,225.0,188.0
202401,4852,서울복합물류 게이트 1,송파구,939.0,942.0
202401,4854,가락시장역 2번 출구,송파구,616.0,623.0
202401,4855,거여5단지 503동 앞,송파구,309.0,309.0
202401,4856,올림픽공원 서1문 앞,송파구,542.0,543.0
202401,4857,올림픽공원 장미광장,송파구,204.0,210.0
202401,4859,잠실나루 나들목,송파구,640.0,671.0
202401,4860,가락쌍용2차아파트 103동,송파구,317.0,315.0
202401,4862,성내교 남단,송파구,218.0,174.0
202401,4863,잠실나들목5,송파구,179.0,186.0
202401,4864,송파사거리,송파구,1597.0,1664.0
202401,4865,한성백제역 1번출구 뒤,송파구,1544.0,1624.0
202401,4867,가락대림아파트 앞,송파구,496.0,497.0
202401,4868,석촌호수 서호 남단,송파구,2276.0,2352.0
202401,4869,잠실나들목6,송파구,248.0,266.0
202401,4870,몽촌토성역 3번 출구,송파구,2360.0,2343.0
202401,4871,오금동 대림아파트 정문,송파구,405.0,365.0
202401,4872,개롱역 3번 출구 뒤,송파구,517.0,526.0
202401,4873,개롱역사거리 2번 출구,송파구,547.0,542.0
202401,4874,탄천1교 하부보도,송파구,306.0,312.0
202401,4875,위례포레샤인13단지,송파구,266.0,264.0
202401,4876,삼전동주민센터 앞,송파구,717.0,803.0
202401,4879,마천청소년센터,송파구,145.0,146.0
202401,4880,송파청소년센터,송파구,485.0,476.0
202401,4881,거여동사거리 송파둘레길 입구,송파구,97.0,97.0
202401,4882,위례포레샤인18단지 1802동,송파구,90.0,87.0
202401,4883,위례포레샤인18단지 1812동,송파구,38.0,14.0
202401,4884,H비즈니스파크,송파구,915.0,956.0
202401,4885,가든파이브 리빙관,송파구,190.0,180.0
202401,4886,배명고등학교 건너편,송파구,453.0,484.0
202401,4887,호돌이상가,송파구,380.0,412.0
202401,4888,둔촌오륜역 2번출구,송파구,186.0,138.0
202401,4889,마천역 1번 출구 인근②,송파구,239.0,241.0
202401,4891,위례포레나송파,송파구,416.0,299.0
202401,4892,성내유수지 체육공원,송파구,203.0,103.0
202401,4893,문정법조단지12,송파구,1420.0,1687.0
202401,4895,송파레이크힐 상가,송파구,447.0,445.0
202401,4896,송파레이크힐,송파구,80.0,47.0
202401,4897,잠실주공5단지1,송파구,1732.0,1755.0
202401,5751,송파여성축구장,송파구,177.0,151.0
202401,5752,풍납백제문화공원 옆 인근,송파구,1631.0,1706.0
202401,5753,호반써밋,송파구,347.0,335.0
202401,5756,극동아파트,송파구,621.0,582.0
202401,5758,올림픽선수기자촌아파트 123동 근처,송파구,172.0,177.0
202401,5759,풍납근린공원,송파구,630.0,597.0
202401,5760,풍납사거리 성내유수지,송파구,533.0,518.0
202401,5761,버섯분수대,송파구,532.0,514.0
202401,5763,세륜초등학교 건너편,송파구,122.0,78.0
202401,5764,한국체육대학교,송파구,205.0,205.0
202401,5765,삼전동주민센터 건너편,송파구,646.0,691.0
202401,5766,북위례1,송파구,146.0,69.0
202401,5767,북위례2,송파구,112.0,94.0
202401,5768,방이삼거리,송파구,2581.0,2910.0
202401,5773,송파시그니처롯데캐슬,송파구,144.0,150.0
202401,5774,가락본동주민센터 인근,송파구,797.0,807.0
202401,5775,가락시장역 5번출구,송파구,364.0,354.0
202401,5777,호반써밋12단지,송파구,358.0,358.0
202401,5778,북위례3,송파구,78.0,62.0
202402,1201,가락시장역 3번 출구,송파구,1133.0,1134.0
202402,1203,밀리아나2빌딩 앞,송파구,808.0,853.0
202402,1204,거여역 3번출구,송파구,1068.0,1089.0
202402,1205,종합운동장역 4번출구,송파구,689.0,503.0
202402,1206,9호선종합운동장역 9번출구,송파구,734.0,742.0
202402,1207,마천중앙시장,송파구,428.0,440.0
202402,1208,풍납현대아파트쉼터,송파구,1524.0,1502.0
202402,1209,잠실나루역 (2번 출구 쪽),송파구,1834.0,1778.0
202402,1210,롯데월드타워(잠실역2번출구 쪽),송파구,4944.0,4942.0
202402,1212,송파역 2번 출구앞,송파구,845.0,827.0
202402,1213,백토공원 앞,송파구,244.0,210.0
202402,1214,오금역 7번 출구 인근,송파구,612.0,609.0
202402,1215,올림픽공원역 1번출구 앞,송파구,1019.0,1016.0
202402,1217,송파파인타운 7단지,송파구,462.0,457.0
202402,1218,방이역 4번출구,송파구,1666.0,1650.0
202402,1220,잠실근린공원,송파구,1542.0,1770.0
202402,1221,삼전역 4번출구,송파구,885.0,884.0
202402,1222,잠실새내역 5번 출구 뒤,송파구,2377.0,2487.0
202402,1224,아시아지하보도 2번 출구,송파구,770.0,821.0
202402,1226,잠실4동 주민센터 옆,송파구,1226.0,1225.0
202402,1227,거여역 8번출구 뒤,송파구,911.0,914.0
202402,1228,마천사거리,송파구,667.0,753.0
202402,1229,송파체육문화회관 앞,송파구,572.0,574.0
202402,1230,송파중학교 정문,송파구,276.0,237.0
202402,1231,잠실역 6번출구,송파구,1562.0,1644.0
202402,1232,잠실주공 521동 건너편,송파구,1868.0,1898.0
202402,1233,잠실3거리(갤러리아팰리스),송파구,701.0,679.0
202402,1235,잠실트리지움310동 옆,송파구,1278.0,1433.0
202402,1239,문정 법조단지3,송파구,456.0,449.0
202402,1240,문정 법조단지4,송파구,385.0,339.0
202402,1241,문정 법조단지5,송파구,226.0,190.0
202402,1242,문정 법조단지6,송파구,74.0,59.0
202402,1243,문정 법조단지7,송파구,1224.0,1248.0
202402,1244,문정 법조단지8,송파구,1301.0,1292.0
202402,1245,문정 법조단지9,송파구,888.0,909.0
202402,1246,문정 법조단지10,송파구,1031.0,1033.0
202402,1247,문정 법조단지11,송파구,570.0,550.0
202402,1248,방이초등학교,송파구,1428.0,1315.0
202402,1250,문정2동 주민센터,송파구,95.0,73.0
202402,1251,석촌역 2번출구,송파구,2000.0,2021.0
202402,1253,오금역 3번 출구 뒤,송파구,399.0,394.0
202402,1256,문정현대아파트 교차로,송파구,372.0,376.0
202402,1257,가락시장역 사거리,송파구,796.0,784.0
202402,1258,가락미륭아파트 앞,송파구,223.0,181.0
202402,1259,방이역 1번출구,송파구,1037.0,1035.0
202402,1260,방이동 한양3차아파트 옆,송파구,800.0,801.0
202402,1262,송파여성문화회관 앞,송파구,1621.0,1613.0
202402,1263,장지공영차고지,송파구,259.0,267.0
202402,1264,천호역 10번 출구 앞,송파구,2259.0,2257.0
202402,1265,문정동 근린공원,송파구,664.0,674.0
202402,1266,문정동 글샘 공원,송파구,420.0,401.0
202402,1267,올림픽공원 남2문 앞,송파구,564.0,540.0
202402,1268,몽촌토성역 1번출구 옆,송파구,876.0,853.0
202402,1269,리센츠아파트,송파구,964.0,847.0
202402,1271,송파도서관,송파구,566.0,558.0
202402,1274,영파여고 앞,송파구,701.0,696.0
202402,1275,거여초등학교 옆,송파구,454.0,491.0
202402,1277,성내7교,송파구,547.0,541.0
202402,1278,송파구청 교차로,송파구,1293.0,1380.0
202402,1279,마천금호어울림 1차아파트 건너편,송파구,206.0,203.0
202402,1280,송파파크데일 2단지입구 앞 주차장,송파구,265.0,268.0
202402,1282,송파소방서 맞은편(성내4교),송파구,1017.0,1085.0
202402,1283,오금공원 사거리,송파구,66.0,53.0
202402,1285,위례별 유치원 뒤,송파구,241.0,227.0
202402,1286,위례중앙푸르지오 1단지 앞,송파구,615.0,620.0
202402,1287,위례아이파크 101동 맞은편,송파구,299.0,287.0
202402,1288,문정중교 사거리,송파구,543.0,529.0
202402,1289,풍납토성 서성벽터B,송파구,336.0,352.0
202402,1290,위례송파꿈에그린아파트24단지 앞 성벽 다리 밑,송파구,486.0,487.0
202402,1291,서울체육고등학교 앞,송파구,498.0,533.0
202402,1293,석촌호수 서호 사거리,송파구,1778.0,1776.0
202402,1295,잠실역 8번출구,송파구,2502.0,2493.0
202402,1296,석촌호수교차로 (송파나루근린공원 앞),송파구,495.0,464.0
202402,1297,석촌호수교차로(동호 팔각정 앞),송파구,1867.0,1850.0
202402,1299,송파소방서 (방이119안전센터),송파구,394.0,351.0
202402,1300,오륜사거리,송파구,449.0,446.0
202402,2601,석촌호수 아뜰리에,송파구,1378.0,1355.0
202402,2603,송파 글마루 도서관,송파구,506.0,504.0
202402,2604,풍납토성 서성벽터A,송파구,844.0,875.0
202402,2605,복정역 1번 출구 앞,송파구,805.0,812.0
202402,2606,위례동주민센터 맞은편 근린공원,송파구,1044.0,1112.0
202402,2608,송파구청,송파구,3603.0,3624.0
202402,2609,보성중고등학교 후문 앞,송파구,70.0,51.0
202402,2611,송파지역자활센터 뒤,송파구,1796.0,1842.0
202402,2612,문정·가락 대여소 앞,송파구,19.0,18.0
202402,2613,잠실나들목,송파구,1132.0,1084.0
202402,2614,가락고등학교 앞,송파구,375.0,290.0
202402,2615,테라타워2,송파구,1438.0,1448.0
202402,2616,거여동 사거리,송파구,262.0,263.0
202402,2617,가락삼환아파트 앞,송파구,279.0,247.0
202402,2618,삼전역 1번출구,송파구,1133.0,1137.0
202402,2619,석촌고분역 4번출구,송파구,1285.0,1332.0
202402,2620,송파나루역 4번 출구옆,송파구,3053.0,3220.0
202402,2621,한성백제역 2번 출구,송파구,1582.0,1550.0
202402,2622,올림픽공원역 3번출구,송파구,2996.0,2987.0
202402,2623,석촌동 주민센터,송파구,2019.0,1956.0
202402,2625,가락종합 사회복지관,송파구,367.0,318.0
202402,2626,"경찰병원역 1,2번 출구 사이",송파구,387.0,388.0
202402,2627,문정시영아파트 5동 앞 공원,송파구,500.0,272.0
202402,2628,문정역 1번출구,송파구,1505.0,1519.0
202402,2630,서울방이동 고분군,송파구,1170.0,1124.0
202402,2631,배명고등학교,송파구,469.0,490.0
202402,2632,석촌고분역 2번 출구,송파구,1703.0,1759.0
202402,2633,송파학사 옆,송파구,563.0,519.0
202402,2634,위례포레샤인아파트 2318동,송파구,449.0,483.0
202402,2635,잠실새내역 1번출구,송파구,1466.0,1422.0
202402,2637,아시아지하보도 14번 출구,송파구,1457.0,1491.0
202402,2639,석촌역 8번출구,송파구,2371.0,2400.0
202402,2641,송파역 4번출구,송파구,1903.0,1941.0
202402,2642,마천동 성내천 쉼터,송파구,612.0,615.0
202402,2643,풍납중학교 측면,송파구,225.0,162.0
202402,2644,성내5교,송파구,837.0,937.0
202402,2645,잠실나들목2(엘스아파트136동),송파구,576.0,597.0
202402,2646,레이크펠리스101동앞,송파구,1891.0,1908.0
202402,2647,잠실 자전거 수리센터 앞,송파구,1977.0,2065.0
202402,2648,헬리오시티 112동 앞,송파구,818.0,693.0
202402,2649,오금공원사거리2,송파구,126.0,123.0
202402,2650,위례22단지 2208동 다리앞,송파구,208.0,210.0
202402,2651,경찰병원역 3번출구 앞,송파구,807.0,804.0
202402,2652,송파 레미니스1단지 102동 앞,송파구,408.0,335.0
202402,2653,올림픽공원사거리(선수촌아파트),송파구,899.0,863.0
202402,2654,올림픽선수촌아파트 136동 앞,송파구,330.0,319.0
202402,2655,송이공원,송파구,262.0,207.0
202402,2656,풍납동 아이파크 107동 앞,송파구,758.0,761.0
202402,2657,송파 파인타운 11단지,송파구,531.0,530.0
202402,2658,가락몰 업무동,송파구,999.0,1001.0
202402,2659,서울친환경유통센터,송파구,50.0,47.0
202402,4452,삼성SDS,송파구,1750.0,1720.0
202402,4453,위례중앙푸르지오 201동 앞,송파구,959.0,966.0
202402,4454,위례 포레샤인 1809동 부근,송파구,113.0,74.0
202402,4457,아산병원 기숙사 부근,송파구,2856.0,2846.0
202402,4458,가락2동주민센터 인근,송파구,326.0,329.0
202402,4460,올림픽훼미리아파트 112동 앞,송파구,632.0,668.0
202402,4461,한양3차아파트 3동 앞,송파구,127.0,128.0
202402,4462,가락중학교 앞,송파구,384.0,382.0
202402,4463,방이역 2번 출구,송파구,422.0,422.0
202402,4464,올림픽공원 북2문 A,송파구,948.0,1000.0
202402,4465,건영아파트앞 사거리,송파구,1046.0,1081.0
202402,4468,가락1동주민센터,송파구,766.0,713.0
202402,4469,거여동 어울림아파트  102동앞,송파구,265.0,262.0
202402,4472,송파파크데일 1단지 115동 건너편,송파구,205.0,207.0
202402,4473,마천금호어울림 1차 102동앞,송파구,128.0,128.0
202402,4474,가락현대 1차 11동 앞,송파구,222.0,207.0
202402,4475,송파파인타운 4단지 403동,송파구,260.0,235.0
202402,4478,문정근린공원2,송파구,569.0,572.0
202402,4479,문정중학교,송파구,100.0,95.0
202402,4480,가락시장 남1문 사거리,송파구,414.0,397.0
202402,4481,올림픽공원 북2문 B,송파구,1822.0,1860.0
202402,4483,잠실나들목4,송파구,580.0,640.0
202402,4484,잠실나루역4번출구뒤,송파구,1174.0,1175.0
202402,4485,잠실나루역 고가하부,송파구,417.0,315.0
202402,4486,홈플러스 잠실점,송파구,1595.0,1624.0
202402,4488,"문현중,고등학교 사이",송파구,129.0,108.0
202402,4490,송파파인타운 10단지 1005동,송파구,197.0,188.0
202402,4491,장지역 1번출구,송파구,879.0,884.0
202402,4493,마천사거리 2,송파구,290.0,289.0
202402,4496,잠실 파크리오 120동 앞,송파구,1031.0,1039.0
202402,4497,아시아선수촌아파트 교차로,송파구,1039.0,1104.0
202402,4499,세양청마루 101동 앞,송파구,335.0,209.0
202402,4852,서울복합물류 게이트 1,송파구,835.0,875.0
202402,4854,가락시장역 2번 출구,송파구,686.0,690.0
202402,4855,거여5단지 503동 앞,송파구,384.0,377.0
202402,4856,올림픽공원 서1문 앞,송파구,618.0,623.0
202402,4857,올림픽공원 장미광장,송파구,329.0,313.0
202402,4859,잠실나루 나들목,송파구,934.0,978.0
202402,4860,가락쌍용2차아파트 103동,송파구,375.0,369.0
202402,4862,성내교 남단,송파구,241.0,200.0
202402,4863,잠실나들목5,송파구,278.0,294.0
202402,4864,송파사거리,송파구,1722.0,1812.0
202402,4865,한성백제역 1번출구 뒤,송파구,1733.0,1723.0
202402,4867,가락대림아파트 앞,송파구,545.0,539.0
202402,4868,석촌호수 서호 남단,송파구,2145.0,2171.0
202402,4869,잠실나들목6,송파구,406.0,479.0
202402,4870,몽촌토성역 3번 출구,송파구,2888.0,2879.0
202402,4871,오금동 대림아파트 정문,송파구,372.0,347.0
202402,4872,개롱역 3번 출구 뒤,송파구,579.0,567.0
202402,4873,개롱역사거리 2번 출구,송파구,556.0,549.0
202402,4874,탄천1교 하부보도,송파구,355.0,350.0
202402,4875,위례포레샤인13단지,송파구,299.0,290.0
202402,4876,삼전동주민센터 앞,송파구,807.0,856.0
202402,4879,마천청소년센터,송파구,177.0,174.0
202402,4880,송파청소년센터,송파구,496.0,508.0
202402,4881,거여동사거리 송파둘레길 입구,송파구,140.0,140.0
202402,4882,위례포레샤인18단지 1802동,송파구,153.0,127.0
202402,4883,위례포레샤인18단지 1812동,송파구,108.0,13.0
202402,4884,H비즈니스파크,송파구,834.0,890.0
202402,4885,가든파이브 리빙관,송파구,208.0,209.0
202402,4886,배명고등학교 건너편,송파구,541.0,537.0
202402,4887,호돌이상가,송파구,438.0,477.0
202402,4888,둔촌오륜역 2번출구,송파구,221.0,212.0
202402,4889,마천역 1번 출구 인근②,송파구,409.0,347.0
202402,4891,위례포레나송파,송파구,410.0,338.0
202402,4892,성내유수지 체육공원,송파구,138.0,131.0
202402,4893,문정법조단지12,송파구,1382.0,1610.0
202402,4895,송파레이크힐 상가,송파구,537.0,524.0
202402,4896,송파레이크힐,송파구,61.0,41.0
202402,4897,잠실주공5단지1,송파구,1891.0,1846.0
202402,5751,송파여성축구장,송파구,178.0,173.0
202402,5752,풍납백제문화공원 옆 인근,송파구,1783.0,1874.0
202402,5753,호반써밋,송파구,430.0,357.0
202402,5756,극동아파트,송파구,597.0,598.0
202402,5758,올림픽선수기자촌아파트 123동 근처,송파구,291.0,259.0
202402,5759,풍납근린공원,송파구,671.0,671.0
202402,5760,풍납사거리 성내유수지,송파구,592.0,536.0
202402,5761,버섯분수대,송파구,608.0,583.0
202402,5763,세륜초등학교 건너편,송파구,91.0,77.0
202402,5764,한국체육대학교,송파구,278.0,280.0
202402,5765,삼전동주민센터 건너편,송파구,800.0,833.0
202402,5766,북위례1,송파구,248.0,91.0
202402,5767,북위례2,송파구,196.0,125.0
202402,5768,방이삼거리,송파구,2914.0,3287.0
202402,5773,송파시그니처롯데캐슬,송파구,207.0,225.0
202402,5774,가락본동주민센터 인근,송파구,922.0,974.0
202402,5775,가락시장역 5번출구,송파구,415.0,414.0
202402,5777,호반써밋12단지,송파구,402.0,371.0
202402,5778,북위례3,송파구,184.0,94.0
202403,1201,가락시장역 3번 출구,송파구,1589.0,1638.0
202403,1203,밀리아나2빌딩 앞,송파구,1210.0,1262.0
202403,1204,거여역 3번출구,송파구,1438.0,1456.0
202403,1205,종합운동장역 4번출구,송파구,1351.0,1009.0
202403,1206,9호선종합운동장역 9번출구,송파구,1128.0,1081.0
202403,1207,마천중앙시장,송파구,662.0,654.0
202403,1208,풍납현대아파트쉼터,송파구,2124.0,2117.0
202403,1209,잠실나루역 (2번 출구 쪽),송파구,2782.0,2769.0
202403,1210,롯데월드타워(잠실역2번출구 쪽),송파구,8782.0,8763.0
202403,1212,송파역 2번 출구앞,송파구,1279.0,1337.0
202403,1213,백토공원 앞,송파구,304.0,292.0
202403,1214,오금역 7번 출구 인근,송파구,1143.0,1142.0
202403,1215,올림픽공원역 1번출구 앞,송파구,1638.0,1629.0
202403,1217,송파파인타운 7단지,송파구,678.0,687.0
202403,1218,방이역 4번출구,송파구,2569.0,2533.0
202403,1220,잠실근린공원,송파구,2419.0,2751.0
202403,1221,삼전역 4번출구,송파구,1510.0,1512.0
202403,1222,잠실새내역 5번 출구 뒤,송파구,3894.0,4235.0
202403,1224,아시아지하보도 2번 출구,송파구,1449.0,1545.0
202403,1226,잠실4동 주민센터 옆,송파구,1989.0,2001.0
202403,1227,거여역 8번출구 뒤,송파구,1302.0,1322.0
202403,1228,마천사거리,송파구,849.0,927.0
202403,1229,송파체육문화회관 앞,송파구,960.0,948.0
202403,1230,송파중학교 정문,송파구,564.0,519.0
202403,1231,잠실역 6번출구,송파구,2606.0,2837.0
202403,1232,잠실주공 521동 건너편,송파구,2799.0,2819.0
202403,1233,잠실3거리(갤러리아팰리스),송파구,1045.0,962.0
202403,1235,잠실트리지움310동 옆,송파구,1919.0,2102.0
202403,1239,문정 법조단지3,송파구,619.0,610.0
202403,1240,문정 법조단지4,송파구,761.0,675.0
202403,1241,문정 법조단지5,송파구,364.0,352.0
202403,1242,문정 법조단지6,송파구,141.0,145.0
202403,1243,문정 법조단지7,송파구,2042.0,2053.0
202403,1244,문정 법조단지8,송파구,2235.0,2177.0
202403,1245,문정 법조단지9,송파구,1484.0,1462.0
202403,1246,문정 법조단지10,송파구,1634.0,1639.0
202403,1247,문정 법조단지11,송파구,852.0,810.0
202403,1248,방이초등학교,송파구,2394.0,2046.0
202403,1250,문정2동 주민센터,송파구,168.0,146.0
202403,1251,석촌역 2번출구,송파구,2923.0,2930.0
202403,1253,오금역 3번 출구 뒤,송파구,634.0,594.0
202403,1256,문정현대아파트 교차로,송파구,615.0,606.0
202403,1257,가락시장역 사거리,송파구,1172.0,1164.0
202403,1258,가락미륭아파트 앞,송파구,368.0,285.0
202403,1259,방이역 1번출구,송파구,1666.0,1639.0
202403,1260,방이동 한양3차아파트 옆,송파구,1252.0,1249.0
202403,1262,송파여성문화회관 앞,송파구,2391.0,2395.0
202403,1263,장지공영차고지,송파구,350.0,371.0
202403,1264,천호역 10번 출구 앞,송파구,3528.0,3552.0
202403,1265,문정동 근린공원,송파구,1038.0,1040.0
202403,1266,문정동 글샘 공원,송파구,674.0,608.0
202403,1267,올림픽공원 남2문 앞,송파구,1147.0,1098.0
202403,1268,몽촌토성역 1번출구 옆,송파구,1948.0,1952.0
202403,1269,리센츠아파트,송파구,1543.0,1322.0
202403,1271,송파도서관,송파구,1044.0,1031.0
202403,1274,영파여고 앞,송파구,1344.0,1250.0
202403,1275,거여초등학교 옆,송파구,682.0,697.0
202403,1277,성내7교,송파구,835.0,848.0
202403,1278,송파구청 교차로,송파구,2097.0,2123.0
202403,1279,마천금호어울림 1차아파트 건너편,송파구,263.0,262.0
202403,1280,송파파크데일 2단지입구 앞 주차장,송파구,463.0,444.0
202403,1282,송파소방서 맞은편(성내4교),송파구,1585.0,1766.0
202403,1283,오금공원 사거리,송파구,204.0,111.0
202403,1285,위례별 유치원 뒤,송파구,357.0,353.0
202403,1286,위례중앙푸르지오 1단지 앞,송파구,1096.0,1101.0
202403,1287,위례아이파크 101동 맞은편,송파구,472.0,464.0
202403,1288,문정중교 사거리,송파구,1005.0,851.0
202403,1289,풍납토성 서성벽터B,송파구,644.0,646.0
202403,1290,위례송파꿈에그린아파트24단지 앞 성벽 다리 밑,송파구,737.0,767.0
202403,1291,서울체육고등학교 앞,송파구,1737.0,1923.0
202403,1293,석촌호수 서호 사거리,송파구,2198.0,2195.0
202403,1295,잠실역 8번출구,송파구,3807.0,3739.0
202403,1296,석촌호수교차로 (송파나루근린공원 앞),송파구,677.0,651.0
202403,1297,석촌호수교차로(동호 팔각정 앞),송파구,2695.0,2685.0
202403,1299,송파소방서 (방이119안전센터),송파구,555.0,529.0
202403,1300,오륜사거리,송파구,629.0,639.0
202403,2601,석촌호수 아뜰리에,송파구,1788.0,1811.0
202403,2603,송파 글마루 도서관,송파구,762.0,735.0
202403,2604,풍납토성 서성벽터A,송파구,1230.0,1282.0
202403,2605,복정역 1번 출구 앞,송파구,1431.0,1443.0
202403,2606,위례동주민센터 맞은편 근린공원,송파구,1798.0,1781.0
202403,2608,송파구청,송파구,6225.0,6482.0
202403,2609,보성중고등학교 후문 앞,송파구,235.0,234.0
202403,2611,송파지역자활센터 뒤,송파구,2408.0,2530.0
202403,2612,문정·가락 대여소 앞,송파구,43.0,41.0
202403,2613,잠실나들목,송파구,2436.0,2455.0
202403,2614,가락고등학교 앞,송파구,513.0,386.0
202403,2615,테라타워2,송파구,2318.0,2363.0
202403,2616,거여동 사거리,송파구,408.0,408.0
202403,2617,가락삼환아파트 앞,송파구,408.0,362.0
202403,2618,삼전역 1번출구,송파구,1861.0,1854.0
202403,2619,석촌고분역 4번출구,송파구,1949.0,2018.0
202403,2620,송파나루역 4번 출구옆,송파구,4502.0,5020.0
202403,2621,한성백제역 2번 출구,송파구,2472.0,2473.0
202403,2622,올림픽공원역 3번출구,송파구,5426.0,5404.0
202403,2623,석촌동 주민센터,송파구,3101.0,2987.0
202403,2625,가락종합 사회복지관,송파구,465.0,415.0
202403,2626,"경찰병원역 1,2번 출구 사이",송파구,627.0,619.0
202403,2627,문정시영아파트 5동 앞 공원,송파구,807.0,501.0
202403,2628,문정역 1번출구,송파구,2322.0,2357.0
202403,2630,서울방이동 고분군,송파구,1928.0,1780.0
202403,2631,배명고등학교,송파구,759.0,774.0
202403,2632,석촌고분역 2번 출구,송파구,2685.0,2803.0
202403,2633,송파학사 옆,송파구,1047.0,984.0
202403,2634,위례포레샤인아파트 2318동,송파구,689.0,734.0
202403,2635,잠실새내역 1번출구,송파구,2238.0,2117.0
202403,2637,아시아지하보도 14번 출구,송파구,2436.0,2452.0
202403,2639,석촌역 8번출구,송파구,3590.0,3575.0
202403,2641,송파역 4번출구,송파구,3057.0,3089.0
202403,2642,마천동 성내천 쉼터,송파구,988.0,1007.0
202403,2643,풍납중학교 측면,송파구,435.0,353.0
202403,2644,성내5교,송파구,1426.0,1490.0
202403,2645,잠실나들목2(엘스아파트136동),송파구,1823.0,1921.0
202403,2646,레이크펠리스101동앞,송파구,3098.0,3166.0
202403,2647,잠실 자전거 수리센터 앞,송파구,2109.0,2190.0
202403,2648,헬리오시티 112동 앞,송파구,1318.0,1251.0
202403,2649,오금공원사거리2,송파구,216.0,194.0
202403,2650,위례22단지 2208동 다리앞,송파구,422.0,417.0
202403,2651,경찰병원역 3번출구 앞,송파구,1163.0,1144.0
202403,2652,송파 레미니스1단지 102동 앞,송파구,802.0,646.0
202403,2653,올림픽공원사거리(선수촌아파트),송파구,1324.0,1289.0
202403,2654,올림픽선수촌아파트 136동 앞,송파구,580.0,494.0
202403,2655,송이공원,송파구,564.0,425.0
202403,2656,풍납동 아이파크 107동 앞,송파구,1279.0,1271.0
202403,2657,송파 파인타운 11단지,송파구,785.0,794.0
202403,2658,가락몰 업무동,송파구,1374.0,1400.0
202403,2659,서울친환경유통센터,송파구,105.0,107.0
202403,4452,삼성SDS,송파구,2771.0,2996.0
202403,4453,위례중앙푸르지오 201동 앞,송파구,1621.0,1645.0
202403,4454,위례 포레샤인 1809동 부근,송파구,243.0,129.0
202403,4457,아산병원 기숙사 부근,송파구,4162.0,4183.0
202403,4458,가락2동주민센터 인근,송파구,558.0,521.0
202403,4460,올림픽훼미리아파트 112동 앞,송파구,973.0,980.0
202403,4461,한양3차아파트 3동 앞,송파구,230.0,229.0
202403,4462,가락중학교 앞,송파구,665.0,618.0
202403,4463,방이역 2번 출구,송파구,728.0,731.0
202403,4464,올림픽공원 북2문 A,송파구,1610.0,1656.0
202403,4465,건영아파트앞 사거리,송파구,1466.0,1453.0
202403,4468,가락1동주민센터,송파구,1130.0,1115.0
202403,4469,거여동 어울림아파트  102동앞,송파구,556.0,558.0
202403,4472,송파파크데일 1단지 115동 건너편,송파구,345.0,352.0
202403,4473,마천금호어울림 1차 102동앞,송파구,152.0,154.0
202403,4474,가락현대 1차 11동 앞,송파구,421.0,362.0
202403,4475,송파파인타운 4단지 403동,송파구,364.0,372.0
202403,4478,문정근린공원2,송파구,928.0,928.0
202403,4479,문정중학교,송파구,158.0,133.0
202403,4480,가락시장 남1문 사거리,송파구,656.0,663.0
202403,4481,올림픽공원 북2문 B,송파구,3132.0,3266.0
202403,4483,잠실나들목4,송파구,1143.0,1259.0
202403,4484,잠실나루역4번출구뒤,송파구,2080.0,2080.0
202403,4485,잠실나루역 고가하부,송파구,614.0,507.0
202403,4486,홈플러스 잠실점,송파구,2449.0,2462.0
202403,4488,"문현중,고등학교 사이",송파구,151.0,150.0
202403,4490,송파파인타운 10단지 1005동,송파구,283.0,266.0
202403,4491,장지역 1번출구,송파구,1372.0,1370.0
202403,4493,마천사거리 2,송파구,434.0,444.0
202403,4496,잠실 파크리오 120동 앞,송파구,1473.0,1444.0
202403,4497,아시아선수촌아파트 교차로,송파구,1568.0,1584.0
202403,4499,세양청마루 101동 앞,송파구,689.0,361.0
202403,4852,서울복합물류 게이트 1,송파구,1188.0,1187.0
202403,4854,가락시장역 2번 출구,송파구,1117.0,1106.0
202403,4855,거여5단지 503동 앞,송파구,565.0,568.0
202403,4856,올림픽공원 서1문 앞,송파구,1236.0,1231.0
202403,4857,올림픽공원 장미광장,송파구,524.0,517.0
202403,4859,잠실나루 나들목,송파구,1778.0,1803.0
202403,4860,가락쌍용2차아파트 103동,송파구,655.0,614.0
202403,4862,성내교 남단,송파구,400.0,377.0
202403,4863,잠실나들목5,송파구,457.0,530.0
202403,4864,송파사거리,송파구,2660.0,2713.0
202403,4865,한성백제역 1번출구 뒤,송파구,2742.0,2738.0
202403,4867,가락대림아파트 앞,송파구,891.0,888.0
202403,4868,석촌호수 서호 남단,송파구,2599.0,2583.0
202403,4869,잠실나들목6,송파구,147.0,183.0
202403,4870,몽촌토성역 3번 출구,송파구,4666.0,4660.0
202403,4871,오금동 대림아파트 정문,송파구,677.0,596.0
202403,4872,개롱역 3번 출구 뒤,송파구,938.0,934.0
202403,4873,개롱역사거리 2번 출구,송파구,981.0,992.0
202403,4874,탄천1교 하부보도,송파구,602.0,552.0
202403,4875,위례포레샤인13단지,송파구,469.0,460.0
202403,4876,삼전동주민센터 앞,송파구,1209.0,1227.0
202403,4879,마천청소년센터,송파구,252.0,252.0
202403,4880,송파청소년센터,송파구,769.0,779.0
202403,4881,거여동사거리 송파둘레길 입구,송파구,214.0,214.0
202403,4882,위례포레샤인18단지 1802동,송파구,219.0,186.0
202403,4883,위례포레샤인18단지 1812동,송파구,258.0,32.0
202403,4884,H비즈니스파크,송파구,1471.0,1609.0
202403,4885,가든파이브 리빙관,송파구,290.0,311.0
202403,4886,배명고등학교 건너편,송파구,916.0,966.0
202403,4887,호돌이상가,송파구,762.0,777.0
202403,4888,둔촌오륜역 2번출구,송파구,418.0,378.0
202403,4889,마천역 1번 출구 인근②,송파구,528.0,521.0
202403,4891,위례포레나송파,송파구,601.0,542.0
202403,4892,성내유수지 체육공원,송파구,325.0,257.0
202403,4893,문정법조단지12,송파구,2058.0,2265.0
202403,4895,송파레이크힐 상가,송파구,862.0,869.0
202403,4896,송파레이크힐,송파구,128.0,119.0
202403,4897,잠실주공5단지1,송파구,2658.0,2644.0
202403,5751,송파여성축구장,송파구,391.0,389.0
202403,5752,풍납백제문화공원 옆 인근,송파구,2494.0,2661.0
202403,5753,호반써밋,송파구,565.0,546.0
202403,5756,극동아파트,송파구,1044.0,1048.0
202403,5758,올림픽선수기자촌아파트 123동 근처,송파구,495.0,405.0
202403,5759,풍납근린공원,송파구,930.0,944.0
202403,5760,풍납사거리 성내유수지,송파구,871.0,868.0
202403,5761,버섯분수대,송파구,959.0,949.0
202403,5763,세륜초등학교 건너편,송파구,234.0,207.0
202403,5764,한국체육대학교,송파구,630.0,632.0
202403,5765,삼전동주민센터 건너편,송파구,1145.0,1200.0
202403,5766,북위례1,송파구,273.0,156.0
202403,5767,북위례2,송파구,219.0,210.0
202403,5768,방이삼거리,송파구,3575.0,4016.0
202403,5773,송파시그니처롯데캐슬,송파구,295.0,289.0
202403,5774,가락본동주민센터 인근,송파구,1203.0,1219.0
202403,5775,가락시장역 5번출구,송파구,630.0,686.0
202403,5777,호반써밋12단지,송파구,516.0,510.0
202403,5778,북위례3,송파구,322.0,163.0
202403,5779,나래교,송파구,53.0,60.0
202404,1201,가락시장역 3번 출구,송파구,2303.0,2276.0
202404,1203,밀리아나2빌딩 앞,송파구,1808.0,1810.0
202404,1204,거여역 3번출구,송파구,2103.0,2120.0
202404,1205,종합운동장역 4번출구,송파구,2281.0,2112.0
202404,1206,9호선종합운동장역 9번출구,송파구,1745.0,1656.0
202404,1207,마천중앙시장,송파구,938.0,978.0
202404,1208,풍납현대아파트쉼터,송파구,3004.0,2972.0
202404,1209,잠실나루역 (2번 출구 쪽),송파구,4228.0,4197.0
202404,1210,롯데월드타워(잠실역2번출구 쪽),송파구,12870.0,12824.0
202404,1212,송파역 2번 출구앞,송파구,1912.0,1935.0
202404,1213,백토공원 앞,송파구,442.0,405.0
202404,1214,오금역 7번 출구 인근,송파구,1820.0,1783.0
202404,1215,올림픽공원역 1번출구 앞,송파구,2344.0,2339.0
202404,1217,송파파인타운 7단지,송파구,1006.0,989.0
202404,1218,방이역 4번출구,송파구,3837.0,3803.0
202404,1220,잠실근린공원,송파구,3492.0,4021.0
202404,1221,삼전역 4번출구,송파구,2570.0,2646.0
202404,1222,잠실새내역 5번 출구 뒤,송파구,6423.0,6612.0
202404,1224,아시아지하보도 2번 출구,송파구,2534.0,2569.0
202404,1226,잠실4동 주민센터 옆,송파구,2756.0,2780.0
202404,1227,거여역 8번출구 뒤,송파구,2047.0,2048.0
202404,1228,마천사거리,송파구,1143.0,1450.0
202404,1229,송파체육문화회관 앞,송파구,1598.0,1598.0
202404,1230,송파중학교 정문,송파구,942.0,801.0
202404,1231,잠실역 6번출구,송파구,4346.0,4622.0
202404,1232,잠실주공 521동 건너편,송파구,3813.0,3812.0
202404,1233,잠실3거리(갤러리아팰리스),송파구,1531.0,1419.0
202404,1235,잠실트리지움310동 옆,송파구,3027.0,3163.0
202404,1239,문정 법조단지3,송파구,793.0,785.0
202404,1240,문정 법조단지4,송파구,1183.0,1140.0
202404,1241,문정 법조단지5,송파구,656.0,602.0
202404,1242,문정 법조단지6,송파구,188.0,169.0
202404,1243,문정 법조단지7,송파구,3061.0,3105.0
202404,1244,문정 법조단지8,송파구,3484.0,3439.0
202404,1245,문정 법조단지9,송파구,2216.0,2169.0
202404,1246,문정 법조단지10,송파구,2529.0,2529.0
202404,1247,문정 법조단지11,송파구,1272.0,1251.0
202404,1248,방이초등학교,송파구,3169.0,2700.0
202404,1250,문정2동 주민센터,송파구,314.0,287.0
202404,1251,석촌역 2번출구,송파구,4036.0,4003.0
202404,1253,오금역 3번 출구 뒤,송파구,963.0,955.0
202404,1256,문정현대아파트 교차로,송파구,918.0,878.0
202404,1257,가락시장역 사거리,송파구,1595.0,1588.0
202404,1258,가락미륭아파트 앞,송파구,594.0,432.0
202404,1259,방이역 1번출구,송파구,2417.0,2415.0
202404,1260,방이동 한양3차아파트 옆,송파구,1780.0,1771.0
202404,1262,송파여성문화회관 앞,송파구,3457.0,3460.0
202404,1263,장지공영차고지,송파구,422.0,464.0
202404,1264,천호역 10번 출구 앞,송파구,5035.0,5036.0
202404,1265,문정동 근린공원,송파구,1264.0,1263.0
202404,1266,문정동 글샘 공원,송파구,1018.0,992.0
202404,1267,올림픽공원 남2문 앞,송파구,1772.0,1733.0
202404,1268,몽촌토성역 1번출구 옆,송파구,3402.0,3387.0
202404,1269,리센츠아파트,송파구,2287.0,1939.0
202404,1271,송파도서관,송파구,1328.0,1326.0
202404,1274,영파여고 앞,송파구,1919.0,1825.0
202404,1275,거여초등학교 옆,송파구,876.0,900.0
202404,1277,성내7교,송파구,1395.0,1434.0
202404,1278,송파구청 교차로,송파구,2923.0,2878.0
202404,1279,마천금호어울림 1차아파트 건너편,송파구,459.0,459.0
202404,1280,송파파크데일 2단지입구 앞 주차장,송파구,724.0,728.0
202404,1282,송파소방서 맞은편(성내4교),송파구,2254.0,2691.0
202404,1283,오금공원 사거리,송파구,305.0,183.0
202404,1285,위례별 유치원 뒤,송파구,629.0,596.0
202404,1286,위례중앙푸르지오 1단지 앞,송파구,1663.0,1669.0
202404,1287,위례아이파크 101동 맞은편,송파구,661.0,630.0
202404,1288,문정중교 사거리,송파구,1572.0,1369.0
202404,1289,풍납토성 서성벽터B,송파구,982.0,977.0
202404,1290,위례송파꿈에그린아파트24단지 앞 성벽 다리 밑,송파구,1157.0,1250.0
202404,1291,서울체육고등학교 앞,송파구,2501.0,2924.0
202404,1293,석촌호수 서호 사거리,송파구,3917.0,4039.0
202404,1295,잠실역 8번출구,송파구,6259.0,6170.0
202404,1296,석촌호수교차로 (송파나루근린공원 앞),송파구,1513.0,1470.0
202404,1297,석촌호수교차로(동호 팔각정 앞),송파구,5596.0,5577.0
202404,1299,송파소방서 (방이119안전센터),송파구,835.0,739.0
202404,1300,오륜사거리,송파구,935.0,983.0
202404,2601,석촌호수 아뜰리에,송파구,3489.0,3576.0
202404,2603,송파 글마루 도서관,송파구,1217.0,1209.0
202404,2604,풍납토성 서성벽터A,송파구,1774.0,1808.0
202404,2605,복정역 1번 출구 앞,송파구,2207.0,2266.0
202404,2606,위례동주민센터 맞은편 근린공원,송파구,2797.0,2960.0
202404,2608,송파구청,송파구,8616.0,8621.0
202404,2609,보성중고등학교 후문 앞,송파구,358.0,325.0
202404,2611,송파지역자활센터 뒤,송파구,3270.0,3554.0
202404,2612,문정·가락 대여소 앞,송파구,95.0,78.0
202404,2613,잠실나들목,송파구,4267.0,4722.0
202404,2614,가락고등학교 앞,송파구,615.0,484.0
202404,2615,테라타워2,송파구,3547.0,3535.0
202404,2616,거여동 사거리,송파구,591.0,580.0
202404,2617,가락삼환아파트 앞,송파구,644.0,554.0
202404,2618,삼전역 1번출구,송파구,2842.0,3025.0
202404,2619,석촌고분역 4번출구,송파구,2840.0,2998.0
202404,2620,송파나루역 4번 출구옆,송파구,6946.0,7293.0
202404,2621,한성백제역 2번 출구,송파구,4483.0,4485.0
202404,2622,올림픽공원역 3번출구,송파구,8863.0,8830.0
202404,2623,석촌동 주민센터,송파구,4353.0,4349.0
202404,2625,가락종합 사회복지관,송파구,431.0,405.0
202404,2626,"경찰병원역 1,2번 출구 사이",송파구,870.0,856.0
202404,2627,문정시영아파트 5동 앞 공원,송파구,1271.0,780.0
202404,2628,문정역 1번출구,송파구,4010.0,4042.0
202404,2630,서울방이동 고분군,송파구,2587.0,2514.0
202404,2631,배명고등학교,송파구,1113.0,1202.0
202404,2632,석촌고분역 2번 출구,송파구,3635.0,3874.0
202404,2633,송파학사 옆,송파구,1571.0,1472.0
202404,2634,위례포레샤인아파트 2318동,송파구,1071.0,1123.0
202404,2635,잠실새내역 1번출구,송파구,3326.0,3132.0
202404,2637,아시아지하보도 14번 출구,송파구,3726.0,3694.0
202404,2639,석촌역 8번출구,송파구,4905.0,4890.0
202404,2641,송파역 4번출구,송파구,4621.0,4590.0
202404,2642,마천동 성내천 쉼터,송파구,1636.0,1690.0
202404,2643,풍납중학교 측면,송파구,716.0,641.0
202404,2644,성내5교,송파구,1907.0,2030.0
202404,2645,잠실나들목2(엘스아파트136동),송파구,3656.0,4074.0
202404,2646,레이크펠리스101동앞,송파구,4185.0,4267.0
202404,2647,잠실 자전거 수리센터 앞,송파구,2666.0,2742.0
202404,2648,헬리오시티 112동 앞,송파구,2000.0,2032.0
202404,2649,오금공원사거리2,송파구,402.0,271.0
202404,2650,위례22단지 2208동 다리앞,송파구,589.0,668.0
202404,2651,경찰병원역 3번출구 앞,송파구,1777.0,1779.0
202404,2652,송파 레미니스1단지 102동 앞,송파구,1202.0,995.0
202404,2653,올림픽공원사거리(선수촌아파트),송파구,1966.0,1869.0
202404,2654,올림픽선수촌아파트 136동 앞,송파구,982.0,820.0
202404,2655,송이공원,송파구,913.0,719.0
202404,2656,풍납동 아이파크 107동 앞,송파구,1717.0,1715.0
202404,2657,송파 파인타운 11단지,송파구,1191.0,1166.0
202404,2658,가락몰 업무동,송파구,1959.0,1953.0
202404,2659,서울친환경유통센터,송파구,134.0,134.0
202404,4452,삼성SDS,송파구,4057.0,4343.0
202404,4453,위례중앙푸르지오 201동 앞,송파구,2546.0,2560.0
202404,4454,위례 포레샤인 1809동 부근,송파구,475.0,196.0
202404,4457,아산병원 기숙사 부근,송파구,5785.0,6032.0
202404,4458,가락2동주민센터 인근,송파구,799.0,786.0
202404,4460,올림픽훼미리아파트 112동 앞,송파구,1618.0,1669.0
202404,4461,한양3차아파트 3동 앞,송파구,409.0,348.0
202404,4462,가락중학교 앞,송파구,911.0,878.0
202404,4463,방이역 2번 출구,송파구,956.0,952.0
202404,4464,올림픽공원 북2문 A,송파구,2584.0,2606.0
202404,4465,건영아파트앞 사거리,송파구,2185.0,2159.0
202404,4468,가락1동주민센터,송파구,1749.0,1717.0
202404,4469,거여동 어울림아파트  102동앞,송파구,922.0,900.0
202404,4472,송파파크데일 1단지 115동 건너편,송파구,645.0,653.0
202404,4473,마천금호어울림 1차 102동앞,송파구,269.0,253.0
202404,4474,가락현대 1차 11동 앞,송파구,588.0,525.0
202404,4475,송파파인타운 4단지 403동,송파구,525.0,489.0
202404,4478,문정근린공원2,송파구,1599.0,1601.0
202404,4479,문정중학교,송파구,268.0,195.0
202404,4480,가락시장 남1문 사거리,송파구,937.0,911.0
202404,4481,올림픽공원 북2문 B,송파구,5367.0,5604.0
202404,4483,잠실나들목4,송파구,2228.0,2479.0
202404,4484,잠실나루역4번출구뒤,송파구,3059.0,3046.0
202404,4485,잠실나루역 고가하부,송파구,875.0,737.0
202404,4486,홈플러스 잠실점,송파구,3023.0,3026.0
202404,4488,"문현중,고등학교 사이",송파구,239.0,229.0
202404,4490,송파파인타운 10단지 1005동,송파구,471.0,467.0
202404,4491,장지역 1번출구,송파구,2137.0,2159.0
202404,4493,마천사거리 2,송파구,545.0,595.0
202404,4496,잠실 파크리오 120동 앞,송파구,1978.0,1969.0
202404,4497,아시아선수촌아파트 교차로,송파구,2246.0,2311.0
202404,4499,세양청마루 101동 앞,송파구,1041.0,548.0
202404,4852,서울복합물류 게이트 1,송파구,1608.0,1630.0
202404,4854,가락시장역 2번 출구,송파구,1811.0,1794.0
202404,4855,거여5단지 503동 앞,송파구,806.0,810.0
202404,4856,올림픽공원 서1문 앞,송파구,2048.0,2039.0
202404,4857,올림픽공원 장미광장,송파구,717.0,706.0
202404,4859,잠실나루 나들목,송파구,3107.0,3151.0
202404,4860,가락쌍용2차아파트 103동,송파구,1009.0,951.0
202404,4862,성내교 남단,송파구,915.0,879.0
202404,4863,잠실나들목5,송파구,974.0,1001.0
202404,4864,송파사거리,송파구,3880.0,3928.0
202404,4865,한성백제역 1번출구 뒤,송파구,4165.0,4180.0
202404,4867,가락대림아파트 앞,송파구,1223.0,1214.0
202404,4868,석촌호수 서호 남단,송파구,3623.0,3662.0
202404,4870,몽촌토성역 3번 출구,송파구,7424.0,7432.0
202404,4871,오금동 대림아파트 정문,송파구,1091.0,970.0
202404,4872,개롱역 3번 출구 뒤,송파구,1511.0,1520.0
202404,4873,개롱역사거리 2번 출구,송파구,1548.0,1547.0
202404,4874,탄천1교 하부보도,송파구,931.0,1013.0
202404,4875,위례포레샤인13단지,송파구,703.0,716.0
202404,4876,삼전동주민센터 앞,송파구,878.0,1009.0
202404,4879,마천청소년센터,송파구,370.0,371.0
202404,4880,송파청소년센터,송파구,1165.0,1168.0
202404,4881,거여동사거리 송파둘레길 입구,송파구,249.0,244.0
202404,4882,위례포레샤인18단지 1802동,송파구,370.0,327.0
202404,4883,위례포레샤인18단지 1812동,송파구,227.0,51.0
202404,4884,H비즈니스파크,송파구,1911.0,2029.0
202404,4885,가든파이브 리빙관,송파구,649.0,641.0
202404,4886,배명고등학교 건너편,송파구,1309.0,1439.0
202404,4887,호돌이상가,송파구,1112.0,1103.0
202404,4888,둔촌오륜역 2번출구,송파구,650.0,608.0
202404,4889,마천역 1번 출구 인근②,송파구,1054.0,987.0
202404,4891,위례포레나송파,송파구,1011.0,977.0
202404,4892,성내유수지 체육공원,송파구,494.0,395.0
202404,4893,문정법조단지12,송파구,2735.0,2989.0
202404,4895,송파레이크힐 상가,송파구,1540.0,1552.0
202404,4896,송파레이크힐,송파구,200.0,190.0
202404,4897,잠실주공5단지1,송파구,3396.0,3437.0
202404,5751,송파여성축구장,송파구,767.0,766.0
202404,5752,풍납백제문화공원 옆 인근,송파구,3711.0,4138.0
202404,5753,호반써밋,송파구,931.0,861.0
202404,5756,극동아파트,송파구,1403.0,1407.0
202404,5758,올림픽선수기자촌아파트 123동 근처,송파구,726.0,561.0
202404,5759,풍납근린공원,송파구,1440.0,1414.0
202404,5760,풍납사거리 성내유수지,송파구,1337.0,1316.0
202404,5761,버섯분수대,송파구,1558.0,1549.0
202404,5763,세륜초등학교 건너편,송파구,485.0,356.0
202404,5764,한국체육대학교,송파구,948.0,951.0
202404,5765,삼전동주민센터 건너편,송파구,2582.0,2851.0
202404,5766,북위례1,송파구,539.0,259.0
202404,5767,북위례2,송파구,393.0,347.0
202404,5768,방이삼거리,송파구,7158.0,7512.0
202404,5773,송파시그니처롯데캐슬,송파구,388.0,410.0
202404,5774,가락본동주민센터 인근,송파구,1915.0,1991.0
202404,5775,가락시장역 5번출구,송파구,1057.0,1035.0
202404,5777,호반써밋12단지,송파구,764.0,736.0
202404,5778,북위례3,송파구,651.0,365.0
202404,5779,나래교,송파구,408.0,371.0
202404,5780,송파세무서,송파구,38.0,40.0
202405,1201,가락시장역 3번 출구,송파구,2357.0,2359.0
202405,1203,밀리아나2빌딩 앞,송파구,1847.0,1877.0
202405,1204,거여역 3번출구,송파구,2271.0,2333.0
202405,1205,종합운동장역 4번출구,송파구,2493.0,2269.0
202405,1206,9호선종합운동장역 9번출구,송파구,1783.0,1700.0
202405,1207,마천중앙시장,송파구,856.0,900.0
202405,1208,풍납현대아파트쉼터,송파구,3023.0,2988.0
202405,1209,잠실나루역 (2번 출구 쪽),송파구,4376.0,4344.0
202405,1210,롯데월드타워(잠실역2번출구 쪽),송파구,13903.0,13868.0
202405,1212,송파역 2번 출구앞,송파구,2062.0,2050.0
202405,1213,백토공원 앞,송파구,429.0,414.0
202405,1214,오금역 7번 출구 인근,송파구,1767.0,1756.0
202405,1215,올림픽공원역 1번출구 앞,송파구,2520.0,2507.0
202405,1217,송파파인타운 7단지,송파구,1164.0,1156.0
202405,1218,방이역 4번출구,송파구,3903.0,3877.0
202405,1220,잠실근린공원,송파구,3738.0,4271.0
202405,1221,삼전역 4번출구,송파구,2764.0,2773.0
202405,1222,잠실새내역 5번 출구 뒤,송파구,6416.0,6473.0
202405,1224,아시아지하보도 2번 출구,송파구,2353.0,2364.0
202405,1226,잠실4동 주민센터 옆,송파구,2940.0,2940.0
202405,1227,거여역 8번출구 뒤,송파구,2107.0,2164.0
202405,1228,마천사거리,송파구,1196.0,1352.0
202405,1229,송파체육문화회관 앞,송파구,1683.0,1686.0
202405,1230,송파중학교 정문,송파구,876.0,843.0
202405,1231,잠실역 6번출구,송파구,4247.0,4574.0
202405,1232,잠실주공 521동 건너편,송파구,3852.0,3940.0
202405,1233,잠실3거리(갤러리아팰리스),송파구,1692.0,1497.0
202405,1235,잠실트리지움310동 옆,송파구,3258.0,3378.0
202405,1239,문정 법조단지3,송파구,920.0,905.0
202405,1240,문정 법조단지4,송파구,1232.0,1102.0
202405,1241,문정 법조단지5,송파구,617.0,569.0
202405,1242,문정 법조단지6,송파구,184.0,184.0
202405,1243,문정 법조단지7,송파구,3202.0,3420.0
202405,1244,문정 법조단지8,송파구,3812.0,3719.0
202405,1245,문정 법조단지9,송파구,2130.0,2112.0
202405,1246,문정 법조단지10,송파구,2569.0,2572.0
202405,1247,문정 법조단지11,송파구,1393.0,1346.0
202405,1248,방이초등학교,송파구,3338.0,2778.0
202405,1250,문정2동 주민센터,송파구,286.0,225.0
202405,1251,석촌역 2번출구,송파구,4162.0,4162.0
202405,1253,오금역 3번 출구 뒤,송파구,964.0,949.0
202405,1256,문정현대아파트 교차로,송파구,984.0,960.0
202405,1257,가락시장역 사거리,송파구,1679.0,1690.0
202405,1258,가락미륭아파트 앞,송파구,590.0,418.0
202405,1259,방이역 1번출구,송파구,2560.0,2561.0
202405,1260,방이동 한양3차아파트 옆,송파구,1982.0,1981.0
202405,1262,송파여성문화회관 앞,송파구,3584.0,3573.0
202405,1263,장지공영차고지,송파구,428.0,452.0
202405,1264,천호역 10번 출구 앞,송파구,5074.0,5068.0
202405,1266,문정동 글샘 공원,송파구,1188.0,1069.0
202405,1267,올림픽공원 남2문 앞,송파구,1618.0,1590.0
202405,1268,몽촌토성역 1번출구 옆,송파구,3333.0,3322.0
202405,1269,리센츠아파트,송파구,2339.0,1894.0
202405,1271,송파도서관,송파구,1234.0,1239.0
202405,1274,영파여고 앞,송파구,2139.0,2096.0
202405,1275,거여초등학교 옆,송파구,908.0,936.0
202405,1277,성내7교,송파구,1567.0,1585.0
202405,1278,송파구청 교차로,송파구,2878.0,2904.0
202405,1279,마천금호어울림 1차아파트 건너편,송파구,475.0,480.0
202405,1280,송파파크데일 2단지입구 앞 주차장,송파구,780.0,742.0
202405,1282,송파소방서 맞은편(성내4교),송파구,2402.0,2792.0
202405,1283,오금공원 사거리,송파구,220.0,178.0
202405,1285,위례별 유치원 뒤,송파구,655.0,622.0
202405,1286,위례중앙푸르지오 1단지 앞,송파구,1640.0,1657.0
202405,1287,위례아이파크 101동 맞은편,송파구,631.0,635.0
202405,1288,문정중교 사거리,송파구,1756.0,1524.0
202405,1289,풍납토성 서성벽터B,송파구,882.0,927.0
202405,1290,위례송파꿈에그린아파트24단지 앞 성벽 다리 밑,송파구,1208.0,1270.0
202405,1291,서울체육고등학교 앞,송파구,2676.0,3434.0
202405,1293,석촌호수 서호 사거리,송파구,4169.0,4221.0
202405,1295,잠실역 8번출구,송파구,6217.0,6152.0
202405,1296,석촌호수교차로 (송파나루근린공원 앞),송파구,1335.0,1200.0
202405,1297,석촌호수교차로(동호 팔각정 앞),송파구,4907.0,4887.0
202405,1299,송파소방서 (방이119안전센터),송파구,866.0,740.0
202405,1300,오륜사거리,송파구,1000.0,977.0
202405,2601,석촌호수 아뜰리에,송파구,3326.0,3319.0
202405,2603,송파 글마루 도서관,송파구,1407.0,1361.0
202405,2604,풍납토성 서성벽터A,송파구,1928.0,1942.0
202405,2605,복정역 1번 출구 앞,송파구,2311.0,2403.0
202405,2606,위례동주민센터 맞은편 근린공원,송파구,2952.0,3125.0
202405,2608,송파구청,송파구,9067.0,9150.0
202405,2609,보성중고등학교 후문 앞,송파구,356.0,335.0
202405,2611,송파지역자활센터 뒤,송파구,3551.0,3787.0
202405,2612,문정·가락 대여소 앞,송파구,62.0,63.0
202405,2613,잠실나들목,송파구,4110.0,4659.0
202405,2614,가락고등학교 앞,송파구,614.0,508.0
202405,2615,테라타워2,송파구,3981.0,3975.0
202405,2616,거여동 사거리,송파구,659.0,662.0
202405,2617,가락삼환아파트 앞,송파구,588.0,576.0
202405,2618,삼전역 1번출구,송파구,2901.0,3127.0
202405,2619,석촌고분역 4번출구,송파구,2998.0,3147.0
202405,2620,송파나루역 4번 출구옆,송파구,7252.0,7524.0
202405,2621,한성백제역 2번 출구,송파구,4542.0,4541.0
202405,2622,올림픽공원역 3번출구,송파구,8975.0,8965.0
202405,2623,석촌동 주민센터,송파구,4306.0,4296.0
202405,2625,가락종합 사회복지관,송파구,470.0,443.0
202405,2626,"경찰병원역 1,2번 출구 사이",송파구,967.0,966.0
202405,2627,문정시영아파트 5동 앞 공원,송파구,1138.0,714.0
202405,2628,문정역 1번출구,송파구,4931.0,4964.0
202405,2630,서울방이동 고분군,송파구,2844.0,2784.0
202405,2631,배명고등학교,송파구,1180.0,1338.0
202405,2632,석촌고분역 2번 출구,송파구,3947.0,4143.0
202405,2633,송파학사 옆,송파구,1518.0,1445.0
202405,2634,위례포레샤인아파트 2318동,송파구,1066.0,1119.0
202405,2635,잠실새내역 1번출구,송파구,3618.0,3350.0
202405,2637,아시아지하보도 14번 출구,송파구,3973.0,3966.0
202405,2639,석촌역 8번출구,송파구,5231.0,5044.0
202405,2641,송파역 4번출구,송파구,4893.0,4881.0
202405,2642,마천동 성내천 쉼터,송파구,1585.0,1585.0
202405,2643,풍납중학교 측면,송파구,680.0,540.0
202405,2644,성내5교,송파구,2003.0,2044.0
202405,2645,잠실나들목2(엘스아파트136동),송파구,3734.0,4080.0
202405,2646,레이크펠리스101동앞,송파구,3916.0,3976.0
202405,2647,잠실 자전거 수리센터 앞,송파구,2424.0,2593.0
202405,2648,헬리오시티 112동 앞,송파구,1834.0,1823.0
202405,2649,오금공원사거리2,송파구,394.0,318.0
202405,2650,위례22단지 2208동 다리앞,송파구,551.0,613.0
202405,2651,경찰병원역 3번출구 앞,송파구,1925.0,1914.0
202405,2652,송파 레미니스1단지 102동 앞,송파구,1334.0,1016.0
202405,2653,올림픽공원사거리(선수촌아파트),송파구,2085.0,1947.0
202405,2654,올림픽선수촌아파트 136동 앞,송파구,926.0,807.0
202405,2655,송이공원,송파구,1003.0,752.0
202405,2656,풍납동 아이파크 107동 앞,송파구,1676.0,1677.0
202405,2657,송파 파인타운 11단지,송파구,1210.0,1166.0
202405,2658,가락몰 업무동,송파구,2043.0,2040.0
202405,2659,서울친환경유통센터,송파구,190.0,193.0
202405,4452,삼성SDS,송파구,4120.0,4651.0
202405,4453,위례중앙푸르지오 201동 앞,송파구,2502.0,2540.0
202405,4454,위례 포레샤인 1809동 부근,송파구,459.0,265.0
202405,4457,아산병원 기숙사 부근,송파구,5810.0,6596.0
202405,4458,가락2동주민센터 인근,송파구,788.0,762.0
202405,4460,올림픽훼미리아파트 112동 앞,송파구,1918.0,1925.0
202405,4461,한양3차아파트 3동 앞,송파구,389.0,342.0
202405,4462,가락중학교 앞,송파구,855.0,849.0
202405,4463,방이역 2번 출구,송파구,1179.0,1179.0
202405,4464,올림픽공원 북2문 A,송파구,2111.0,2138.0
202405,4465,건영아파트앞 사거리,송파구,2436.0,2411.0
202405,4468,가락1동주민센터,송파구,1908.0,1888.0
202405,4469,거여동 어울림아파트  102동앞,송파구,939.0,935.0
202405,4472,송파파크데일 1단지 115동 건너편,송파구,723.0,703.0
202405,4473,마천금호어울림 1차 102동앞,송파구,277.0,266.0
202405,4474,가락현대 1차 11동 앞,송파구,646.0,595.0
202405,4475,송파파인타운 4단지 403동,송파구,586.0,570.0
202405,4478,문정근린공원2,송파구,2137.0,2120.0
202405,4479,문정중학교,송파구,298.0,230.0
202405,4480,가락시장 남1문 사거리,송파구,1050.0,1048.0
202405,4481,올림픽공원 북2문 B,송파구,4313.0,4328.0
202405,4483,잠실나들목4,송파구,2594.0,2788.0
202405,4484,잠실나루역4번출구뒤,송파구,3195.0,3190.0
202405,4485,잠실나루역 고가하부,송파구,877.0,746.0
202405,4486,홈플러스 잠실점,송파구,3229.0,3217.0
202405,4488,"문현중,고등학교 사이",송파구,266.0,261.0
202405,4490,송파파인타운 10단지 1005동,송파구,416.0,408.0
202405,4491,장지역 1번출구,송파구,2268.0,2349.0
202405,4493,마천사거리 2,송파구,625.0,646.0
202405,4496,잠실 파크리오 120동 앞,송파구,2239.0,2240.0
202405,4497,아시아선수촌아파트 교차로,송파구,2447.0,2471.0
202405,4499,세양청마루 101동 앞,송파구,1134.0,544.0
202405,4852,서울복합물류 게이트 1,송파구,1941.0,1992.0
202405,4854,가락시장역 2번 출구,송파구,1842.0,1834.0
202405,4855,거여5단지 503동 앞,송파구,987.0,991.0
202405,4856,올림픽공원 서1문 앞,송파구,2211.0,2184.0
202405,4857,올림픽공원 장미광장,송파구,1477.0,1459.0
202405,4859,잠실나루 나들목,송파구,3141.0,3122.0
202405,4860,가락쌍용2차아파트 103동,송파구,1113.0,1067.0
202405,4862,성내교 남단,송파구,696.0,647.0
202405,4863,잠실나들목5,송파구,717.0,729.0
202405,4864,송파사거리,송파구,4156.0,4131.0
202405,4865,한성백제역 1번출구 뒤,송파구,4357.0,4342.0
202405,4867,가락대림아파트 앞,송파구,1177.0,1183.0
202405,4868,석촌호수 서호 남단,송파구,3888.0,3892.0
202405,4870,몽촌토성역 3번 출구,송파구,7557.0,7508.0
202405,4871,오금동 대림아파트 정문,송파구,1078.0,958.0
202405,4872,개롱역 3번 출구 뒤,송파구,1525.0,1508.0
202405,4873,개롱역사거리 2번 출구,송파구,1611.0,1603.0
202405,4874,탄천1교 하부보도,송파구,1083.0,1157.0
202405,4875,위례포레샤인13단지,송파구,696.0,695.0
202405,4879,마천청소년센터,송파구,364.0,362.0
202405,4880,송파청소년센터,송파구,1090.0,1079.0
202405,4881,거여동사거리 송파둘레길 입구,송파구,314.0,312.0
202405,4882,위례포레샤인18단지 1802동,송파구,387.0,318.0
202405,4883,위례포레샤인18단지 1812동,송파구,310.0,53.0
202405,4884,H비즈니스파크,송파구,2129.0,2315.0
202405,4885,가든파이브 리빙관,송파구,564.0,573.0
202405,4886,배명고등학교 건너편,송파구,1334.0,1462.0
202405,4887,호돌이상가,송파구,1178.0,1181.0
202405,4888,둔촌오륜역 2번출구,송파구,640.0,583.0
202405,4889,마천역 1번 출구 인근②,송파구,1040.0,1024.0
202405,4891,위례포레나송파,송파구,1153.0,1110.0
202405,4892,성내유수지 체육공원,송파구,525.0,429.0
202405,4893,문정법조단지12,송파구,3016.0,3392.0
202405,4895,송파레이크힐 상가,송파구,1644.0,1627.0
202405,4896,송파레이크힐,송파구,179.0,166.0
202405,4897,잠실주공5단지1,송파구,3648.0,3659.0
202405,5751,송파여성축구장,송파구,623.0,607.0
202405,5752,풍납백제문화공원 옆 인근,송파구,3771.0,4190.0
202405,5753,호반써밋,송파구,908.0,867.0
202405,5756,극동아파트,송파구,1476.0,1436.0
202405,5758,올림픽선수기자촌아파트 123동 근처,송파구,773.0,585.0
202405,5759,풍납근린공원,송파구,1420.0,1398.0
202405,5760,풍납사거리 성내유수지,송파구,1327.0,1287.0
202405,5761,버섯분수대,송파구,1536.0,1542.0
202405,5763,세륜초등학교 건너편,송파구,531.0,415.0
202405,5764,한국체육대학교,송파구,1016.0,1018.0
202405,5765,삼전동주민센터 건너편,송파구,3491.0,3866.0
202405,5766,북위례1,송파구,428.0,300.0
202405,5767,북위례2,송파구,348.0,308.0
202405,5768,방이삼거리,송파구,7538.0,7801.0
202405,5773,송파시그니처롯데캐슬,송파구,397.0,427.0
202405,5774,가락본동주민센터 인근,송파구,2195.0,2225.0
202405,5775,가락시장역 5번출구,송파구,1200.0,1234.0
202405,5777,호반써밋12단지,송파구,787.0,728.0
202405,5778,북위례3,송파구,509.0,335.0
202405,5779,나래교,송파구,408.0,370.0
202405,5780,송파세무서,송파구,371.0,372.0
202405,5781,올림픽공원 수영장,송파구,917.0,975.0
202406,1201,가락시장역 3번 출구,송파구,2420.0,2425.0
202406,1203,밀리아나2빌딩 앞,송파구,1707.0,1717.0
202406,1204,거여역 3번출구,송파구,2322.0,2412.0
202406,1205,종합운동장역 4번출구,송파구,2128.0,2044.0
202406,1206,9호선종합운동장역 9번출구,송파구,1736.0,1690.0
202406,1207,마천중앙시장,송파구,868.0,887.0
202406,1208,풍납현대아파트쉼터,송파구,3215.0,3200.0
202406,1209,잠실나루역 (2번 출구 쪽),송파구,4371.0,4342.0
202406,1210,롯데월드타워(잠실역2번출구 쪽),송파구,14399.0,14347.0
202406,1212,송파역 2번 출구앞,송파구,1803.0,1808.0
202406,1213,백토공원 앞,송파구,449.0,451.0
202406,1214,오금역 7번 출구 인근,송파구,1618.0,1615.0
202406,1215,올림픽공원역 1번출구 앞,송파구,2456.0,2450.0
202406,1217,송파파인타운 7단지,송파구,1267.0,1273.0
202406,1218,방이역 4번출구,송파구,3963.0,3944.0
202406,1220,잠실근린공원,송파구,4072.0,4493.0
202406,1221,삼전역 4번출구,송파구,2745.0,2813.0
202406,1222,잠실새내역 5번 출구 뒤,송파구,6215.0,6289.0
202406,1224,아시아지하보도 2번 출구,송파구,2352.0,2373.0
202406,1226,잠실4동 주민센터 옆,송파구,3096.0,3070.0
202406,1227,거여역 8번출구 뒤,송파구,1991.0,2021.0
202406,1228,마천사거리,송파구,1074.0,1272.0
202406,1229,송파체육문화회관 앞,송파구,1810.0,1802.0
202406,1230,송파중학교 정문,송파구,834.0,812.0
202406,1231,잠실역 6번출구,송파구,3850.0,3960.0
202406,1232,잠실주공 521동 건너편,송파구,3904.0,3893.0
202406,1233,잠실3거리(갤러리아팰리스),송파구,1734.0,1574.0
202406,1235,잠실트리지움310동 옆,송파구,3321.0,3339.0
202406,1239,문정 법조단지3,송파구,940.0,944.0
202406,1240,문정 법조단지4,송파구,1166.0,1138.0
202406,1241,문정 법조단지5,송파구,878.0,826.0
202406,1242,문정 법조단지6,송파구,179.0,175.0
202406,1243,문정 법조단지7,송파구,3559.0,3704.0
202406,1244,문정 법조단지8,송파구,4106.0,4106.0
202406,1245,문정 법조단지9,송파구,2270.0,2253.0
202406,1246,문정 법조단지10,송파구,2634.0,2615.0
202406,1247,문정 법조단지11,송파구,1270.0,1243.0
202406,1248,방이초등학교,송파구,3484.0,3123.0
202406,1250,문정2동 주민센터,송파구,167.0,170.0
202406,1251,석촌역 2번출구,송파구,4290.0,4295.0
202406,1253,오금역 3번 출구 뒤,송파구,1011.0,1008.0
202406,1256,문정현대아파트 교차로,송파구,1018.0,1008.0
202406,1257,가락시장역 사거리,송파구,1680.0,1660.0
202406,1258,가락미륭아파트 앞,송파구,568.0,481.0
202406,1259,방이역 1번출구,송파구,2616.0,2611.0
202406,1260,방이동 한양3차아파트 옆,송파구,1931.0,1931.0
202406,1262,송파여성문화회관 앞,송파구,3748.0,3735.0
202406,1263,장지공영차고지,송파구,394.0,486.0
202406,1264,천호역 10번 출구 앞,송파구,4904.0,4902.0
202406,1266,문정동 글샘 공원,송파구,1125.0,1095.0
202406,1267,올림픽공원 남2문 앞,송파구,1631.0,1587.0
202406,1268,몽촌토성역 1번출구 옆,송파구,2743.0,2735.0
202406,1269,리센츠아파트,송파구,2407.0,2100.0
202406,1271,송파도서관,송파구,1355.0,1359.0
202406,1274,영파여고 앞,송파구,2229.0,2214.0
202406,1275,거여초등학교 옆,송파구,912.0,967.0
202406,1277,성내7교,송파구,1671.0,1743.0
202406,1278,송파구청 교차로,송파구,2619.0,2630.0
202406,1279,마천금호어울림 1차아파트 건너편,송파구,541.0,600.0
202406,1280,송파파크데일 2단지입구 앞 주차장,송파구,777.0,760.0
202406,1282,송파소방서 맞은편(성내4교),송파구,2381.0,2619.0
202406,1283,오금공원 사거리,송파구,150.0,143.0
202406,1285,위례별 유치원 뒤,송파구,577.0,553.0
202406,1286,위례중앙푸르지오 1단지 앞,송파구,1652.0,1623.0
202406,1287,위례아이파크 101동 맞은편,송파구,692.0,688.0
202406,1288,문정중교 사거리,송파구,1594.0,1415.0
202406,1289,풍납토성 서성벽터B,송파구,990.0,1060.0
202406,1290,위례송파꿈에그린아파트24단지 앞 성벽 다리 밑,송파구,1306.0,1300.0
202406,1291,서울체육고등학교 앞,송파구,2285.0,2618.0
202406,1293,석촌호수 서호 사거리,송파구,4366.0,4478.0
202406,1295,잠실역 8번출구,송파구,5603.0,5567.0
202406,1296,석촌호수교차로 (송파나루근린공원 앞),송파구,1213.0,1221.0
202406,1297,석촌호수교차로(동호 팔각정 앞),송파구,4831.0,4844.0
202406,1299,송파소방서 (방이119안전센터),송파구,859.0,768.0
202406,1300,오륜사거리,송파구,1030.0,1105.0
202406,2601,석촌호수 아뜰리에,송파구,3738.0,3714.0
202406,2603,송파 글마루 도서관,송파구,1406.0,1407.0
202406,2604,풍납토성 서성벽터A,송파구,1981.0,2075.0
202406,2605,복정역 1번 출구 앞,송파구,2229.0,2345.0
202406,2606,위례동주민센터 맞은편 근린공원,송파구,3134.0,3234.0
202406,2608,송파구청,송파구,8943.0,9100.0
202406,2609,보성중고등학교 후문 앞,송파구,340.0,323.0
202406,2611,송파지역자활센터 뒤,송파구,3831.0,4009.0
202406,2612,광평교사거리 인근,송파구,71.0,73.0
202406,2613,잠실나들목,송파구,3571.0,3643.0
202406,2614,가락고등학교 앞,송파구,606.0,581.0
202406,2615,테라타워2,송파구,3880.0,3879.0
202406,2616,거여동 사거리,송파구,576.0,577.0
202406,2617,가락삼환아파트 앞,송파구,595.0,577.0
202406,2618,삼전역 1번출구,송파구,3072.0,3156.0
202406,2619,석촌고분역 4번출구,송파구,3129.0,3285.0
202406,2620,송파나루역 4번 출구옆,송파구,7923.0,7932.0
202406,2621,한성백제역 2번 출구,송파구,4169.0,4163.0
202406,2622,올림픽공원역 3번출구,송파구,8226.0,8208.0
202406,2623,석촌동 주민센터,송파구,4613.0,4533.0
202406,2625,가락종합 사회복지관,송파구,422.0,393.0
202406,2626,"경찰병원역 1,2번 출구 사이",송파구,951.0,940.0
202406,2627,문정시영아파트 5동 앞 공원,송파구,1004.0,724.0
202406,2628,문정역 1번출구,송파구,5163.0,5217.0
202406,2630,서울방이동 고분군,송파구,2660.0,2642.0
202406,2631,배명고등학교,송파구,1240.0,1414.0
202406,2632,석촌고분역 2번 출구,송파구,4120.0,4208.0
202406,2633,송파학사 옆,송파구,1586.0,1524.0
202406,2634,위례포레샤인아파트 2318동,송파구,1099.0,1130.0
202406,2635,잠실새내역 1번출구,송파구,3655.0,3496.0
202406,2637,아시아지하보도 14번 출구,송파구,4010.0,4020.0
202406,2639,석촌역 8번출구,송파구,5173.0,5134.0
202406,2641,송파역 4번출구,송파구,4873.0,4834.0
202406,2642,마천동 성내천 쉼터,송파구,1497.0,1520.0
202406,2643,풍납중학교 측면,송파구,563.0,436.0
202406,2644,성내5교,송파구,1909.0,1966.0
202406,2645,잠실나들목2(엘스아파트136동),송파구,3254.0,3473.0
202406,2646,레이크펠리스101동앞,송파구,4855.0,4928.0
202406,2647,잠실 자전거 수리센터 앞,송파구,2449.0,2571.0
202406,2648,헬리오시티 112동 앞,송파구,1953.0,1832.0
202406,2649,오금공원사거리2,송파구,327.0,305.0
202406,2650,위례22단지 2208동 다리앞,송파구,560.0,571.0
202406,2651,경찰병원역 3번출구 앞,송파구,1865.0,1866.0
202406,2652,송파 레미니스1단지 102동 앞,송파구,1280.0,1020.0
202406,2653,올림픽공원사거리(선수촌아파트),송파구,2087.0,1961.0
202406,2654,올림픽선수촌아파트 136동 앞,송파구,1085.0,887.0
202406,2655,송이공원,송파구,912.0,750.0
202406,2656,풍납동 아이파크 107동 앞,송파구,1779.0,1767.0
202406,2657,송파 파인타운 11단지,송파구,1255.0,1247.0
202406,2658,가락몰 업무동,송파구,2067.0,2089.0
202406,2659,서울친환경유통센터,송파구,181.0,176.0
202406,4452,삼성SDS,송파구,4350.0,4572.0
202406,4453,위례중앙푸르지오 201동 앞,송파구,2610.0,2603.0
202406,4454,위례 포레샤인 1809동 부근,송파구,485.0,192.0
202406,4457,아산병원 기숙사 부근,송파구,5924.0,6825.0
202406,4458,가락2동주민센터 인근,송파구,812.0,812.0
202406,4460,올림픽훼미리아파트 112동 앞,송파구,1817.0,1847.0
202406,4461,한양3차아파트 3동 앞,송파구,374.0,353.0
202406,4462,가락중학교 앞,송파구,923.0,912.0
202406,4463,방이역 2번 출구,송파구,1134.0,1129.0
202406,4464,올림픽공원 북2문 A,송파구,2037.0,2054.0
202406,4465,건영아파트앞 사거리,송파구,2511.0,2507.0
202406,4468,가락1동주민센터,송파구,2001.0,1960.0
202406,4469,거여동 어울림아파트  102동앞,송파구,947.0,933.0
202406,4472,송파파크데일 1단지 115동 건너편,송파구,776.0,726.0
202406,4473,마천금호어울림 1차 102동앞,송파구,326.0,327.0
202406,4474,가락현대 1차 11동 앞,송파구,777.0,592.0
202406,4475,송파파인타운 4단지 403동,송파구,642.0,599.0
202406,4478,문정근린공원2,송파구,2226.0,2224.0
202406,4479,문정중학교,송파구,239.0,232.0
202406,4480,가락시장 남1문 사거리,송파구,1041.0,1027.0
202406,4481,올림픽공원 북2문 B,송파구,3429.0,3421.0
202406,4483,잠실나들목4,송파구,2449.0,2490.0
202406,4484,잠실나루역4번출구뒤,송파구,3010.0,3006.0
202406,4485,잠실나루역 고가하부,송파구,959.0,769.0
202406,4486,홈플러스 잠실점,송파구,3367.0,3371.0
202406,4488,"문현중,고등학교 사이",송파구,339.0,308.0
202406,4490,송파파인타운 10단지 1005동,송파구,476.0,453.0
202406,4491,장지역 1번출구,송파구,2276.0,2293.0
202406,4493,마천사거리 2,송파구,553.0,620.0
202406,4496,잠실 파크리오 120동 앞,송파구,2374.0,2352.0
202406,4497,아시아선수촌아파트 교차로,송파구,2495.0,2516.0
202406,4499,세양청마루 101동 앞,송파구,901.0,551.0
202406,4852,서울복합물류 게이트 1,송파구,2013.0,2037.0
202406,4854,가락시장역 2번 출구,송파구,1810.0,1807.0
202406,4855,거여5단지 503동 앞,송파구,1002.0,990.0
202406,4856,올림픽공원 서1문 앞,송파구,2124.0,2110.0
202406,4857,올림픽공원 장미광장,송파구,1123.0,1102.0
202406,4859,잠실나루 나들목,송파구,2697.0,2703.0
202406,4860,가락쌍용2차아파트 103동,송파구,1137.0,1065.0
202406,4862,성내교 남단,송파구,686.0,620.0
202406,4863,잠실나들목5,송파구,740.0,753.0
202406,4864,송파사거리,송파구,4272.0,4273.0
202406,4865,한성백제역 1번출구 뒤,송파구,4517.0,4521.0
202406,4867,가락대림아파트 앞,송파구,1249.0,1228.0
202406,4868,석촌호수 서호 남단,송파구,4348.0,4359.0
202406,4870,몽촌토성역 3번 출구,송파구,7950.0,7964.0
202406,4871,오금동 대림아파트 정문,송파구,949.0,914.0
202406,4872,개롱역 3번 출구 뒤,송파구,1541.0,1560.0
202406,4873,개롱역사거리 2번 출구,송파구,1619.0,1606.0
202406,4874,탄천1교 하부보도,송파구,1105.0,1169.0
202406,4875,위례포레샤인13단지,송파구,738.0,734.0
202406,4879,마천청소년센터,송파구,373.0,351.0
202406,4880,송파청소년센터,송파구,1229.0,1236.0
202406,4881,거여동사거리 송파둘레길 입구,송파구,244.0,241.0
202406,4882,위례포레샤인18단지 1802동,송파구,445.0,326.0
202406,4883,위례포레샤인18단지 1812동,송파구,214.0,27.0
202406,4884,H비즈니스파크,송파구,2214.0,2344.0
202406,4885,가든파이브 리빙관,송파구,606.0,606.0
202406,4886,배명고등학교 건너편,송파구,1352.0,1554.0
202406,4887,호돌이상가,송파구,1186.0,1190.0
202406,4888,둔촌오륜역 2번출구,송파구,564.0,549.0
202406,4889,마천역 1번 출구 인근②,송파구,1040.0,1008.0
202406,4891,위례포레나송파,송파구,1124.0,1093.0
202406,4892,성내유수지 체육공원,송파구,539.0,429.0
202406,4893,문정법조단지12,송파구,3022.0,3408.0
202406,4895,송파레이크힐 상가,송파구,1589.0,1607.0
202406,4896,송파레이크힐,송파구,201.0,156.0
202406,4897,잠실주공5단지1,송파구,4054.0,4096.0
202406,5751,송파여성축구장,송파구,587.0,581.0
202406,5752,풍납백제문화공원 옆 인근,송파구,3905.0,4424.0
202406,5753,호반써밋,송파구,1012.0,909.0
202406,5756,극동아파트,송파구,1509.0,1503.0
202406,5758,올림픽선수기자촌아파트 123동 근처,송파구,862.0,513.0
202406,5759,풍납근린공원,송파구,1421.0,1423.0
202406,5760,풍납사거리 성내유수지,송파구,1340.0,1332.0
202406,5761,버섯분수대,송파구,1610.0,1610.0
202406,5763,세륜초등학교 건너편,송파구,351.0,286.0
202406,5764,한국체육대학교,송파구,982.0,988.0
202406,5765,삼전동주민센터 건너편,송파구,3475.0,3866.0
202406,5766,북위례1,송파구,510.0,277.0
202406,5767,북위례2,송파구,407.0,368.0
202406,5768,방이삼거리,송파구,8055.0,8071.0
202406,5773,송파시그니처롯데캐슬,송파구,433.0,464.0
202406,5774,가락본동주민센터 인근,송파구,2259.0,2273.0
202406,5775,가락시장역 5번출구,송파구,1124.0,1135.0
202406,5777,호반써밋12단지,송파구,727.0,655.0
202406,5778,북위례3,송파구,481.0,265.0
202406,5779,나래교,송파구,417.0,391.0
202406,5780,송파세무서,송파구,329.0,329.0
202406,5781,올림픽공원 수영장,송파구,3156.0,3329.0
202407,1201,가락시장역 3번 출구,송파구,1959.0,1978.0
202407,1203,밀리아나2빌딩 앞,송파구,1341.0,1380.0
202407,1204,거여역 3번출구,송파구,1844.0,1913.0
202407,1205,종합운동장역 4번출구,송파구,1543.0,1296.0
202407,1206,9호선종합운동장역 9번출구,송파구,1429.0,1398.0
202407,1207,마천중앙시장,송파구,623.0,650.0
202407,1208,풍납현대아파트쉼터,송파구,2619.0,2587.0
202407,1209,잠실나루역 (2번 출구 쪽),송파구,3403.0,3392.0
202407,1210,롯데월드타워(잠실역2번출구 쪽),송파구,10722.0,10683.0
202407,1212,송파역 2번 출구앞,송파구,1491.0,1481.0
202407,1213,백토공원 앞,송파구,281.0,275.0
202407,1214,오금역 7번 출구 인근,송파구,1207.0,1181.0
202407,1215,올림픽공원역 1번출구 앞,송파구,1924.0,1912.0
202407,1217,송파파인타운 7단지,송파구,936.0,938.0
202407,1218,방이역 4번출구,송파구,2752.0,2739.0
202407,1220,잠실근린공원,송파구,2925.0,3128.0
202407,1221,삼전역 4번출구,송파구,1989.0,2079.0
202407,1222,잠실새내역 5번 출구 뒤,송파구,4371.0,4400.0
202407,1224,아시아지하보도 2번 출구,송파구,1923.0,1901.0
202407,1226,잠실4동 주민센터 옆,송파구,2390.0,2410.0
202407,1227,거여역 8번출구 뒤,송파구,1483.0,1473.0
202407,1228,마천사거리,송파구,797.0,986.0
202407,1229,송파체육문화회관 앞,송파구,1368.0,1361.0
202407,1230,송파중학교 정문,송파구,658.0,608.0
202407,1231,잠실역 6번출구,송파구,2752.0,2894.0
202407,1232,잠실주공 521동 건너편,송파구,2993.0,2989.0
202407,1233,잠실3거리(갤러리아팰리스),송파구,1488.0,1251.0
202407,1235,잠실트리지움310동 옆,송파구,2579.0,2654.0
202407,1239,문정 법조단지3,송파구,768.0,760.0
202407,1240,문정 법조단지4,송파구,791.0,712.0
202407,1241,문정 법조단지5,송파구,661.0,597.0
202407,1242,문정 법조단지6,송파구,129.0,113.0
202407,1243,문정 법조단지7,송파구,2516.0,2592.0
202407,1244,문정 법조단지8,송파구,2900.0,2828.0
202407,1245,문정 법조단지9,송파구,1561.0,1538.0
202407,1246,문정 법조단지10,송파구,2049.0,2016.0
202407,1247,문정 법조단지11,송파구,942.0,921.0
202407,1248,방이초등학교,송파구,2610.0,2250.0
202407,1250,문정2동 주민센터,송파구,174.0,149.0
202407,1251,석촌역 2번출구,송파구,3315.0,3302.0
202407,1253,오금역 3번 출구 뒤,송파구,729.0,673.0
202407,1256,문정현대아파트 교차로,송파구,782.0,767.0
202407,1257,가락시장역 사거리,송파구,1326.0,1342.0
202407,1258,가락미륭아파트 앞,송파구,443.0,366.0
202407,1259,방이역 1번출구,송파구,1916.0,1916.0
202407,1260,방이동 한양3차아파트 옆,송파구,1481.0,1479.0
202407,1262,송파여성문화회관 앞,송파구,2929.0,2937.0
202407,1263,장지공영차고지,송파구,327.0,396.0
202407,1264,천호역 10번 출구 앞,송파구,3615.0,3615.0
202407,1266,문정동 글샘 공원,송파구,850.0,773.0
202407,1267,올림픽공원 남2문 앞,송파구,1142.0,1089.0
202407,1268,몽촌토성역 1번출구 옆,송파구,1612.0,1607.0
202407,1269,리센츠아파트,송파구,1992.0,1674.0
202407,1271,송파도서관,송파구,1224.0,1218.0
202407,1274,영파여고 앞,송파구,1664.0,1558.0
202407,1275,거여초등학교 옆,송파구,620.0,647.0
202407,1277,성내7교,송파구,1193.0,1265.0
202407,1278,송파구청 교차로,송파구,1982.0,1977.0
202407,1279,마천금호어울림 1차아파트 건너편,송파구,433.0,424.0
202407,1280,송파파크데일 2단지입구 앞 주차장,송파구,623.0,544.0
202407,1282,송파소방서 맞은편(성내4교),송파구,1722.0,1986.0
202407,1283,오금공원 사거리,송파구,133.0,102.0
202407,1285,위례별 유치원 뒤,송파구,411.0,393.0
202407,1286,위례중앙푸르지오 1단지 앞,송파구,1150.0,1165.0
202407,1287,위례아이파크 101동 맞은편,송파구,489.0,482.0
202407,1288,문정중교 사거리,송파구,1174.0,1074.0
202407,1289,풍납토성 서성벽터B,송파구,642.0,657.0
202407,1290,위례송파꿈에그린아파트24단지 앞 성벽 다리 밑,송파구,951.0,973.0
202407,1291,서울체육고등학교 앞,송파구,1236.0,1252.0
202407,1293,석촌호수 서호 사거리,송파구,3345.0,3361.0
202407,1295,잠실역 8번출구,송파구,3918.0,3900.0
202407,1296,석촌호수교차로 (송파나루근린공원 앞),송파구,946.0,847.0
202407,1297,석촌호수교차로(동호 팔각정 앞),송파구,3668.0,3634.0
202407,1299,송파소방서 (방이119안전센터),송파구,630.0,601.0
202407,1300,오륜사거리,송파구,729.0,791.0
202407,2601,석촌호수 아뜰리에,송파구,2927.0,2923.0
202407,2603,송파 글마루 도서관,송파구,1040.0,994.0
202407,2604,풍납토성 서성벽터A,송파구,1500.0,1602.0
202407,2605,복정역 1번 출구 앞,송파구,1355.0,1508.0
202407,2606,위례동주민센터 맞은편 근린공원,송파구,2124.0,2184.0
202407,2608,송파구청,송파구,6723.0,7063.0
202407,2609,보성중고등학교 후문 앞,송파구,213.0,209.0
202407,2611,송파지역자활센터 뒤,송파구,3091.0,3393.0
202407,2612,광평교사거리 인근,송파구,51.0,52.0
202407,2613,잠실나들목,송파구,1927.0,1902.0
202407,2614,가락고등학교 앞,송파구,572.0,458.0
202407,2615,테라타워2,송파구,3096.0,3086.0
202407,2616,거여동 사거리,송파구,501.0,499.0
202407,2617,가락삼환아파트 앞,송파구,398.0,397.0
202407,2618,삼전역 1번출구,송파구,2270.0,2367.0
202407,2619,석촌고분역 4번출구,송파구,2332.0,2443.0
202407,2620,송파나루역 4번 출구옆,송파구,5855.0,6126.0
202407,2621,한성백제역 2번 출구,송파구,2730.0,2720.0
202407,2622,올림픽공원역 3번출구,송파구,4957.0,4943.0
202407,2623,석촌동 주민센터,송파구,3644.0,3565.0
202407,2625,가락종합 사회복지관,송파구,336.0,326.0
202407,2626,"경찰병원역 1,2번 출구 사이",송파구,701.0,699.0
202407,2627,문정시영아파트 5동 앞 공원,송파구,1096.0,600.0
202407,2628,문정역 1번출구,송파구,4159.0,4235.0
202407,2630,서울방이동 고분군,송파구,2255.0,2180.0
202407,2631,배명고등학교,송파구,906.0,1037.0
202407,2632,석촌고분역 2번 출구,송파구,3284.0,3437.0
202407,2633,송파학사 옆,송파구,1137.0,1061.0
202407,2634,위례포레샤인아파트 2318동,송파구,794.0,797.0
202407,2635,잠실새내역 1번출구,송파구,2788.0,2605.0
202407,2637,아시아지하보도 14번 출구,송파구,2944.0,2946.0
202407,2639,석촌역 8번출구,송파구,4168.0,4050.0
202407,2641,송파역 4번출구,송파구,3468.0,3469.0
202407,2642,마천동 성내천 쉼터,송파구,1003.0,1050.0
202407,2643,풍납중학교 측면,송파구,252.0,250.0
202407,2644,성내5교,송파구,1447.0,1593.0
202407,2645,잠실나들목2(엘스아파트136동),송파구,1797.0,1890.0
202407,2646,레이크펠리스101동앞,송파구,3632.0,3775.0
202407,2647,잠실 자전거 수리센터 앞,송파구,1773.0,1996.0
202407,2648,헬리오시티 112동 앞,송파구,1490.0,1443.0
202407,2649,오금공원사거리2,송파구,217.0,177.0
202407,2650,위례22단지 2208동 다리앞,송파구,401.0,439.0
202407,2651,경찰병원역 3번출구 앞,송파구,1471.0,1461.0
202407,2652,송파 레미니스1단지 102동 앞,송파구,949.0,768.0
202407,2653,올림픽공원사거리(선수촌아파트),송파구,1508.0,1416.0
202407,2654,올림픽선수촌아파트 136동 앞,송파구,793.0,648.0
202407,2655,송이공원,송파구,779.0,571.0
202407,2656,풍납동 아이파크 107동 앞,송파구,1266.0,1272.0
202407,2657,송파 파인타운 11단지,송파구,923.0,919.0
202407,2658,가락몰 업무동,송파구,1507.0,1516.0
202407,2659,서울친환경유통센터,송파구,145.0,147.0
202407,4452,삼성SDS,송파구,3416.0,3796.0
202407,4453,위례중앙푸르지오 201동 앞,송파구,1766.0,1733.0
202407,4454,위례 포레샤인 1809동 부근,송파구,378.0,136.0
202407,4457,아산병원 기숙사 부근,송파구,4269.0,4888.0
202407,4458,가락2동주민센터 인근,송파구,574.0,564.0
202407,4460,올림픽훼미리아파트 112동 앞,송파구,1384.0,1373.0
202407,4461,한양3차아파트 3동 앞,송파구,309.0,267.0
202407,4462,가락중학교 앞,송파구,746.0,742.0
202407,4463,방이역 2번 출구,송파구,791.0,788.0
202407,4464,올림픽공원 북2문 A,송파구,1352.0,1397.0
202407,4465,건영아파트앞 사거리,송파구,1924.0,1918.0
202407,4468,가락1동주민센터,송파구,1386.0,1417.0
202407,4469,거여동 어울림아파트  102동앞,송파구,580.0,583.0
202407,4472,송파파크데일 1단지 115동 건너편,송파구,499.0,490.0
202407,4473,마천금호어울림 1차 102동앞,송파구,226.0,224.0
202407,4474,가락현대 1차 11동 앞,송파구,632.0,452.0
202407,4475,송파파인타운 4단지 403동,송파구,490.0,460.0
202407,4478,문정근린공원2,송파구,1648.0,1645.0
202407,4479,문정중학교,송파구,196.0,174.0
202407,4480,가락시장 남1문 사거리,송파구,707.0,694.0
202407,4481,올림픽공원 북2문 B,송파구,2278.0,2330.0
202407,4483,잠실나들목4,송파구,1524.0,1589.0
202407,4484,잠실나루역4번출구뒤,송파구,2131.0,2121.0
202407,4485,잠실나루역 고가하부,송파구,862.0,643.0
202407,4486,홈플러스 잠실점,송파구,2751.0,2734.0
202407,4488,"문현중,고등학교 사이",송파구,310.0,289.0
202407,4490,송파파인타운 10단지 1005동,송파구,391.0,365.0
202407,4491,장지역 1번출구,송파구,1784.0,1769.0
202407,4493,마천사거리 2,송파구,459.0,535.0
202407,4496,잠실 파크리오 120동 앞,송파구,1927.0,1929.0
202407,4497,아시아선수촌아파트 교차로,송파구,1966.0,2045.0
202407,4499,세양청마루 101동 앞,송파구,803.0,435.0
202407,4852,서울복합물류 게이트 1,송파구,1961.0,2007.0
202407,4854,가락시장역 2번 출구,송파구,1294.0,1298.0
202407,4855,거여5단지 503동 앞,송파구,730.0,739.0
202407,4856,올림픽공원 서1문 앞,송파구,1699.0,1690.0
202407,4857,올림픽공원 장미광장,송파구,515.0,506.0
202407,4859,잠실나루 나들목,송파구,1896.0,1885.0
202407,4860,가락쌍용2차아파트 103동,송파구,714.0,707.0
202407,4862,성내교 남단,송파구,433.0,429.0
202407,4863,잠실나들목5,송파구,462.0,470.0
202407,4864,송파사거리,송파구,3214.0,3231.0
202407,4865,한성백제역 1번출구 뒤,송파구,3485.0,3464.0
202407,4867,가락대림아파트 앞,송파구,964.0,965.0
202407,4868,석촌호수 서호 남단,송파구,3683.0,3712.0
202407,4870,몽촌토성역 3번 출구,송파구,6034.0,6010.0
202407,4871,오금동 대림아파트 정문,송파구,798.0,714.0
202407,4872,개롱역 3번 출구 뒤,송파구,1154.0,1151.0
202407,4873,개롱역사거리 2번 출구,송파구,1115.0,1121.0
202407,4874,탄천1교 하부보도,송파구,797.0,847.0
202407,4875,위례포레샤인13단지,송파구,601.0,599.0
202407,4879,마천청소년센터,송파구,302.0,299.0
202407,4880,송파청소년센터,송파구,964.0,967.0
202407,4881,거여동사거리 송파둘레길 입구,송파구,163.0,164.0
202407,4882,위례포레샤인18단지 1802동,송파구,413.0,256.0
202407,4883,위례포레샤인18단지 1812동,송파구,276.0,40.0
202407,4884,H비즈니스파크,송파구,1671.0,1855.0
202407,4885,가든파이브 리빙관,송파구,394.0,398.0
202407,4886,배명고등학교 건너편,송파구,1016.0,1182.0
202407,4887,호돌이상가,송파구,950.0,971.0
202407,4888,둔촌오륜역 2번출구,송파구,828.0,753.0
202407,4889,마천역 1번 출구 인근②,송파구,909.0,868.0
202407,4891,위례포레나송파,송파구,853.0,815.0
202407,4892,성내유수지 체육공원,송파구,359.0,333.0
202407,4893,문정법조단지12,송파구,2485.0,2789.0
202407,4895,송파레이크힐 상가,송파구,1293.0,1298.0
202407,4896,송파레이크힐,송파구,143.0,116.0
202407,4897,잠실주공5단지1,송파구,3473.0,3463.0
202407,5751,송파여성축구장,송파구,435.0,440.0
202407,5752,풍납백제문화공원 옆 인근,송파구,3255.0,3517.0
202407,5753,호반써밋,송파구,652.0,651.0
202407,5756,극동아파트,송파구,1172.0,1158.0
202407,5758,올림픽선수기자촌아파트 123동 근처,송파구,708.0,468.0
202407,5759,풍납근린공원,송파구,1123.0,1112.0
202407,5760,풍납사거리 성내유수지,송파구,1054.0,1052.0
202407,5761,버섯분수대,송파구,1230.0,1236.0
202407,5763,세륜초등학교 건너편,송파구,157.0,140.0
202407,5764,한국체육대학교,송파구,610.0,608.0
202407,5765,삼전동주민센터 건너편,송파구,2706.0,3104.0
202407,5766,북위례1,송파구,365.0,185.0
202407,5767,북위례2,송파구,328.0,268.0
202407,5768,방이삼거리,송파구,6236.0,6315.0
202407,5773,송파시그니처롯데캐슬,송파구,297.0,316.0
202407,5774,가락본동주민센터 인근,송파구,1611.0,1691.0
202407,5775,가락시장역 5번출구,송파구,882.0,930.0
202407,5777,호반써밋12단지,송파구,586.0,538.0
202407,5778,북위례3,송파구,507.0,228.0
202407,5779,나래교,송파구,359.0,357.0
202407,5780,송파세무서,송파구,308.0,307.0
202407,5781,올림픽공원 수영장,송파구,3123.0,3351.0
202408,1201,가락시장역 3번 출구,송파구,1928.0,1933.0
202408,1203,밀리아나2빌딩 앞,송파구,1391.0,1386.0
202408,1204,거여역 3번출구,송파구,1782.0,1819.0
202408,1205,종합운동장역 4번출구,송파구,1633.0,1383.0
202408,1206,9호선종합운동장역 9번출구,송파구,1389.0,1382.0
202408,1207,마천중앙시장,송파구,685.0,693.0
202408,1208,풍납현대아파트쉼터,송파구,2868.0,2835.0
202408,1209,잠실나루역 (2번 출구 쪽),송파구,3404.0,3385.0
202408,1210,롯데월드타워(잠실역2번출구 쪽),송파구,10212.0,10199.0
202408,1212,송파역 2번 출구앞,송파구,1427.0,1424.0
202408,1213,백토공원 앞,송파구,284.0,268.0
202408,1214,오금역 7번 출구 인근,송파구,1111.0,1111.0
202408,1215,올림픽공원역 1번출구 앞,송파구,1974.0,1963.0
202408,1217,송파파인타운 7단지,송파구,973.0,960.0
202408,1218,방이역 4번출구,송파구,2674.0,2663.0
202408,1220,잠실근린공원,송파구,2834.0,3238.0
202408,1221,삼전역 4번출구,송파구,2091.0,2203.0
202408,1222,잠실새내역 5번 출구 뒤,송파구,4503.0,4523.0
202408,1224,아시아지하보도 2번 출구,송파구,1778.0,1758.0
202408,1226,잠실4동 주민센터 옆,송파구,2506.0,2501.0
202408,1227,거여역 8번출구 뒤,송파구,1437.0,1443.0
202408,1228,마천사거리,송파구,801.0,969.0
202408,1229,송파체육문화회관 앞,송파구,1297.0,1294.0
202408,1230,송파중학교 정문,송파구,561.0,555.0
202408,1231,잠실역 6번출구,송파구,3064.0,3205.0
202408,1232,잠실주공 521동 건너편,송파구,3214.0,3231.0
202408,1233,잠실3거리(갤러리아팰리스),송파구,1400.0,1270.0
202408,1235,잠실트리지움310동 옆,송파구,2707.0,2743.0
202408,1239,문정 법조단지3,송파구,678.0,659.0
202408,1240,문정 법조단지4,송파구,817.0,749.0
202408,1241,문정 법조단지5,송파구,638.0,573.0
202408,1242,문정 법조단지6,송파구,155.0,155.0
202408,1243,문정 법조단지7,송파구,2527.0,2567.0
202408,1244,문정 법조단지8,송파구,3254.0,3254.0
202408,1245,문정 법조단지9,송파구,1615.0,1594.0
202408,1246,문정 법조단지10,송파구,2109.0,2094.0
202408,1247,문정 법조단지11,송파구,943.0,934.0
202408,1248,방이초등학교,송파구,2623.0,2336.0
202408,1250,문정2동 주민센터,송파구,180.0,151.0
202408,1251,석촌역 2번출구,송파구,3500.0,3489.0
202408,1253,오금역 3번 출구 뒤,송파구,632.0,628.0
202408,1256,문정현대아파트 교차로,송파구,788.0,792.0
202408,1257,가락시장역 사거리,송파구,1298.0,1267.0
202408,1258,가락미륭아파트 앞,송파구,430.0,374.0
202408,1259,방이역 1번출구,송파구,1914.0,1908.0
202408,1260,방이동 한양3차아파트 옆,송파구,1482.0,1480.0
202408,1262,송파여성문화회관 앞,송파구,2896.0,2882.0
202408,1263,장지공영차고지,송파구,356.0,393.0
202408,1264,천호역 10번 출구 앞,송파구,3706.0,3705.0
202408,1266,문정동 글샘 공원,송파구,918.0,811.0
202408,1267,올림픽공원 남2문 앞,송파구,1107.0,1036.0
202408,1268,몽촌토성역 1번출구 옆,송파구,1532.0,1532.0
202408,1269,리센츠아파트,송파구,2019.0,1779.0
202408,1271,송파도서관,송파구,1231.0,1234.0
202408,1274,영파여고 앞,송파구,1588.0,1530.0
202408,1275,거여초등학교 옆,송파구,715.0,735.0
202408,1277,성내7교,송파구,1285.0,1311.0
202408,1278,송파구청 교차로,송파구,1972.0,1967.0
202408,1279,마천금호어울림 1차아파트 건너편,송파구,339.0,335.0
202408,1280,송파파크데일 2단지입구 앞 주차장,송파구,611.0,559.0
202408,1282,송파소방서 맞은편(성내4교),송파구,1649.0,1878.0
202408,1283,오금공원 사거리,송파구,164.0,114.0
202408,1285,위례별 유치원 뒤,송파구,463.0,439.0
202408,1286,위례중앙푸르지오 1단지 앞,송파구,1130.0,1117.0
202408,1287,위례아이파크 101동 맞은편,송파구,456.0,448.0
202408,1288,문정중교 사거리,송파구,982.0,950.0
202408,1289,풍납토성 서성벽터B,송파구,666.0,707.0
202408,1290,위례송파꿈에그린아파트24단지 앞 성벽 다리 밑,송파구,900.0,938.0
202408,1291,서울체육고등학교 앞,송파구,1470.0,1500.0
202408,1293,석촌호수 서호 사거리,송파구,3304.0,3385.0
202408,1295,잠실역 8번출구,송파구,3791.0,3792.0
202408,1296,석촌호수교차로 (송파나루근린공원 앞),송파구,850.0,807.0
202408,1297,석촌호수교차로(동호 팔각정 앞),송파구,3640.0,3651.0
202408,1299,송파소방서 (방이119안전센터),송파구,721.0,724.0
202408,1300,오륜사거리,송파구,738.0,753.0
202408,2601,석촌호수 아뜰리에,송파구,3103.0,3123.0
202408,2603,송파 글마루 도서관,송파구,1106.0,1075.0
202408,2604,풍납토성 서성벽터A,송파구,1701.0,1852.0
202408,2605,복정역 1번 출구 앞,송파구,1351.0,1408.0
202408,2606,위례동주민센터 맞은편 근린공원,송파구,2197.0,2231.0
202408,2608,송파구청,송파구,6639.0,6681.0
202408,2609,보성중고등학교 후문 앞,송파구,180.0,181.0
202408,2611,송파지역자활센터 뒤,송파구,3164.0,3473.0
202408,2612,광평교사거리 인근,송파구,52.0,50.0
202408,2613,잠실나들목,송파구,2316.0,2306.0
202408,2614,가락고등학교 앞,송파구,471.0,456.0
202408,2615,테라타워2,송파구,2889.0,2881.0
202408,2616,거여동 사거리,송파구,480.0,483.0
202408,2617,가락삼환아파트 앞,송파구,380.0,380.0
202408,2618,삼전역 1번출구,송파구,2294.0,2391.0
202408,2619,석촌고분역 4번출구,송파구,2382.0,2466.0
202408,2620,송파나루역 4번 출구옆,송파구,6304.0,6299.0
202408,2621,한성백제역 2번 출구,송파구,2709.0,2698.0
202408,2622,올림픽공원역 3번출구,송파구,5478.0,5466.0
202408,2623,석촌동 주민센터,송파구,3820.0,3735.0
202408,2625,가락종합 사회복지관,송파구,305.0,293.0
202408,2626,"경찰병원역 1,2번 출구 사이",송파구,631.0,633.0
202408,2627,문정시영아파트 5동 앞 공원,송파구,820.0,554.0
202408,2628,문정역 1번출구,송파구,4397.0,4376.0
202408,2630,서울방이동 고분군,송파구,2204.0,2198.0
202408,2631,배명고등학교,송파구,845.0,1036.0
202408,2632,석촌고분역 2번 출구,송파구,3284.0,3423.0
202408,2633,송파학사 옆,송파구,1115.0,1035.0
202408,2634,위례포레샤인아파트 2318동,송파구,769.0,800.0
202408,2635,잠실새내역 1번출구,송파구,2712.0,2571.0
202408,2637,아시아지하보도 14번 출구,송파구,3204.0,3197.0
202408,2639,석촌역 8번출구,송파구,4117.0,4112.0
202408,2641,송파역 4번출구,송파구,3461.0,3455.0
202408,2642,마천동 성내천 쉼터,송파구,948.0,986.0
202408,2643,풍납중학교 측면,송파구,280.0,261.0
202408,2644,성내5교,송파구,1577.0,1674.0
202408,2645,잠실나들목2(엘스아파트136동),송파구,2242.0,2267.0
202408,2646,레이크펠리스101동앞,송파구,3925.0,4001.0
202408,2647,잠실 자전거 수리센터 앞,송파구,1845.0,1896.0
202408,2648,헬리오시티 112동 앞,송파구,1378.0,1364.0
202408,2649,오금공원사거리2,송파구,237.0,170.0
202408,2650,위례22단지 2208동 다리앞,송파구,422.0,472.0
202408,2651,경찰병원역 3번출구 앞,송파구,1476.0,1475.0
202408,2652,송파 레미니스1단지 102동 앞,송파구,931.0,786.0
202408,2653,올림픽공원사거리(선수촌아파트),송파구,1643.0,1552.0
202408,2654,올림픽선수촌아파트 136동 앞,송파구,839.0,706.0
202408,2655,송이공원,송파구,545.0,455.0
202408,2656,풍납동 아이파크 107동 앞,송파구,1426.0,1425.0
202408,2657,송파 파인타운 11단지,송파구,966.0,956.0
202408,2658,가락몰 업무동,송파구,1454.0,1434.0
202408,2659,서울친환경유통센터,송파구,225.0,221.0
202408,4452,삼성SDS,송파구,3637.0,3835.0
202408,4453,위례중앙푸르지오 201동 앞,송파구,1792.0,1782.0
202408,4454,위례 포레샤인 1809동 부근,송파구,373.0,136.0
202408,4457,아산병원 기숙사 부근,송파구,4099.0,4703.0
202408,4458,가락2동주민센터 인근,송파구,617.0,614.0
202408,4460,올림픽훼미리아파트 112동 앞,송파구,1374.0,1383.0
202408,4461,한양3차아파트 3동 앞,송파구,274.0,272.0
202408,4462,가락중학교 앞,송파구,641.0,633.0
202408,4463,방이역 2번 출구,송파구,876.0,875.0
202408,4464,올림픽공원 북2문 A,송파구,1412.0,1396.0
202408,4465,건영아파트앞 사거리,송파구,2017.0,2014.0
202408,4468,가락1동주민센터,송파구,1435.0,1408.0
202408,4469,거여동 어울림아파트  102동앞,송파구,515.0,514.0
202408,4472,송파파크데일 1단지 115동 건너편,송파구,471.0,477.0
202408,4473,마천금호어울림 1차 102동앞,송파구,228.0,229.0
202408,4474,가락현대 1차 11동 앞,송파구,571.0,453.0
202408,4475,송파파인타운 4단지 403동,송파구,550.0,525.0
202408,4478,문정근린공원2,송파구,1669.0,1652.0
202408,4479,문정중학교,송파구,147.0,143.0
202408,4480,가락시장 남1문 사거리,송파구,717.0,695.0
202408,4481,올림픽공원 북2문 B,송파구,2264.0,2253.0
202408,4483,잠실나들목4,송파구,1776.0,1805.0
202408,4484,잠실나루역4번출구뒤,송파구,2239.0,2240.0
202408,4485,잠실나루역 고가하부,송파구,771.0,641.0
202408,4486,홈플러스 잠실점,송파구,2779.0,2778.0
202408,4488,"문현중,고등학교 사이",송파구,275.0,269.0
202408,4490,송파파인타운 10단지 1005동,송파구,464.0,419.0
202408,4491,장지역 1번출구,송파구,1729.0,1728.0
202408,4493,마천사거리 2,송파구,416.0,449.0
202408,4496,잠실 파크리오 120동 앞,송파구,1915.0,1914.0
202408,4497,아시아선수촌아파트 교차로,송파구,2027.0,2114.0
202408,4499,세양청마루 101동 앞,송파구,746.0,433.0
202408,4852,서울복합물류 게이트 1,송파구,2042.0,2078.0
202408,4854,가락시장역 2번 출구,송파구,1326.0,1327.0
202408,4855,거여5단지 503동 앞,송파구,829.0,807.0
202408,4856,올림픽공원 서1문 앞,송파구,1537.0,1539.0
202408,4857,올림픽공원 장미광장,송파구,603.0,580.0
202408,4859,잠실나루 나들목,송파구,1914.0,1917.0
202408,4860,가락쌍용2차아파트 103동,송파구,759.0,737.0
202408,4862,성내교 남단,송파구,517.0,444.0
202408,4863,잠실나들목5,송파구,492.0,507.0
202408,4864,송파사거리,송파구,3125.0,3144.0
202408,4865,한성백제역 1번출구 뒤,송파구,3527.0,3502.0
202408,4867,가락대림아파트 앞,송파구,896.0,891.0
202408,4868,석촌호수 서호 남단,송파구,3884.0,3887.0
202408,4870,몽촌토성역 3번 출구,송파구,6436.0,6435.0
202408,4871,오금동 대림아파트 정문,송파구,877.0,847.0
202408,4872,개롱역 3번 출구 뒤,송파구,1078.0,1083.0
202408,4873,개롱역사거리 2번 출구,송파구,1087.0,1090.0
202408,4874,탄천1교 하부보도,송파구,748.0,756.0
202408,4875,위례포레샤인13단지,송파구,534.0,530.0
202408,4879,마천청소년센터,송파구,281.0,280.0
202408,4880,송파청소년센터,송파구,1106.0,1086.0
202408,4881,거여동사거리 송파둘레길 입구,송파구,173.0,171.0
202408,4882,위례포레샤인18단지 1802동,송파구,378.0,279.0
202408,4883,위례포레샤인18단지 1812동,송파구,129.0,25.0
202408,4884,H비즈니스파크,송파구,1718.0,1835.0
202408,4885,가든파이브 리빙관,송파구,374.0,381.0
202408,4886,배명고등학교 건너편,송파구,1068.0,1232.0
202408,4887,호돌이상가,송파구,1009.0,1037.0
202408,4888,둔촌오륜역 2번출구,송파구,738.0,672.0
202408,4889,마천역 1번 출구 인근②,송파구,797.0,785.0
202408,4891,위례포레나송파,송파구,877.0,835.0
202408,4892,성내유수지 체육공원,송파구,82.0,82.0
202408,4893,문정법조단지12,송파구,2365.0,2619.0
202408,4895,송파레이크힐 상가,송파구,1339.0,1325.0
202408,4896,송파레이크힐,송파구,136.0,101.0
202408,4897,잠실주공5단지1,송파구,3688.0,3709.0
202408,5751,송파여성축구장,송파구,410.0,405.0
202408,5752,풍납백제문화공원 옆 인근,송파구,3379.0,3592.0
202408,5753,호반써밋,송파구,658.0,623.0
202408,5756,극동아파트,송파구,1242.0,1236.0
202408,5758,올림픽선수기자촌아파트 123동 근처,송파구,731.0,453.0
202408,5759,풍납근린공원,송파구,1061.0,1064.0
202408,5760,풍납사거리 성내유수지,송파구,978.0,984.0
202408,5761,버섯분수대,송파구,1201.0,1195.0
202408,5763,세륜초등학교 건너편,송파구,179.0,146.0
202408,5764,한국체육대학교,송파구,719.0,721.0
202408,5765,삼전동주민센터 건너편,송파구,2775.0,3227.0
202408,5766,북위례1,송파구,317.0,171.0
202408,5767,북위례2,송파구,259.0,228.0
202408,5768,방이삼거리,송파구,6177.0,6205.0
202408,5773,송파시그니처롯데캐슬,송파구,283.0,290.0
202408,5774,가락본동주민센터 인근,송파구,1609.0,1590.0
202408,5775,가락시장역 5번출구,송파구,963.0,953.0
202408,5777,호반써밋12단지,송파구,620.0,545.0
202408,5778,북위례3,송파구,350.0,186.0
202408,5779,나래교,송파구,327.0,302.0
202408,5780,송파세무서,송파구,270.0,270.0
202408,5781,올림픽공원 수영장,송파구,3490.0,3709.0
202409,1201,가락시장역 3번 출구,송파구,1943.0,1931.0
202409,1203,밀리아나2빌딩 앞,송파구,1330.0,1339.0
202409,1204,거여역 3번출구,송파구,1817.0,1810.0
202409,1205,종합운동장역 4번출구,송파구,1734.0,1494.0
202409,1206,9호선종합운동장역 9번출구,송파구,1512.0,1433.0
202409,1207,마천중앙시장,송파구,762.0,786.0
202409,1208,풍납현대아파트쉼터,송파구,2804.0,2805.0
202409,1209,잠실나루역 (2번 출구 쪽),송파구,3381.0,3364.0
202409,1210,롯데월드타워(잠실역2번출구 쪽),송파구,11154.0,11140.0
202409,1212,송파역 2번 출구앞,송파구,1511.0,1511.0
202409,1213,백토공원 앞,송파구,296.0,292.0
202409,1214,오금역 7번 출구 인근,송파구,1184.0,1181.0
202409,1215,올림픽공원역 1번출구 앞,송파구,2060.0,2048.0
202409,1217,송파파인타운 7단지,송파구,919.0,928.0
202409,1218,방이역 4번출구,송파구,3068.0,3042.0
202409,1220,잠실근린공원,송파구,3003.0,3344.0
202409,1221,삼전역 4번출구,송파구,2169.0,2212.0
202409,1222,잠실새내역 5번 출구 뒤,송파구,5139.0,5215.0
202409,1224,아시아지하보도 2번 출구,송파구,1990.0,1948.0
202409,1226,잠실4동 주민센터 옆,송파구,2622.0,2642.0
202409,1227,거여역 8번출구 뒤,송파구,1445.0,1447.0
202409,1228,마천사거리,송파구,1012.0,1132.0
202409,1229,송파체육문화회관 앞,송파구,1355.0,1356.0
202409,1230,송파중학교 정문,송파구,546.0,548.0
202409,1231,잠실역 6번출구,송파구,3421.0,3626.0
202409,1232,잠실주공 521동 건너편,송파구,3420.0,3436.0
202409,1233,잠실3거리(갤러리아팰리스),송파구,1432.0,1310.0
202409,1235,잠실트리지움310동 옆,송파구,2991.0,3090.0
202409,1239,문정 법조단지3,송파구,713.0,722.0
202409,1240,문정 법조단지4,송파구,897.0,799.0
202409,1241,문정 법조단지5,송파구,664.0,619.0
202409,1242,문정 법조단지6,송파구,198.0,192.0
202409,1243,문정 법조단지7,송파구,2486.0,2668.0
202409,1244,문정 법조단지8,송파구,3404.0,3388.0
202409,1245,문정 법조단지9,송파구,1772.0,1764.0
202409,1246,문정 법조단지10,송파구,2176.0,2161.0
202409,1247,문정 법조단지11,송파구,889.0,864.0
202409,1248,방이초등학교,송파구,2871.0,2411.0
202409,1250,문정2동 주민센터,송파구,150.0,131.0
202409,1251,석촌역 2번출구,송파구,3597.0,3597.0
202409,1253,오금역 3번 출구 뒤,송파구,680.0,662.0
202409,1256,문정현대아파트 교차로,송파구,740.0,730.0
202409,1257,가락시장역 사거리,송파구,1253.0,1234.0
202409,1258,가락미륭아파트 앞,송파구,457.0,406.0
202409,1259,방이역 1번출구,송파구,1993.0,1970.0
202409,1260,방이동 한양3차아파트 옆,송파구,1504.0,1502.0
202409,1262,송파여성문화회관 앞,송파구,3028.0,3026.0
202409,1263,장지공영차고지,송파구,389.0,409.0
202409,1264,천호역 10번 출구 앞,송파구,3806.0,3797.0
202409,1265,문정동 근린공원,송파구,543.0,548.0
202409,1266,문정동 글샘 공원,송파구,940.0,784.0
202409,1267,올림픽공원 남2문 앞,송파구,1412.0,1401.0
202409,1268,몽촌토성역 1번출구 옆,송파구,2987.0,2988.0
202409,1269,리센츠아파트,송파구,2126.0,1886.0
202409,1271,송파도서관,송파구,1058.0,1055.0
202409,1274,영파여고 앞,송파구,1831.0,1761.0
202409,1275,거여초등학교 옆,송파구,705.0,719.0
202409,1277,성내7교,송파구,1327.0,1331.0
202409,1278,송파구청 교차로,송파구,2373.0,2361.0
202409,1279,마천금호어울림 1차아파트 건너편,송파구,354.0,359.0
202409,1280,송파파크데일 2단지입구 앞 주차장,송파구,514.0,516.0
202409,1282,송파소방서 맞은편(성내4교),송파구,1893.0,2127.0
202409,1283,오금공원 사거리,송파구,173.0,116.0
202409,1285,위례별 유치원 뒤,송파구,474.0,444.0
202409,1286,위례중앙푸르지오 1단지 앞,송파구,1166.0,1168.0
202409,1287,위례아이파크 101동 맞은편,송파구,510.0,511.0
202409,1288,문정중교 사거리,송파구,1174.0,1069.0
202409,1289,풍납토성 서성벽터B,송파구,829.0,887.0
202409,1290,위례송파꿈에그린아파트24단지 앞 성벽 다리 밑,송파구,978.0,965.0
202409,1291,서울체육고등학교 앞,송파구,2181.0,2394.0
202409,1293,석촌호수 서호 사거리,송파구,3501.0,3522.0
202409,1295,잠실역 8번출구,송파구,4626.0,4600.0
202409,1296,석촌호수교차로 (송파나루근린공원 앞),송파구,1037.0,959.0
202409,1297,석촌호수교차로(동호 팔각정 앞),송파구,4225.0,4209.0
202409,1299,송파소방서 (방이119안전센터),송파구,721.0,696.0
202409,1300,오륜사거리,송파구,789.0,854.0
202409,2601,석촌호수 아뜰리에,송파구,3142.0,3188.0
202409,2603,송파 글마루 도서관,송파구,1061.0,1058.0
202409,2604,풍납토성 서성벽터A,송파구,1672.0,1740.0
202409,2605,복정역 1번 출구 앞,송파구,1636.0,1643.0
202409,2606,위례동주민센터 맞은편 근린공원,송파구,2372.0,2364.0
202409,2608,송파구청,송파구,6740.0,6964.0
202409,2609,보성중고등학교 후문 앞,송파구,288.0,285.0
202409,2611,송파지역자활센터 뒤,송파구,3121.0,3417.0
202409,2612,광평교사거리 인근,송파구,79.0,77.0
202409,2613,잠실나들목,송파구,3432.0,3527.0
202409,2614,가락고등학교 앞,송파구,464.0,399.0
202409,2615,테라타워2,송파구,2866.0,2858.0
202409,2616,거여동 사거리,송파구,567.0,553.0
202409,2617,가락삼환아파트 앞,송파구,390.0,390.0
202409,2618,삼전역 1번출구,송파구,2180.0,2292.0
202409,2619,석촌고분역 4번출구,송파구,2383.0,2521.0
202409,2620,송파나루역 4번 출구옆,송파구,6438.0,6496.0
202409,2621,한성백제역 2번 출구,송파구,3846.0,3877.0
202409,2622,올림픽공원역 3번출구,송파구,7197.0,7172.0
202409,2623,석촌동 주민센터,송파구,3679.0,3682.0
202409,2625,가락종합 사회복지관,송파구,292.0,295.0
202409,2626,"경찰병원역 1,2번 출구 사이",송파구,735.0,724.0
202409,2627,문정시영아파트 5동 앞 공원,송파구,1033.0,637.0
202409,2628,문정역 1번출구,송파구,4029.0,4048.0
202409,2630,서울방이동 고분군,송파구,2203.0,2183.0
202409,2631,배명고등학교,송파구,900.0,1041.0
202409,2632,석촌고분역 2번 출구,송파구,3247.0,3341.0
202409,2633,송파학사 옆,송파구,1226.0,1182.0
202409,2634,위례포레샤인아파트 2318동,송파구,951.0,936.0
202409,2635,잠실새내역 1번출구,송파구,3097.0,2898.0
202409,2637,아시아지하보도 14번 출구,송파구,3259.0,3287.0
202409,2639,석촌역 8번출구,송파구,4355.0,4251.0
202409,2641,송파역 4번출구,송파구,3929.0,3910.0
202409,2642,마천동 성내천 쉼터,송파구,1085.0,1105.0
202409,2643,풍납중학교 측면,송파구,414.0,394.0
202409,2644,성내5교,송파구,1733.0,1825.0
202409,2645,잠실나들목2(엘스아파트136동),송파구,3010.0,3152.0
202409,2646,레이크펠리스101동앞,송파구,4127.0,4239.0
202409,2647,잠실 자전거 수리센터 앞,송파구,1823.0,1864.0
202409,2648,헬리오시티 112동 앞,송파구,1644.0,1635.0
202409,2649,오금공원사거리2,송파구,230.0,178.0
202409,2650,위례22단지 2208동 다리앞,송파구,477.0,479.0
202409,2651,경찰병원역 3번출구 앞,송파구,1528.0,1522.0
202409,2652,송파 레미니스1단지 102동 앞,송파구,949.0,860.0
202409,2653,올림픽공원사거리(선수촌아파트),송파구,1616.0,1539.0
202409,2654,올림픽선수촌아파트 136동 앞,송파구,873.0,713.0
202409,2655,송이공원,송파구,579.0,526.0
202409,2656,풍납동 아이파크 107동 앞,송파구,1424.0,1398.0
202409,2657,송파 파인타운 11단지,송파구,1007.0,982.0
202409,2658,가락몰 업무동,송파구,1722.0,1748.0
202409,2659,서울친환경유통센터,송파구,232.0,232.0
202409,4452,삼성SDS,송파구,3675.0,3897.0
202409,4453,위례중앙푸르지오 201동 앞,송파구,1845.0,1851.0
202409,4454,위례 포레샤인 1809동 부근,송파구,369.0,169.0
202409,4457,아산병원 기숙사 부근,송파구,4406.0,5029.0
202409,4458,가락2동주민센터 인근,송파구,621.0,617.0
202409,4460,올림픽훼미리아파트 112동 앞,송파구,1324.0,1349.0
202409,4461,한양3차아파트 3동 앞,송파구,305.0,304.0
202409,4462,가락중학교 앞,송파구,621.0,612.0
202409,4463,방이역 2번 출구,송파구,907.0,902.0
202409,4464,올림픽공원 북2문 A,송파구,1825.0,1817.0
202409,4465,건영아파트앞 사거리,송파구,1979.0,1998.0
202409,4468,가락1동주민센터,송파구,1494.0,1559.0
202409,4469,거여동 어울림아파트  102동앞,송파구,510.0,511.0
202409,4472,송파파크데일 1단지 115동 건너편,송파구,516.0,508.0
202409,4473,마천금호어울림 1차 102동앞,송파구,269.0,270.0
202409,4474,가락현대 1차 11동 앞,송파구,602.0,445.0
202409,4475,송파파인타운 4단지 403동,송파구,448.0,443.0
202409,4478,문정근린공원2,송파구,1470.0,1464.0
202409,4479,문정중학교,송파구,152.0,131.0
202409,4480,가락시장 남1문 사거리,송파구,817.0,797.0
202409,4481,올림픽공원 북2문 B,송파구,2891.0,2932.0
202409,4483,잠실나들목4,송파구,2655.0,2889.0
202409,4484,잠실나루역4번출구뒤,송파구,2633.0,2627.0
202409,4485,잠실나루역 고가하부,송파구,750.0,626.0
202409,4486,홈플러스 잠실점,송파구,2899.0,2882.0
202409,4488,"문현중,고등학교 사이",송파구,269.0,273.0
202409,4490,송파파인타운 10단지 1005동,송파구,417.0,391.0
202409,4491,장지역 1번출구,송파구,1760.0,1775.0
202409,4493,마천사거리 2,송파구,428.0,447.0
202409,4496,잠실 파크리오 120동 앞,송파구,1888.0,1885.0
202409,4497,아시아선수촌아파트 교차로,송파구,2106.0,2184.0
202409,4499,세양청마루 101동 앞,송파구,733.0,399.0
202409,4852,서울복합물류 게이트 1,송파구,1917.0,1954.0
202409,4854,가락시장역 2번 출구,송파구,1513.0,1525.0
202409,4855,거여5단지 503동 앞,송파구,898.0,912.0
202409,4856,올림픽공원 서1문 앞,송파구,1902.0,1896.0
202409,4857,올림픽공원 장미광장,송파구,864.0,861.0
202409,4859,잠실나루 나들목,송파구,2553.0,2564.0
202409,4860,가락쌍용2차아파트 103동,송파구,870.0,825.0
202409,4862,성내교 남단,송파구,600.0,547.0
202409,4863,잠실나들목5,송파구,626.0,623.0
202409,4864,송파사거리,송파구,3342.0,3335.0
202409,4865,한성백제역 1번출구 뒤,송파구,3590.0,3618.0
202409,4867,가락대림아파트 앞,송파구,1004.0,992.0
202409,4868,석촌호수 서호 남단,송파구,3696.0,3707.0
202409,4870,몽촌토성역 3번 출구,송파구,6923.0,6885.0
202409,4871,오금동 대림아파트 정문,송파구,1015.0,888.0
202409,4872,개롱역 3번 출구 뒤,송파구,1147.0,1156.0
202409,4873,개롱역사거리 2번 출구,송파구,1210.0,1192.0
202409,4874,탄천1교 하부보도,송파구,714.0,757.0
202409,4875,위례포레샤인13단지,송파구,548.0,551.0
202409,4879,마천청소년센터,송파구,273.0,273.0
202409,4880,송파청소년센터,송파구,1121.0,1150.0
202409,4881,거여동사거리 송파둘레길 입구,송파구,225.0,223.0
202409,4882,위례포레샤인18단지 1802동,송파구,307.0,243.0
202409,4883,위례포레샤인18단지 1812동,송파구,247.0,33.0
202409,4884,H비즈니스파크,송파구,1760.0,1942.0
202409,4885,가든파이브 리빙관,송파구,384.0,398.0
202409,4886,배명고등학교 건너편,송파구,1145.0,1314.0
202409,4887,호돌이상가,송파구,953.0,943.0
202409,4888,둔촌오륜역 2번출구,송파구,595.0,566.0
202409,4889,마천역 1번 출구 인근②,송파구,807.0,802.0
202409,4891,위례포레나송파,송파구,806.0,796.0
202409,4892,성내유수지 체육공원,송파구,177.0,163.0
202409,4893,문정법조단지12,송파구,2426.0,2812.0
202409,4895,송파레이크힐 상가,송파구,1318.0,1320.0
202409,4896,송파레이크힐,송파구,124.0,117.0
202409,4897,잠실주공5단지1,송파구,3448.0,3618.0
202409,5751,송파여성축구장,송파구,553.0,549.0
202409,5752,풍납백제문화공원 옆 인근,송파구,3395.0,3642.0
202409,5753,호반써밋,송파구,667.0,641.0
202409,5756,극동아파트,송파구,1174.0,1171.0
202409,5758,올림픽선수기자촌아파트 123동 근처,송파구,891.0,573.0
202409,5759,풍납근린공원,송파구,1076.0,1038.0
202409,5760,풍납사거리 성내유수지,송파구,1183.0,1188.0
202409,5761,버섯분수대,송파구,1395.0,1395.0
202409,5763,세륜초등학교 건너편,송파구,313.0,253.0
202409,5764,한국체육대학교,송파구,1131.0,1132.0
202409,5765,삼전동주민센터 건너편,송파구,2835.0,3268.0
202409,5766,북위례1,송파구,282.0,174.0
202409,5767,북위례2,송파구,274.0,235.0
202409,5768,방이삼거리,송파구,6762.0,6813.0
202409,5773,송파시그니처롯데캐슬,송파구,332.0,338.0
202409,5774,가락본동주민센터 인근,송파구,1565.0,1564.0
202409,5775,가락시장역 5번출구,송파구,942.0,942.0
202409,5777,호반써밋12단지,송파구,567.0,532.0
202409,5778,북위례3,송파구,459.0,265.0
202409,5779,나래교,송파구,302.0,290.0
202409,5780,송파세무서,송파구,240.0,239.0
202409,5781,올림픽공원 수영장,송파구,3551.0,3712.0
202410,1201,가락시장역 3번 출구,송파구,2301.0,2305.0
202410,1203,밀리아나2빌딩 앞,송파구,1512.0,1520.0
202410,1204,거여역 3번출구,송파구,2107.0,2168.0
202410,1205,종합운동장역 4번출구,송파구,1904.0,1504.0
202410,1206,9호선종합운동장역 9번출구,송파구,1743.0,1686.0
202410,1207,마천중앙시장,송파구,852.0,869.0
202410,1208,풍납현대아파트쉼터,송파구,3083.0,3070.0
202410,1209,잠실나루역 (2번 출구 쪽),송파구,4008.0,3945.0
202410,1210,롯데월드타워(잠실역2번출구 쪽),송파구,13238.0,13196.0
202410,1212,송파역 2번 출구앞,송파구,1740.0,1730.0
202410,1213,백토공원 앞,송파구,358.0,359.0
202410,1214,오금역 7번 출구 인근,송파구,1253.0,1238.0
202410,1215,올림픽공원역 1번출구 앞,송파구,2418.0,2418.0
202410,1217,송파파인타운 7단지,송파구,1073.0,1057.0
202410,1218,방이역 4번출구,송파구,3566.0,3539.0
202410,1220,잠실근린공원,송파구,3481.0,3819.0
202410,1221,삼전역 4번출구,송파구,2403.0,2458.0
202410,1222,잠실새내역 5번 출구 뒤,송파구,5658.0,5801.0
202410,1224,아시아지하보도 2번 출구,송파구,2273.0,2186.0
202410,1226,잠실4동 주민센터 옆,송파구,2858.0,2859.0
202410,1227,거여역 8번출구 뒤,송파구,1653.0,1656.0
202410,1228,마천사거리,송파구,1140.0,1288.0
202410,1229,송파체육문화회관 앞,송파구,1518.0,1514.0
202410,1230,송파중학교 정문,송파구,642.0,619.0
202410,1231,잠실역 6번출구,송파구,3973.0,4112.0
202410,1232,잠실주공 521동 건너편,송파구,3806.0,3867.0
202410,1233,잠실3거리(갤러리아팰리스),송파구,1694.0,1497.0
202410,1235,잠실트리지움310동 옆,송파구,3363.0,3418.0
202410,1239,문정 법조단지3,송파구,824.0,826.0
202410,1240,문정 법조단지4,송파구,1091.0,980.0
202410,1241,문정 법조단지5,송파구,781.0,702.0
202410,1242,문정 법조단지6,송파구,225.0,210.0
202410,1243,문정 법조단지7,송파구,2966.0,3106.0
202410,1244,문정 법조단지8,송파구,3621.0,3592.0
202410,1245,문정 법조단지9,송파구,2031.0,1978.0
202410,1246,문정 법조단지10,송파구,2483.0,2503.0
202410,1247,문정 법조단지11,송파구,1148.0,1097.0
202410,1248,방이초등학교,송파구,3035.0,2628.0
202410,1250,문정2동 주민센터,송파구,219.0,163.0
202410,1251,석촌역 2번출구,송파구,4053.0,4041.0
202410,1253,오금역 3번 출구 뒤,송파구,812.0,817.0
202410,1256,문정현대아파트 교차로,송파구,808.0,798.0
202410,1257,가락시장역 사거리,송파구,1489.0,1478.0
202410,1258,가락미륭아파트 앞,송파구,501.0,452.0
202410,1259,방이역 1번출구,송파구,2430.0,2424.0
202410,1260,방이동 한양3차아파트 옆,송파구,1717.0,1711.0
202410,1262,송파여성문화회관 앞,송파구,3342.0,3350.0
202410,1263,장지공영차고지,송파구,435.0,436.0
202410,1264,천호역 10번 출구 앞,송파구,4407.0,4393.0
202410,1265,문정동 근린공원,송파구,1250.0,1242.0
202410,1266,문정동 글샘 공원,송파구,985.0,919.0
202410,1267,올림픽공원 남2문 앞,송파구,1700.0,1675.0
202410,1268,몽촌토성역 1번출구 옆,송파구,3392.0,3398.0
202410,1269,리센츠아파트,송파구,2388.0,2110.0
202410,1271,송파도서관,송파구,986.0,980.0
202410,1274,영파여고 앞,송파구,1902.0,1873.0
202410,1275,거여초등학교 옆,송파구,736.0,764.0
202410,1277,성내7교,송파구,1471.0,1524.0
202410,1278,송파구청 교차로,송파구,2717.0,2711.0
202410,1279,마천금호어울림 1차아파트 건너편,송파구,396.0,387.0
202410,1280,송파파크데일 2단지입구 앞 주차장,송파구,592.0,572.0
202410,1282,송파소방서 맞은편(성내4교),송파구,2188.0,2423.0
202410,1283,오금공원 사거리,송파구,208.0,152.0
202410,1285,위례별 유치원 뒤,송파구,494.0,482.0
202410,1286,위례중앙푸르지오 1단지 앞,송파구,1378.0,1361.0
202410,1287,위례아이파크 101동 맞은편,송파구,624.0,616.0
202410,1288,문정중교 사거리,송파구,1479.0,1414.0
202410,1289,풍납토성 서성벽터B,송파구,852.0,863.0
202410,1290,위례송파꿈에그린아파트24단지 앞 성벽 다리 밑,송파구,1100.0,1153.0
202410,1291,서울체육고등학교 앞,송파구,2579.0,2850.0
202410,1293,석촌호수 서호 사거리,송파구,3896.0,3941.0
202410,1295,잠실역 8번출구,송파구,5235.0,5210.0
202410,1296,석촌호수교차로 (송파나루근린공원 앞),송파구,1011.0,1010.0
202410,1297,석촌호수교차로(동호 팔각정 앞),송파구,4639.0,4633.0
202410,1299,송파소방서 (방이119안전센터),송파구,742.0,700.0
202410,1300,오륜사거리,송파구,966.0,1113.0
202410,2601,석촌호수 아뜰리에,송파구,3458.0,3461.0
202410,2603,송파 글마루 도서관,송파구,1141.0,1095.0
202410,2604,풍납토성 서성벽터A,송파구,1809.0,1968.0
202410,2605,복정역 1번 출구 앞,송파구,2088.0,2146.0
202410,2606,위례동주민센터 맞은편 근린공원,송파구,2648.0,2761.0
202410,2608,송파구청,송파구,8384.0,8503.0
202410,2609,보성중고등학교 후문 앞,송파구,315.0,304.0
202410,2611,송파지역자활센터 뒤,송파구,3374.0,3617.0
202410,2612,광평교사거리 인근,송파구,79.0,78.0
202410,2613,잠실나들목,송파구,3438.0,3637.0
202410,2614,가락고등학교 앞,송파구,474.0,432.0
202410,2615,테라타워2,송파구,3564.0,3553.0
202410,2616,거여동 사거리,송파구,558.0,566.0
202410,2617,가락삼환아파트 앞,송파구,478.0,451.0
202410,2618,삼전역 1번출구,송파구,2690.0,2825.0
202410,2619,석촌고분역 4번출구,송파구,2820.0,2957.0
202410,2620,송파나루역 4번 출구옆,송파구,7191.0,7384.0
202410,2621,한성백제역 2번 출구,송파구,4043.0,4034.0
202410,2622,올림픽공원역 3번출구,송파구,7182.0,7174.0
202410,2623,석촌동 주민센터,송파구,4097.0,4084.0
202410,2625,가락종합 사회복지관,송파구,374.0,371.0
202410,2626,"경찰병원역 1,2번 출구 사이",송파구,805.0,794.0
202410,2627,문정시영아파트 5동 앞 공원,송파구,1225.0,797.0
202410,2628,문정역 1번출구,송파구,4505.0,4523.0
202410,2630,서울방이동 고분군,송파구,2513.0,2468.0
202410,2631,배명고등학교,송파구,1023.0,1123.0
202410,2632,석촌고분역 2번 출구,송파구,3542.0,3723.0
202410,2633,송파학사 옆,송파구,1524.0,1407.0
202410,2634,위례포레샤인아파트 2318동,송파구,899.0,946.0
202410,2635,잠실새내역 1번출구,송파구,3490.0,3306.0
202410,2637,아시아지하보도 14번 출구,송파구,3576.0,3574.0
202410,2639,석촌역 8번출구,송파구,5012.0,4942.0
202410,2641,송파역 4번출구,송파구,4506.0,4500.0
202410,2642,마천동 성내천 쉼터,송파구,1208.0,1226.0
202410,2643,풍납중학교 측면,송파구,403.0,363.0
202410,2644,성내5교,송파구,1763.0,1809.0
202410,2645,잠실나들목2(엘스아파트136동),송파구,3295.0,3460.0
202410,2646,레이크펠리스101동앞,송파구,4452.0,4647.0
202410,2647,잠실 자전거 수리센터 앞,송파구,2048.0,2147.0
202410,2648,헬리오시티 112동 앞,송파구,1851.0,1806.0
202410,2649,오금공원사거리2,송파구,278.0,231.0
202410,2650,위례22단지 2208동 다리앞,송파구,579.0,586.0
202410,2651,경찰병원역 3번출구 앞,송파구,1702.0,1685.0
202410,2652,송파 레미니스1단지 102동 앞,송파구,1208.0,1016.0
202410,2653,올림픽공원사거리(선수촌아파트),송파구,1775.0,1677.0
202410,2654,올림픽선수촌아파트 136동 앞,송파구,1059.0,853.0
202410,2655,송이공원,송파구,665.0,613.0
202410,2656,풍납동 아이파크 107동 앞,송파구,1592.0,1597.0
202410,2657,송파 파인타운 11단지,송파구,1169.0,1133.0
202410,2658,가락몰 업무동,송파구,2073.0,2101.0
202410,2659,서울친환경유통센터,송파구,282.0,285.0
202410,4452,삼성SDS,송파구,4475.0,4565.0
202410,4453,위례중앙푸르지오 201동 앞,송파구,2223.0,2218.0
202410,4454,위례 포레샤인 1809동 부근,송파구,497.0,205.0
202410,4457,아산병원 기숙사 부근,송파구,5829.0,6061.0
202410,4458,가락2동주민센터 인근,송파구,705.0,699.0
202410,4460,올림픽훼미리아파트 112동 앞,송파구,1560.0,1591.0
202410,4461,한양3차아파트 3동 앞,송파구,409.0,414.0
202410,4462,가락중학교 앞,송파구,656.0,653.0
202410,4463,방이역 2번 출구,송파구,958.0,962.0
202410,4464,올림픽공원 북2문 A,송파구,1735.0,1761.0
202410,4465,건영아파트앞 사거리,송파구,2219.0,2221.0
202410,4468,가락1동주민센터,송파구,1911.0,1976.0
202410,4469,거여동 어울림아파트  102동앞,송파구,645.0,638.0
202410,4472,송파파크데일 1단지 115동 건너편,송파구,583.0,567.0
202410,4473,마천금호어울림 1차 102동앞,송파구,289.0,288.0
202410,4474,가락현대 1차 11동 앞,송파구,738.0,526.0
202410,4475,송파파인타운 4단지 403동,송파구,625.0,631.0
202410,4478,문정근린공원2,송파구,1413.0,1418.0
202410,4479,문정중학교,송파구,198.0,185.0
202410,4480,가락시장 남1문 사거리,송파구,962.0,957.0
202410,4481,올림픽공원 북2문 B,송파구,3054.0,3038.0
202410,4483,잠실나들목4,송파구,2562.0,2772.0
202410,4484,잠실나루역4번출구뒤,송파구,2970.0,2976.0
202410,4485,잠실나루역 고가하부,송파구,834.0,691.0
202410,4486,홈플러스 잠실점,송파구,3182.0,3173.0
202410,4488,"문현중,고등학교 사이",송파구,348.0,338.0
202410,4490,송파파인타운 10단지 1005동,송파구,459.0,435.0
202410,4491,장지역 1번출구,송파구,1996.0,2051.0
202410,4493,마천사거리 2,송파구,479.0,468.0
202410,4496,잠실 파크리오 120동 앞,송파구,1905.0,1884.0
202410,4497,아시아선수촌아파트 교차로,송파구,2324.0,2395.0
202410,4499,세양청마루 101동 앞,송파구,810.0,453.0
202410,4852,서울복합물류 게이트 1,송파구,2144.0,2271.0
202410,4854,가락시장역 2번 출구,송파구,1932.0,1935.0
202410,4855,거여5단지 503동 앞,송파구,842.0,839.0
202410,4856,올림픽공원 서1문 앞,송파구,2154.0,2187.0
202410,4857,올림픽공원 장미광장,송파구,1105.0,1109.0
202410,4859,잠실나루 나들목,송파구,2522.0,2518.0
202410,4860,가락쌍용2차아파트 103동,송파구,986.0,939.0
202410,4862,성내교 남단,송파구,570.0,548.0
202410,4863,잠실나들목5,송파구,622.0,654.0
202410,4864,송파사거리,송파구,4021.0,4041.0
202410,4865,한성백제역 1번출구 뒤,송파구,4109.0,4118.0
202410,4867,가락대림아파트 앞,송파구,1179.0,1158.0
202410,4868,석촌호수 서호 남단,송파구,4052.0,4065.0
202410,4870,몽촌토성역 3번 출구,송파구,7295.0,7236.0
202410,4871,오금동 대림아파트 정문,송파구,1003.0,918.0
202410,4872,개롱역 3번 출구 뒤,송파구,1334.0,1338.0
202410,4873,개롱역사거리 2번 출구,송파구,1356.0,1354.0
202410,4874,탄천1교 하부보도,송파구,884.0,987.0
202410,4875,위례포레샤인13단지,송파구,601.0,591.0
202410,4879,마천청소년센터,송파구,268.0,267.0
202410,4880,송파청소년센터,송파구,1297.0,1265.0
202410,4881,거여동사거리 송파둘레길 입구,송파구,285.0,288.0
202410,4882,위례포레샤인18단지 1802동,송파구,375.0,321.0
202410,4883,위례포레샤인18단지 1812동,송파구,241.0,39.0
202410,4884,H비즈니스파크,송파구,2059.0,2364.0
202410,4885,가든파이브 리빙관,송파구,518.0,542.0
202410,4886,배명고등학교 건너편,송파구,1344.0,1372.0
202410,4887,호돌이상가,송파구,946.0,945.0
202410,4888,둔촌오륜역 2번출구,송파구,535.0,466.0
202410,4889,마천역 1번 출구 인근②,송파구,866.0,846.0
202410,4891,위례포레나송파,송파구,1005.0,961.0
202410,4892,성내유수지 체육공원,송파구,335.0,295.0
202410,4893,문정법조단지12,송파구,2812.0,3432.0
202410,4895,송파레이크힐 상가,송파구,1438.0,1437.0
202410,4896,송파레이크힐,송파구,190.0,162.0
202410,4897,잠실주공5단지1,송파구,3712.0,3850.0
202410,5751,송파여성축구장,송파구,653.0,654.0
202410,5752,풍납백제문화공원 옆 인근,송파구,3561.0,3761.0
202410,5753,호반써밋,송파구,753.0,704.0
202410,5756,극동아파트,송파구,1377.0,1374.0
202410,5758,올림픽선수기자촌아파트 123동 근처,송파구,804.0,554.0
202410,5759,풍납근린공원,송파구,1320.0,1328.0
202410,5760,풍납사거리 성내유수지,송파구,1310.0,1296.0
202410,5761,버섯분수대,송파구,1447.0,1454.0
202410,5763,세륜초등학교 건너편,송파구,288.0,270.0
202410,5764,한국체육대학교,송파구,1060.0,1061.0
202410,5765,삼전동주민센터 건너편,송파구,3050.0,3455.0
202410,5766,북위례1,송파구,524.0,255.0
202410,5767,북위례2,송파구,401.0,325.0
202410,5768,방이삼거리,송파구,7482.0,7664.0
202410,5773,송파시그니처롯데캐슬,송파구,428.0,441.0
202410,5774,가락본동주민센터 인근,송파구,1794.0,1802.0
202410,5775,가락시장역 5번출구,송파구,1119.0,1119.0
202410,5777,호반써밋12단지,송파구,661.0,600.0
202410,5778,북위례3,송파구,548.0,288.0
202410,5779,나래교,송파구,355.0,312.0
202410,5780,송파세무서,송파구,332.0,333.0
202410,5781,올림픽공원 수영장,송파구,1087.0,1066.0
202410,5782,오금현대 아파트 상가입구 앞,송파구,532.0,530.0
202411,1201,가락시장역 3번 출구,송파구,1770.0,1779.0
202411,1203,밀리아나2빌딩 앞,송파구,1158.0,1150.0
202411,1204,거여역 3번출구,송파구,1605.0,1615.0
202411,1205,종합운동장역 4번출구,송파구,1159.0,939.0
202411,1206,9호선종합운동장역 9번출구,송파구,1407.0,1375.0
202411,1207,마천중앙시장,송파구,599.0,610.0
202411,1208,풍납현대아파트쉼터,송파구,2499.0,2499.0
202411,1209,잠실나루역 (2번 출구 쪽),송파구,3400.0,3357.0
202411,1210,롯데월드타워(잠실역2번출구 쪽),송파구,10297.0,10252.0
202411,1212,송파역 2번 출구앞,송파구,1313.0,1338.0
202411,1213,백토공원 앞,송파구,351.0,352.0
202411,1214,오금역 7번 출구 인근,송파구,865.0,823.0
202411,1215,올림픽공원역 1번출구 앞,송파구,2044.0,2038.0
202411,1217,송파파인타운 7단지,송파구,786.0,785.0
202411,1218,방이역 4번출구,송파구,2693.0,2647.0
202411,1220,잠실근린공원,송파구,2642.0,2936.0
202411,1221,삼전역 4번출구,송파구,1744.0,1787.0
202411,1222,잠실새내역 5번 출구 뒤,송파구,3862.0,4022.0
202411,1224,아시아지하보도 2번 출구,송파구,1601.0,1610.0
202411,1226,잠실4동 주민센터 옆,송파구,2397.0,2433.0
202411,1227,거여역 8번출구 뒤,송파구,1258.0,1259.0
202411,1228,마천사거리,송파구,814.0,919.0
202411,1229,송파체육문화회관 앞,송파구,1221.0,1222.0
202411,1230,송파중학교 정문,송파구,531.0,497.0
202411,1231,잠실역 6번출구,송파구,2947.0,3200.0
202411,1232,잠실주공 521동 건너편,송파구,2994.0,3045.0
202411,1233,잠실3거리(갤러리아팰리스),송파구,1310.0,1117.0
202411,1235,잠실트리지움310동 옆,송파구,2452.0,2559.0
202411,1239,문정 법조단지3,송파구,647.0,642.0
202411,1240,문정 법조단지4,송파구,781.0,719.0
202411,1241,문정 법조단지5,송파구,543.0,524.0
202411,1242,문정 법조단지6,송파구,142.0,147.0
202411,1243,문정 법조단지7,송파구,2199.0,2248.0
202411,1244,문정 법조단지8,송파구,2617.0,2569.0
202411,1245,문정 법조단지9,송파구,1391.0,1396.0
202411,1246,문정 법조단지10,송파구,1968.0,1975.0
202411,1247,문정 법조단지11,송파구,835.0,819.0
202411,1248,방이초등학교,송파구,2578.0,2291.0
202411,1250,문정2동 주민센터,송파구,166.0,146.0
202411,1251,석촌역 2번출구,송파구,3108.0,3092.0
202411,1253,오금역 3번 출구 뒤,송파구,666.0,637.0
202411,1256,문정현대아파트 교차로,송파구,609.0,593.0
202411,1257,가락시장역 사거리,송파구,1216.0,1239.0
202411,1258,가락미륭아파트 앞,송파구,382.0,309.0
202411,1259,방이역 1번출구,송파구,1835.0,1849.0
202411,1260,방이동 한양3차아파트 옆,송파구,1338.0,1331.0
202411,1262,송파여성문화회관 앞,송파구,2554.0,2578.0
202411,1263,장지공영차고지,송파구,303.0,293.0
202411,1264,천호역 10번 출구 앞,송파구,3352.0,3348.0
202411,1265,문정동 근린공원,송파구,1014.0,1025.0
202411,1266,문정동 글샘 공원,송파구,694.0,609.0
202411,1267,올림픽공원 남2문 앞,송파구,1249.0,1224.0
202411,1268,몽촌토성역 1번출구 옆,송파구,2012.0,1993.0
202411,1269,리센츠아파트,송파구,1687.0,1505.0
202411,1271,송파도서관,송파구,909.0,907.0
202411,1274,영파여고 앞,송파구,1540.0,1465.0
202411,1275,거여초등학교 옆,송파구,552.0,587.0
202411,1277,성내7교,송파구,1109.0,1152.0
202411,1278,송파구청 교차로,송파구,2046.0,2046.0
202411,1279,마천금호어울림 1차아파트 건너편,송파구,262.0,262.0
202411,1280,송파파크데일 2단지입구 앞 주차장,송파구,441.0,422.0
202411,1282,송파소방서 맞은편(성내4교),송파구,1694.0,1790.0
202411,1283,오금공원 사거리,송파구,161.0,117.0
202411,1285,위례별 유치원 뒤,송파구,411.0,398.0
202411,1286,위례중앙푸르지오 1단지 앞,송파구,1144.0,1104.0
202411,1287,위례아이파크 101동 맞은편,송파구,437.0,430.0
202411,1288,문정중교 사거리,송파구,1214.0,1117.0
202411,1289,풍납토성 서성벽터B,송파구,611.0,656.0
202411,1290,위례송파꿈에그린아파트24단지 앞 성벽 다리 밑,송파구,832.0,834.0
202411,1291,서울체육고등학교 앞,송파구,2284.0,2530.0
202411,1293,석촌호수 서호 사거리,송파구,2896.0,2890.0
202411,1295,잠실역 8번출구,송파구,3799.0,3787.0
202411,1296,석촌호수교차로 (송파나루근린공원 앞),송파구,653.0,631.0
202411,1297,석촌호수교차로(동호 팔각정 앞),송파구,3220.0,3244.0
202411,1299,송파소방서 (방이119안전센터),송파구,546.0,513.0
202411,1300,오륜사거리,송파구,704.0,729.0
202411,2601,석촌호수 아뜰리에,송파구,2243.0,2238.0
202411,2603,송파 글마루 도서관,송파구,846.0,821.0
202411,2604,풍납토성 서성벽터A,송파구,1447.0,1541.0
202411,2605,복정역 1번 출구 앞,송파구,1503.0,1511.0
202411,2606,위례동주민센터 맞은편 근린공원,송파구,1978.0,2025.0
202411,2608,송파구청,송파구,6672.0,6766.0
202411,2609,보성중고등학교 후문 앞,송파구,227.0,228.0
202411,2611,송파지역자활센터 뒤,송파구,2765.0,3008.0
202411,2612,광평교사거리 인근,송파구,54.0,62.0
202411,2613,잠실나들목,송파구,1786.0,1806.0
202411,2614,가락고등학교 앞,송파구,505.0,355.0
202411,2615,테라타워2,송파구,2756.0,2770.0
202411,2616,거여동 사거리,송파구,405.0,399.0
202411,2617,가락삼환아파트 앞,송파구,381.0,368.0
202411,2618,삼전역 1번출구,송파구,2064.0,2114.0
202411,2619,석촌고분역 4번출구,송파구,2192.0,2280.0
202411,2620,송파나루역 4번 출구옆,송파구,4777.0,5243.0
202411,2621,한성백제역 2번 출구,송파구,2744.0,2764.0
202411,2622,올림픽공원역 3번출구,송파구,4783.0,4769.0
202411,2623,석촌동 주민센터,송파구,3153.0,3157.0
202411,2625,가락종합 사회복지관,송파구,295.0,294.0
202411,2626,"경찰병원역 1,2번 출구 사이",송파구,577.0,578.0
202411,2627,문정시영아파트 5동 앞 공원,송파구,966.0,623.0
202411,2628,문정역 1번출구,송파구,3417.0,3429.0
202411,2630,서울방이동 고분군,송파구,1843.0,1821.0
202411,2631,배명고등학교,송파구,763.0,845.0
202411,2632,석촌고분역 2번 출구,송파구,2679.0,2800.0
202411,2633,송파학사 옆,송파구,1137.0,1047.0
202411,2634,위례포레샤인아파트 2318동,송파구,710.0,742.0
202411,2635,잠실새내역 1번출구,송파구,2685.0,2412.0
202411,2637,아시아지하보도 14번 출구,송파구,2657.0,2722.0
202411,2639,석촌역 8번출구,송파구,3889.0,3846.0
202411,2641,송파역 4번출구,송파구,3274.0,3306.0
202411,2642,마천동 성내천 쉼터,송파구,845.0,829.0
202411,2643,풍납중학교 측면,송파구,313.0,279.0
202411,2644,성내5교,송파구,1259.0,1352.0
202411,2645,잠실나들목2(엘스아파트136동),송파구,1578.0,1553.0
202411,2646,레이크펠리스101동앞,송파구,3402.0,3492.0
202411,2647,잠실 자전거 수리센터 앞,송파구,1759.0,1831.0
202411,2648,헬리오시티 112동 앞,송파구,1350.0,1254.0
202411,2649,오금공원사거리2,송파구,246.0,197.0
202411,2650,위례22단지 2208동 다리앞,송파구,445.0,447.0
202411,2651,경찰병원역 3번출구 앞,송파구,1288.0,1283.0
202411,2652,송파 레미니스1단지 102동 앞,송파구,877.0,752.0
202411,2653,올림픽공원사거리(선수촌아파트),송파구,1514.0,1437.0
202411,2654,올림픽선수촌아파트 136동 앞,송파구,844.0,699.0
202411,2655,송이공원,송파구,578.0,449.0
202411,2656,풍납동 아이파크 107동 앞,송파구,1300.0,1298.0
202411,2657,송파 파인타운 11단지,송파구,725.0,711.0
202411,2658,가락몰 업무동,송파구,1556.0,1566.0
202411,2659,서울친환경유통센터,송파구,204.0,203.0
202411,4452,삼성SDS,송파구,3522.0,3551.0
202411,4453,위례중앙푸르지오 201동 앞,송파구,1543.0,1565.0
202411,4454,위례 포레샤인 1809동 부근,송파구,336.0,114.0
202411,4457,아산병원 기숙사 부근,송파구,4556.0,4590.0
202411,4458,가락2동주민센터 인근,송파구,548.0,520.0
202411,4460,올림픽훼미리아파트 112동 앞,송파구,1198.0,1202.0
202411,4461,한양3차아파트 3동 앞,송파구,300.0,284.0
202411,4462,가락중학교 앞,송파구,545.0,529.0
202411,4463,방이역 2번 출구,송파구,844.0,861.0
202411,4464,올림픽공원 북2문 A,송파구,1152.0,1221.0
202411,4465,건영아파트앞 사거리,송파구,1526.0,1541.0
202411,4468,가락1동주민센터,송파구,1240.0,1346.0
202411,4469,거여동 어울림아파트  102동앞,송파구,437.0,436.0
202411,4472,송파파크데일 1단지 115동 건너편,송파구,405.0,384.0
202411,4473,마천금호어울림 1차 102동앞,송파구,169.0,170.0
202411,4474,가락현대 1차 11동 앞,송파구,482.0,408.0
202411,4475,송파파인타운 4단지 403동,송파구,449.0,448.0
202411,4478,문정근린공원2,송파구,1036.0,1025.0
202411,4479,문정중학교,송파구,176.0,153.0
202411,4480,가락시장 남1문 사거리,송파구,725.0,765.0
202411,4481,올림픽공원 북2문 B,송파구,1911.0,1973.0
202411,4483,잠실나들목4,송파구,1438.0,1518.0
202411,4484,잠실나루역4번출구뒤,송파구,2209.0,2218.0
202411,4485,잠실나루역 고가하부,송파구,651.0,537.0
202411,4486,홈플러스 잠실점,송파구,2573.0,2568.0
202411,4488,"문현중,고등학교 사이",송파구,206.0,204.0
202411,4490,송파파인타운 10단지 1005동,송파구,376.0,347.0
202411,4491,장지역 1번출구,송파구,1578.0,1600.0
202411,4493,마천사거리 2,송파구,325.0,338.0
202411,4496,잠실 파크리오 120동 앞,송파구,1500.0,1495.0
202411,4497,아시아선수촌아파트 교차로,송파구,1764.0,1788.0
202411,4499,세양청마루 101동 앞,송파구,548.0,333.0
202411,4852,서울복합물류 게이트 1,송파구,1838.0,1926.0
202411,4854,가락시장역 2번 출구,송파구,1502.0,1506.0
202411,4855,거여5단지 503동 앞,송파구,655.0,644.0
202411,4856,올림픽공원 서1문 앞,송파구,1543.0,1633.0
202411,4857,올림픽공원 장미광장,송파구,696.0,694.0
202411,4859,잠실나루 나들목,송파구,1649.0,1650.0
202411,4860,가락쌍용2차아파트 103동,송파구,652.0,617.0
202411,4862,성내교 남단,송파구,404.0,385.0
202411,4863,잠실나들목5,송파구,440.0,437.0
202411,4864,송파사거리,송파구,3008.0,3027.0
202411,4865,한성백제역 1번출구 뒤,송파구,3152.0,3169.0
202411,4867,가락대림아파트 앞,송파구,898.0,876.0
202411,4868,석촌호수 서호 남단,송파구,3395.0,3430.0
202411,4870,몽촌토성역 3번 출구,송파구,5467.0,5382.0
202411,4871,오금동 대림아파트 정문,송파구,828.0,728.0
202411,4872,개롱역 3번 출구 뒤,송파구,1084.0,1084.0
202411,4873,개롱역사거리 2번 출구,송파구,1131.0,1140.0
202411,4874,탄천1교 하부보도,송파구,653.0,715.0
202411,4875,위례포레샤인13단지,송파구,491.0,484.0
202411,4879,마천청소년센터,송파구,203.0,204.0
202411,4880,송파청소년센터,송파구,946.0,943.0
202411,4881,거여동사거리 송파둘레길 입구,송파구,248.0,243.0
202411,4882,위례포레샤인18단지 1802동,송파구,275.0,259.0
202411,4883,위례포레샤인18단지 1812동,송파구,104.0,23.0
202411,4884,H비즈니스파크,송파구,1563.0,1721.0
202411,4885,가든파이브 리빙관,송파구,357.0,369.0
202411,4886,배명고등학교 건너편,송파구,1020.0,1053.0
202411,4887,호돌이상가,송파구,779.0,778.0
202411,4888,둔촌오륜역 2번출구,송파구,493.0,405.0
202411,4889,마천역 1번 출구 인근②,송파구,658.0,645.0
202411,4891,위례포레나송파,송파구,693.0,636.0
202411,4892,성내유수지 체육공원,송파구,325.0,247.0
202411,4893,문정법조단지12,송파구,2454.0,2937.0
202411,4895,송파레이크힐 상가,송파구,1131.0,1107.0
202411,4896,송파레이크힐,송파구,124.0,121.0
202411,4897,잠실주공5단지1,송파구,3029.0,3047.0
202411,5751,송파여성축구장,송파구,471.0,472.0
202411,5752,풍납백제문화공원 옆 인근,송파구,2695.0,2780.0
202411,5753,호반써밋,송파구,639.0,576.0
202411,5756,극동아파트,송파구,1138.0,1135.0
202411,5758,올림픽선수기자촌아파트 123동 근처,송파구,746.0,465.0
202411,5759,풍납근린공원,송파구,1036.0,1004.0
202411,5760,풍납사거리 성내유수지,송파구,947.0,919.0
202411,5761,버섯분수대,송파구,1033.0,1042.0
202411,5763,세륜초등학교 건너편,송파구,215.0,184.0
202411,5764,한국체육대학교,송파구,797.0,798.0
202411,5765,삼전동주민센터 건너편,송파구,2331.0,2619.0
202411,5766,북위례1,송파구,320.0,219.0
202411,5767,북위례2,송파구,303.0,247.0
202411,5768,방이삼거리,송파구,5498.0,5736.0
202411,5773,송파시그니처롯데캐슬,송파구,303.0,301.0
202411,5774,가락본동주민센터 인근,송파구,1370.0,1369.0
202411,5775,가락시장역 5번출구,송파구,808.0,855.0
202411,5777,호반써밋12단지,송파구,483.0,423.0
202411,5778,북위례3,송파구,466.0,253.0
202411,5779,나래교,송파구,209.0,219.0
202411,5780,송파세무서,송파구,282.0,284.0
202411,5781,올림픽공원 수영장,송파구,556.0,588.0
202411,5782,오금현대 아파트 상가입구 앞,송파구,594.0,597.0
202412,1201,가락시장역 3번 출구,송파구,1197.0,1307.0
202412,1203,밀리아나2빌딩 앞,송파구,785.0,815.0
202412,1204,거여역 3번출구,송파구,1108.0,1140.0
202412,1205,종합운동장역 4번출구,송파구,608.0,517.0
202412,1206,9호선종합운동장역 9번출구,송파구,771.0,777.0
202412,1207,마천중앙시장,송파구,311.0,303.0
202412,1208,풍납현대아파트쉼터,송파구,1798.0,1781.0
202412,1209,잠실나루역 (2번 출구 쪽),송파구,2270.0,2207.0
202412,1210,롯데월드타워(잠실역2번출구 쪽),송파구,6371.0,6370.0
202412,1212,송파역 2번 출구앞,송파구,837.0,831.0
202412,1213,백토공원 앞,송파구,214.0,214.0
202412,1214,오금역 7번 출구 인근,송파구,517.0,518.0
202412,1215,올림픽공원역 1번출구 앞,송파구,1242.0,1249.0
202412,1217,송파파인타운 7단지,송파구,527.0,494.0
202412,1218,방이역 4번출구,송파구,1574.0,1570.0
202412,1220,잠실근린공원,송파구,1737.0,1819.0
202412,1221,삼전역 4번출구,송파구,980.0,963.0
202412,1222,잠실새내역 5번 출구 뒤,송파구,2149.0,2313.0
202412,1224,아시아지하보도 2번 출구,송파구,907.0,950.0
202412,1226,잠실4동 주민센터 옆,송파구,1585.0,1632.0
202412,1227,거여역 8번출구 뒤,송파구,787.0,786.0
202412,1228,마천사거리,송파구,462.0,504.0
202412,1229,송파체육문화회관 앞,송파구,815.0,814.0
202412,1230,송파중학교 정문,송파구,278.0,255.0
202412,1231,잠실역 6번출구,송파구,1874.0,1983.0
202412,1232,잠실주공 521동 건너편,송파구,1994.0,1990.0
202412,1233,잠실3거리(갤러리아팰리스),송파구,713.0,685.0
202412,1235,잠실트리지움310동 옆,송파구,1373.0,1537.0
202412,1239,문정 법조단지3,송파구,496.0,478.0
202412,1240,문정 법조단지4,송파구,487.0,466.0
202412,1241,문정 법조단지5,송파구,341.0,315.0
202412,1242,문정 법조단지6,송파구,98.0,101.0
202412,1243,문정 법조단지7,송파구,1484.0,1504.0
202412,1244,문정 법조단지8,송파구,1553.0,1511.0
202412,1245,문정 법조단지9,송파구,876.0,846.0
202412,1246,문정 법조단지10,송파구,1328.0,1282.0
202412,1247,문정 법조단지11,송파구,595.0,613.0
202412,1248,방이초등학교,송파구,1764.0,1542.0
202412,1250,문정2동 주민센터,송파구,109.0,67.0
202412,1251,석촌역 2번출구,송파구,1676.0,1660.0
202412,1253,오금역 3번 출구 뒤,송파구,408.0,392.0
202412,1256,문정현대아파트 교차로,송파구,399.0,384.0
202412,1257,가락시장역 사거리,송파구,805.0,885.0
202412,1258,가락미륭아파트 앞,송파구,192.0,193.0
202412,1259,방이역 1번출구,송파구,1191.0,1186.0
202412,1260,방이동 한양3차아파트 옆,송파구,808.0,810.0
202412,1262,송파여성문화회관 앞,송파구,1604.0,1592.0
202412,1263,장지공영차고지,송파구,247.0,256.0
202412,1264,천호역 10번 출구 앞,송파구,2220.0,2208.0
202412,1265,문정동 근린공원,송파구,754.0,751.0
202412,1266,문정동 글샘 공원,송파구,396.0,326.0
202412,1267,올림픽공원 남2문 앞,송파구,606.0,600.0
202412,1268,몽촌토성역 1번출구 옆,송파구,570.0,572.0
202412,1269,리센츠아파트,송파구,1143.0,1008.0
202412,1271,송파도서관,송파구,723.0,726.0
202412,1274,영파여고 앞,송파구,1127.0,1069.0
202412,1275,거여초등학교 옆,송파구,392.0,397.0
202412,1277,성내7교,송파구,741.0,732.0
202412,1278,송파구청 교차로,송파구,1253.0,1288.0
202412,1279,마천금호어울림 1차아파트 건너편,송파구,179.0,171.0
202412,1280,송파파크데일 2단지입구 앞 주차장,송파구,248.0,238.0
202412,1282,송파소방서 맞은편(성내4교),송파구,992.0,1044.0
202412,1283,오금공원 사거리,송파구,73.0,47.0
202412,1285,위례별 유치원 뒤,송파구,253.0,245.0
202412,1286,위례중앙푸르지오 1단지 앞,송파구,635.0,603.0
202412,1287,위례아이파크 101동 맞은편,송파구,233.0,227.0
202412,1288,문정중교 사거리,송파구,769.0,658.0
202412,1289,풍납토성 서성벽터B,송파구,363.0,393.0
202412,1290,위례송파꿈에그린아파트24단지 앞 성벽 다리 밑,송파구,544.0,536.0
202412,1291,서울체육고등학교 앞,송파구,1179.0,1390.0
202412,1293,석촌호수 서호 사거리,송파구,1776.0,1835.0
202412,1295,잠실역 8번출구,송파구,2213.0,2209.0
202412,1296,석촌호수교차로 (송파나루근린공원 앞),송파구,388.0,383.0
202412,1297,석촌호수교차로(동호 팔각정 앞),송파구,1800.0,1861.0
202412,1299,송파소방서 (방이119안전센터),송파구,429.0,334.0
202412,1300,오륜사거리,송파구,328.0,318.0
202412,2601,석촌호수 아뜰리에,송파구,1444.0,1484.0
202412,2603,송파 글마루 도서관,송파구,466.0,451.0
202412,2604,풍납토성 서성벽터A,송파구,944.0,994.0
202412,2605,복정역 1번 출구 앞,송파구,870.0,882.0
202412,2606,위례동주민센터 맞은편 근린공원,송파구,1124.0,1084.0
202412,2608,송파구청,송파구,3949.0,4103.0
202412,2609,보성중고등학교 후문 앞,송파구,169.0,171.0
202412,2611,송파지역자활센터 뒤,송파구,2112.0,2231.0
202412,2612,광평교사거리 인근,송파구,24.0,19.0
202412,2613,잠실나들목,송파구,808.0,727.0
202412,2614,가락고등학교 앞,송파구,258.0,248.0
202412,2615,테라타워2,송파구,1784.0,1822.0
202412,2616,거여동 사거리,송파구,244.0,235.0
202412,2617,가락삼환아파트 앞,송파구,296.0,243.0
202412,2618,삼전역 1번출구,송파구,1200.0,1242.0
202412,2619,석촌고분역 4번출구,송파구,1371.0,1443.0
202412,2620,송파나루역 4번 출구옆,송파구,2908.0,3070.0
202412,2621,한성백제역 2번 출구,송파구,1209.0,1182.0
202412,2622,올림픽공원역 3번출구,송파구,2398.0,2388.0
202412,2623,석촌동 주민센터,송파구,2318.0,2188.0
202412,2625,가락종합 사회복지관,송파구,192.0,172.0
202412,2626,"경찰병원역 1,2번 출구 사이",송파구,374.0,368.0
202412,2627,문정시영아파트 5동 앞 공원,송파구,670.0,396.0
202412,2628,문정역 1번출구,송파구,2311.0,2407.0
202412,2630,서울방이동 고분군,송파구,1135.0,1124.0
202412,2631,배명고등학교,송파구,514.0,518.0
202412,2632,석촌고분역 2번 출구,송파구,1645.0,1685.0
202412,2633,송파학사 옆,송파구,535.0,494.0
202412,2634,위례포레샤인아파트 2318동,송파구,361.0,360.0
202412,2635,잠실새내역 1번출구,송파구,1523.0,1461.0
202412,2637,아시아지하보도 14번 출구,송파구,1622.0,1653.0
202412,2639,석촌역 8번출구,송파구,2443.0,2405.0
202412,2641,송파역 4번출구,송파구,2047.0,2040.0
202412,2642,마천동 성내천 쉼터,송파구,480.0,480.0
202412,2643,풍납중학교 측면,송파구,157.0,131.0
202412,2644,성내5교,송파구,844.0,900.0
202412,2645,잠실나들목2(엘스아파트136동),송파구,664.0,653.0
202412,2646,레이크펠리스101동앞,송파구,2090.0,2215.0
202412,2647,잠실 자전거 수리센터 앞,송파구,1257.0,1329.0
202412,2648,헬리오시티 112동 앞,송파구,657.0,628.0
202412,2649,오금공원사거리2,송파구,153.0,121.0
202412,2650,위례22단지 2208동 다리앞,송파구,288.0,285.0
202412,2651,경찰병원역 3번출구 앞,송파구,791.0,793.0
202412,2652,송파 레미니스1단지 102동 앞,송파구,449.0,408.0
202412,2653,올림픽공원사거리(선수촌아파트),송파구,838.0,824.0
202412,2654,올림픽선수촌아파트 136동 앞,송파구,601.0,445.0
202412,2655,송이공원,송파구,367.0,306.0
202412,2656,풍납동 아이파크 107동 앞,송파구,845.0,846.0
202412,2657,송파 파인타운 11단지,송파구,407.0,412.0
202412,2658,가락몰 업무동,송파구,1182.0,1201.0
202412,2659,서울친환경유통센터,송파구,168.0,162.0
202412,4452,삼성SDS,송파구,2264.0,2364.0
202412,4453,위례중앙푸르지오 201동 앞,송파구,757.0,749.0
202412,4454,위례 포레샤인 1809동 부근,송파구,103.0,44.0
202412,4457,아산병원 기숙사 부근,송파구,2959.0,2964.0
202412,4458,가락2동주민센터 인근,송파구,382.0,371.0
202412,4460,올림픽훼미리아파트 112동 앞,송파구,799.0,862.0
202412,4461,한양3차아파트 3동 앞,송파구,147.0,145.0
202412,4462,가락중학교 앞,송파구,388.0,386.0
202412,4463,방이역 2번 출구,송파구,523.0,520.0
202412,4464,올림픽공원 북2문 A,송파구,487.0,548.0
202412,4465,건영아파트앞 사거리,송파구,1062.0,1073.0
202412,4468,가락1동주민센터,송파구,861.0,844.0
202412,4469,거여동 어울림아파트  102동앞,송파구,301.0,300.0
202412,4472,송파파크데일 1단지 115동 건너편,송파구,245.0,201.0
202412,4473,마천금호어울림 1차 102동앞,송파구,93.0,89.0
202412,4474,가락현대 1차 11동 앞,송파구,278.0,253.0
202412,4475,송파파인타운 4단지 403동,송파구,376.0,309.0
202412,4478,문정근린공원2,송파구,615.0,620.0
202412,4479,문정중학교,송파구,125.0,79.0
202412,4480,가락시장 남1문 사거리,송파구,401.0,459.0
202412,4481,올림픽공원 북2문 B,송파구,849.0,869.0
202412,4483,잠실나들목4,송파구,661.0,667.0
202412,4484,잠실나루역4번출구뒤,송파구,1331.0,1315.0
202412,4485,잠실나루역 고가하부,송파구,452.0,375.0
202412,4486,홈플러스 잠실점,송파구,1673.0,1701.0
202412,4488,"문현중,고등학교 사이",송파구,133.0,114.0
202412,4490,송파파인타운 10단지 1005동,송파구,275.0,235.0
202412,4491,장지역 1번출구,송파구,993.0,981.0
202412,4493,마천사거리 2,송파구,215.0,201.0
202412,4496,잠실 파크리오 120동 앞,송파구,1048.0,1008.0
202412,4497,아시아선수촌아파트 교차로,송파구,994.0,991.0
202412,4499,세양청마루 101동 앞,송파구,383.0,212.0
202412,4852,서울복합물류 게이트 1,송파구,1567.0,1780.0
202412,4854,가락시장역 2번 출구,송파구,967.0,967.0
202412,4855,거여5단지 503동 앞,송파구,462.0,456.0
202412,4856,올림픽공원 서1문 앞,송파구,864.0,863.0
202412,4857,올림픽공원 장미광장,송파구,346.0,331.0
202412,4859,잠실나루 나들목,송파구,788.0,807.0
202412,4860,가락쌍용2차아파트 103동,송파구,412.0,397.0
202412,4862,성내교 남단,송파구,268.0,184.0
202412,4863,잠실나들목5,송파구,182.0,181.0
202412,4864,송파사거리,송파구,1685.0,1676.0
202412,4865,한성백제역 1번출구 뒤,송파구,1848.0,1848.0
202412,4867,가락대림아파트 앞,송파구,528.0,494.0
202412,4868,석촌호수 서호 남단,송파구,2322.0,2351.0
202412,4870,몽촌토성역 3번 출구,송파구,3009.0,2998.0
202412,4871,오금동 대림아파트 정문,송파구,438.0,419.0
202412,4872,개롱역 3번 출구 뒤,송파구,591.0,579.0
202412,4873,개롱역사거리 2번 출구,송파구,662.0,672.0
202412,4874,탄천1교 하부보도,송파구,411.0,384.0
202412,4875,위례포레샤인13단지,송파구,224.0,222.0
202412,4879,마천청소년센터,송파구,118.0,119.0
202412,4880,송파청소년센터,송파구,620.0,619.0
202412,4881,거여동사거리 송파둘레길 입구,송파구,175.0,172.0
202412,4882,위례포레샤인18단지 1802동,송파구,136.0,120.0
202412,4883,위례포레샤인18단지 1812동,송파구,106.0,12.0
202412,4884,H비즈니스파크,송파구,1010.0,1038.0
202412,4885,가든파이브 리빙관,송파구,231.0,230.0
202412,4886,배명고등학교 건너편,송파구,748.0,757.0
202412,4887,호돌이상가,송파구,553.0,569.0
202412,4888,둔촌오륜역 2번출구,송파구,301.0,258.0
202412,4889,마천역 1번 출구 인근②,송파구,382.0,359.0
202412,4891,위례포레나송파,송파구,445.0,398.0
202412,4892,성내유수지 체육공원,송파구,159.0,133.0
202412,4893,문정법조단지12,송파구,1824.0,2000.0
202412,4895,송파레이크힐 상가,송파구,597.0,595.0
202412,4896,송파레이크힐,송파구,100.0,110.0
202412,4897,잠실주공5단지1,송파구,2511.0,2491.0
202412,5751,송파여성축구장,송파구,172.0,171.0
202412,5752,풍납백제문화공원 옆 인근,송파구,1856.0,1932.0
202412,5753,호반써밋,송파구,404.0,384.0
202412,5756,극동아파트,송파구,673.0,656.0
202412,5758,올림픽선수기자촌아파트 123동 근처,송파구,417.0,292.0
202412,5759,풍납근린공원,송파구,610.0,603.0
202412,5760,풍납사거리 성내유수지,송파구,629.0,596.0
202412,5761,버섯분수대,송파구,604.0,596.0
202412,5763,세륜초등학교 건너편,송파구,106.0,101.0
202412,5764,한국체육대학교,송파구,324.0,324.0
202412,5765,삼전동주민센터 건너편,송파구,1304.0,1480.0
202412,5766,북위례1,송파구,275.0,101.0
202412,5767,북위례2,송파구,237.0,138.0
202412,5768,방이삼거리,송파구,3229.0,3685.0
202412,5773,송파시그니처롯데캐슬,송파구,189.0,186.0
202412,5774,가락본동주민센터 인근,송파구,846.0,877.0
202412,5775,가락시장역 5번출구,송파구,514.0,633.0
202412,5777,호반써밋12단지,송파구,375.0,348.0
202412,5778,북위례3,송파구,250.0,150.0
202412,5779,나래교,송파구,194.0,181.0
202412,5780,송파세무서,송파구,217.0,217.0
202412,5781,올림픽공원 수영장,송파구,234.0,292.0
202412,5782,오금현대 아파트 상가입구 앞,송파구,325.0,327.0
202501,1201,가락시장역 3번 출구,송파구,887.0,907.0
202501,1203,밀리아나2빌딩 앞,송파구,617.0,634.0
202501,1204,거여역 3번출구,송파구,769.0,875.0
202501,1205,종합운동장역 4번출구,송파구,505.0,448.0
202501,1206,9호선종합운동장역 9번출구,송파구,607.0,632.0
202501,1207,마천중앙시장,송파구,337.0,333.0
202501,1208,풍납현대아파트쉼터,송파구,1320.0,1313.0
202501,1209,잠실나루역 (2번 출구 쪽),송파구,1683.0,1672.0
202501,1210,롯데월드타워(잠실역2번출구 쪽),송파구,4754.0,4732.0
202501,1212,송파역 2번 출구앞,송파구,610.0,621.0
202501,1213,백토공원 앞,송파구,208.0,196.0
202501,1214,오금역 7번 출구 인근,송파구,419.0,391.0
202501,1215,올림픽공원역 1번출구 앞,송파구,999.0,1002.0
202501,1217,송파파인타운 7단지,송파구,387.0,378.0
202501,1218,방이역 4번출구,송파구,1113.0,1103.0
202501,1220,잠실근린공원,송파구,1352.0,1452.0
202501,1221,삼전역 4번출구,송파구,711.0,792.0
202501,1222,잠실새내역 5번 출구 뒤,송파구,1597.0,1758.0
202501,1224,아시아지하보도 2번 출구,송파구,743.0,768.0
202501,1226,잠실4동 주민센터 옆,송파구,1204.0,1207.0
202501,1227,거여역 8번출구 뒤,송파구,664.0,658.0
202501,1228,마천사거리,송파구,365.0,405.0
202501,1229,송파체육문화회관 앞,송파구,598.0,592.0
202501,1230,송파중학교 정문,송파구,234.0,209.0
202501,1231,잠실역 6번출구,송파구,1372.0,1458.0
202501,1232,잠실주공 521동 건너편,송파구,1443.0,1468.0
202501,1233,잠실3거리(갤러리아팰리스),송파구,594.0,551.0
202501,1235,잠실트리지움310동 옆,송파구,978.0,1074.0
202501,1239,문정 법조단지3,송파구,390.0,365.0
202501,1240,문정 법조단지4,송파구,448.0,354.0
202501,1241,문정 법조단지5,송파구,261.0,258.0
202501,1242,문정 법조단지6,송파구,79.0,80.0
202501,1243,문정 법조단지7,송파구,1119.0,1154.0
202501,1244,문정 법조단지8,송파구,1263.0,1236.0
202501,1245,문정 법조단지9,송파구,680.0,673.0
202501,1246,문정 법조단지10,송파구,955.0,919.0
202501,1247,문정 법조단지11,송파구,428.0,389.0
202501,1248,방이초등학교,송파구,1143.0,887.0
202501,1250,문정2동 주민센터,송파구,89.0,74.0
202501,1251,석촌역 2번출구,송파구,1297.0,1307.0
202501,1253,오금역 3번 출구 뒤,송파구,351.0,303.0
202501,1256,문정현대아파트 교차로,송파구,327.0,327.0
202501,1257,가락시장역 사거리,송파구,627.0,654.0
202501,1258,가락미륭아파트 앞,송파구,217.0,187.0
202501,1259,방이역 1번출구,송파구,869.0,886.0
202501,1260,방이동 한양3차아파트 옆,송파구,663.0,658.0
202501,1262,송파여성문화회관 앞,송파구,1131.0,1124.0
202501,1263,장지공영차고지,송파구,205.0,201.0
202501,1264,천호역 10번 출구 앞,송파구,1653.0,1661.0
202501,1265,문정동 근린공원,송파구,582.0,641.0
202501,1266,문정동 글샘 공원,송파구,323.0,254.0
202501,1267,올림픽공원 남2문 앞,송파구,392.0,379.0
202501,1268,몽촌토성역 1번출구 옆,송파구,553.0,556.0
202501,1269,리센츠아파트,송파구,835.0,734.0
202501,1271,송파도서관,송파구,587.0,587.0
202501,1274,영파여고 앞,송파구,734.0,700.0
202501,1275,거여초등학교 옆,송파구,289.0,292.0
202501,1277,성내7교,송파구,569.0,565.0
202501,1278,송파구청 교차로,송파구,1147.0,1154.0
202501,1279,마천금호어울림 1차아파트 건너편,송파구,155.0,151.0
202501,1280,송파파크데일 2단지입구 앞 주차장,송파구,202.0,201.0
202501,1282,송파소방서 맞은편(성내4교),송파구,803.0,904.0
202501,1283,오금공원 사거리,송파구,91.0,38.0
202501,1285,위례별 유치원 뒤,송파구,227.0,193.0
202501,1286,위례중앙푸르지오 1단지 앞,송파구,480.0,475.0
202501,1287,위례아이파크 101동 맞은편,송파구,212.0,206.0
202501,1288,문정중교 사거리,송파구,536.0,466.0
202501,1289,풍납토성 서성벽터B,송파구,285.0,305.0
202501,1290,위례송파꿈에그린아파트24단지 앞 성벽 다리 밑,송파구,424.0,415.0
202501,1291,서울체육고등학교 앞,송파구,542.0,690.0
202501,1293,석촌호수 서호 사거리,송파구,1385.0,1397.0
202501,1295,잠실역 8번출구,송파구,1574.0,1574.0
202501,1296,석촌호수교차로 (송파나루근린공원 앞),송파구,291.0,286.0
202501,1297,석촌호수교차로(동호 팔각정 앞),송파구,1446.0,1447.0
202501,1299,송파소방서 (방이119안전센터),송파구,357.0,317.0
202501,1300,오륜사거리,송파구,292.0,281.0
202501,2601,석촌호수 아뜰리에,송파구,1038.0,1037.0
202501,2603,송파 글마루 도서관,송파구,435.0,403.0
202501,2604,풍납토성 서성벽터A,송파구,714.0,717.0
202501,2605,복정역 1번 출구 앞,송파구,671.0,669.0
202501,2606,위례동주민센터,송파구,860.0,883.0
202501,2608,송파구청,송파구,2353.0,2485.0
202501,2609,보성중고등학교 후문 앞,송파구,75.0,57.0
202501,2611,송파지역자활센터 뒤,송파구,1496.0,1576.0
202501,2612,광평교사거리 인근,송파구,16.0,13.0
202501,2613,잠실나들목,송파구,565.0,541.0
202501,2614,가락고등학교 앞,송파구,191.0,144.0
202501,2615,테라타워2,송파구,1428.0,1485.0
202501,2616,거여동 사거리,송파구,180.0,178.0
202501,2617,가락삼환아파트 앞,송파구,178.0,169.0
202501,2618,삼전역 1번출구,송파구,1001.0,1040.0
202501,2619,석촌고분역 4번출구,송파구,999.0,1055.0
202501,2620,송파나루역 4번 출구옆,송파구,2189.0,2469.0
202501,2621,한성백제역 2번 출구,송파구,971.0,976.0
202501,2622,올림픽공원역 3번출구,송파구,1837.0,1813.0
202501,2623,석촌동 주민센터,송파구,1801.0,1670.0
202501,2625,가락종합 사회복지관,송파구,133.0,115.0
202501,2626,"경찰병원역 1,2번 출구 사이",송파구,262.0,266.0
202501,2627,문정시영아파트 5동 앞 공원,송파구,593.0,331.0
202501,2628,문정역 1번출구,송파구,1585.0,1724.0
202501,2630,서울방이동 고분군,송파구,917.0,925.0
202501,2631,배명고등학교,송파구,310.0,343.0
202501,2632,석촌고분역 2번 출구,송파구,1369.0,1385.0
202501,2633,송파학사 옆,송파구,374.0,363.0
202501,2634,위례포레샤인아파트 2318동,송파구,234.0,249.0
202501,2635,잠실새내역 1번출구,송파구,1068.0,1064.0
202501,2637,아시아지하보도 14번 출구,송파구,1130.0,1251.0
202501,2639,석촌역 8번출구,송파구,1968.0,1820.0
202501,2641,송파역 4번출구,송파구,1238.0,1251.0
202501,2642,마천동 성내천 쉼터,송파구,385.0,388.0
202501,2643,풍납중학교 측면,송파구,151.0,122.0
202501,2644,성내5교,송파구,602.0,710.0
202501,2645,잠실나들목2(엘스아파트136동),송파구,448.0,440.0
202501,2646,레이크펠리스101동앞,송파구,1587.0,1679.0
202501,2647,잠실 자전거 수리센터 앞,송파구,882.0,960.0
202501,2648,헬리오시티 112동 앞,송파구,389.0,371.0
202501,2649,오금공원사거리2,송파구,164.0,94.0
202501,2650,위례22단지 2208동 다리앞,송파구,204.0,205.0
202501,2651,경찰병원역 3번출구 앞,송파구,641.0,642.0
202501,2652,송파 레미니스1단지 102동 앞,송파구,288.0,286.0
202501,2653,올림픽공원사거리(선수촌아파트),송파구,595.0,592.0
202501,2654,올림픽선수촌아파트 136동 앞,송파구,361.0,349.0
202501,2655,송이공원,송파구,337.0,268.0
202501,2656,풍납동 아이파크 107동 앞,송파구,664.0,660.0
202501,2657,송파 파인타운 11단지,송파구,417.0,344.0
202501,2658,가락몰 업무동,송파구,910.0,919.0
202501,2659,서울친환경유통센터,송파구,131.0,117.0
202501,4452,삼성SDS,송파구,1632.0,1616.0
202501,4453,위례중앙푸르지오 201동 앞,송파구,651.0,663.0
202501,4454,위례 포레샤인 1809동 부근,송파구,230.0,54.0
202501,4457,아산병원 기숙사 부근,송파구,2058.0,2111.0
202501,4458,가락2동주민센터 인근,송파구,279.0,276.0
202501,4460,올림픽훼미리아파트 112동 앞,송파구,653.0,670.0
202501,4461,한양3차아파트 3동 앞,송파구,99.0,99.0
202501,4462,가락중학교 앞,송파구,280.0,268.0
202501,4463,방이역 2번 출구,송파구,422.0,416.0
202501,4464,올림픽공원 북2문 A,송파구,346.0,381.0
202501,4465,건영아파트앞 사거리,송파구,783.0,766.0
202501,4468,가락1동주민센터,송파구,602.0,562.0
202501,4469,거여동 어울림아파트  102동앞,송파구,213.0,213.0
202501,4472,송파파크데일 1단지 115동 건너편,송파구,132.0,118.0
202501,4473,마천금호어울림 1차 102동앞,송파구,101.0,97.0
202501,4474,가락현대 1차 11동 앞,송파구,283.0,217.0
202501,4475,송파파인타운 4단지 403동,송파구,196.0,191.0
202501,4478,문정근린공원2,송파구,485.0,490.0
202501,4479,문정중학교,송파구,116.0,78.0
202501,4480,가락시장 남1문 사거리,송파구,335.0,393.0
202501,4481,올림픽공원 북2문 B,송파구,639.0,698.0
202501,4483,잠실나들목4,송파구,505.0,505.0
202501,4484,잠실나루역4번출구뒤,송파구,972.0,971.0
202501,4485,잠실나루역 고가하부,송파구,323.0,243.0
202501,4486,홈플러스 잠실점,송파구,1357.0,1365.0
202501,4488,"문현중,고등학교 사이",송파구,99.0,80.0
202501,4490,송파파인타운 10단지 1005동,송파구,163.0,135.0
202501,4491,장지역 1번출구,송파구,716.0,718.0
202501,4493,마천사거리 2,송파구,176.0,174.0
202501,4496,잠실 파크리오 120동 앞,송파구,730.0,731.0
202501,4497,아시아선수촌아파트 교차로,송파구,789.0,780.0
202501,4499,세양청마루 101동 앞,송파구,380.0,166.0
202501,4852,서울복합물류 게이트 1,송파구,1278.0,1561.0
202501,4854,가락시장역 2번 출구,송파구,714.0,734.0
202501,4855,거여5단지 503동 앞,송파구,385.0,368.0
202501,4856,올림픽공원 서1문 앞,송파구,644.0,632.0
202501,4857,올림픽공원 장미광장,송파구,234.0,245.0
202501,4859,잠실나루 나들목,송파구,569.0,562.0
202501,4860,가락쌍용2차아파트 103동,송파구,407.0,371.0
202501,4862,성내교 남단,송파구,131.0,119.0
202501,4863,잠실나들목5,송파구,119.0,116.0
202501,4864,송파사거리,송파구,1283.0,1294.0
202501,4865,한성백제역 1번출구 뒤,송파구,1258.0,1250.0
202501,4867,가락대림아파트 앞,송파구,340.0,342.0
202501,4868,석촌호수 서호 남단,송파구,1778.0,1788.0
202501,4870,몽촌토성역 3번 출구,송파구,2407.0,2346.0
202501,4871,오금동 대림아파트 정문,송파구,293.0,295.0
202501,4872,개롱역 3번 출구 뒤,송파구,460.0,460.0
202501,4873,개롱역사거리 2번 출구,송파구,499.0,491.0
202501,4874,탄천1교 하부보도,송파구,300.0,295.0
202501,4875,위례포레샤인13단지,송파구,197.0,178.0
202501,4879,마천청소년센터,송파구,105.0,104.0
202501,4880,송파청소년센터,송파구,464.0,483.0
202501,4881,거여동사거리 송파둘레길 입구,송파구,131.0,130.0
202501,4882,위례포레샤인18단지 1802동,송파구,164.0,136.0
202501,4883,위례포레샤인18단지 1812동,송파구,189.0,9.0
202501,4884,H비즈니스파크,송파구,750.0,829.0
202501,4885,가든파이브 리빙관,송파구,206.0,211.0
202501,4886,배명고등학교 건너편,송파구,449.0,515.0
202501,4887,호돌이상가,송파구,404.0,430.0
202501,4888,둔촌오륜역 2번출구,송파구,279.0,199.0
202501,4889,마천역 1번 출구 인근②,송파구,310.0,312.0
202501,4891,위례포레나송파,송파구,343.0,345.0
202501,4892,성내유수지 체육공원,송파구,108.0,102.0
202501,4893,문정법조단지12,송파구,1414.0,1574.0
202501,4895,송파레이크힐 상가,송파구,453.0,461.0
202501,4896,송파레이크힐,송파구,61.0,55.0
202501,4897,잠실주공5단지1,송파구,1923.0,1941.0
202501,5751,송파여성축구장,송파구,129.0,116.0
202501,5752,풍납백제문화공원 옆 인근,송파구,1443.0,1503.0
202501,5753,호반써밋,송파구,297.0,282.0
202501,5756,극동아파트,송파구,483.0,469.0
202501,5758,올림픽선수기자촌아파트 123동 근처,송파구,418.0,234.0
202501,5759,풍납근린공원,송파구,438.0,431.0
202501,5760,풍납사거리 성내유수지,송파구,503.0,487.0
202501,5761,버섯분수대,송파구,431.0,421.0
202501,5763,세륜초등학교 건너편,송파구,67.0,68.0
202501,5764,한국체육대학교,송파구,270.0,278.0
202501,5765,삼전동주민센터 건너편,송파구,1007.0,1168.0
202501,5766,북위례1,송파구,142.0,68.0
202501,5767,북위례2,송파구,104.0,103.0
202501,5768,방이삼거리,송파구,2415.0,2719.0
202501,5773,송파시그니처롯데캐슬,송파구,140.0,162.0
202501,5774,가락본동주민센터 인근,송파구,723.0,743.0
202501,5775,가락시장역 5번출구,송파구,381.0,442.0
202501,5777,호반써밋12단지,송파구,346.0,293.0
202501,5778,북위례3,송파구,197.0,99.0
202501,5779,나래교,송파구,126.0,123.0
202501,5780,송파세무서,송파구,113.0,113.0
202501,5781,올림픽공원 수영장,송파구,217.0,272.0
202501,5782,오금현대 아파트 상가입구 앞,송파구,309.0,294.0
202502,1201,가락시장역 3번 출구,송파구,868.0,885.0
202502,1203,밀리아나2빌딩 앞,송파구,600.0,606.0
202502,1204,거여역 3번출구,송파구,698.0,782.0
202502,1205,종합운동장역 4번출구,송파구,532.0,428.0
202502,1206,9호선종합운동장역 9번출구,송파구,554.0,567.0
202502,1207,마천중앙시장,송파구,280.0,292.0
202502,1208,풍납현대아파트쉼터,송파구,1333.0,1348.0
202502,1209,잠실나루역 (2번 출구 쪽),송파구,1745.0,1662.0
202502,1210,롯데월드타워(잠실역2번출구 쪽),송파구,4413.0,4389.0
202502,1212,송파역 2번 출구앞,송파구,615.0,635.0
202502,1213,백토공원 앞,송파구,146.0,147.0
202502,1214,오금역 7번 출구 인근,송파구,448.0,442.0
202502,1215,올림픽공원역 1번출구 앞,송파구,927.0,938.0
202502,1217,송파파인타운 7단지,송파구,313.0,316.0
202502,1218,방이역 4번출구,송파구,1037.0,1041.0
202502,1220,잠실근린공원,송파구,1448.0,1530.0
202502,1221,삼전역 4번출구,송파구,681.0,679.0
202502,1222,잠실새내역 5번 출구 뒤,송파구,1595.0,1793.0
202502,1224,아시아지하보도 2번 출구,송파구,712.0,708.0
202502,1226,잠실4동 주민센터 옆,송파구,1202.0,1322.0
202502,1227,거여역 8번출구 뒤,송파구,582.0,594.0
202502,1228,마천사거리,송파구,387.0,405.0
202502,1229,송파체육문화회관 앞,송파구,549.0,550.0
202502,1230,송파중학교 정문,송파구,240.0,226.0
202502,1231,잠실역 6번출구,송파구,1394.0,1393.0
202502,1232,잠실주공 521동 건너편,송파구,1378.0,1387.0
202502,1233,잠실3거리(갤러리아팰리스),송파구,605.0,534.0
202502,1235,잠실트리지움310동 옆,송파구,1010.0,1188.0
202502,1239,문정 법조단지3,송파구,291.0,285.0
202502,1240,문정 법조단지4,송파구,372.0,333.0
202502,1241,문정 법조단지5,송파구,262.0,254.0
202502,1242,문정 법조단지6,송파구,79.0,73.0
202502,1243,문정 법조단지7,송파구,1037.0,1027.0
202502,1244,문정 법조단지8,송파구,1009.0,986.0
202502,1245,문정 법조단지9,송파구,688.0,658.0
202502,1246,문정 법조단지10,송파구,930.0,859.0
202502,1247,문정 법조단지11,송파구,404.0,380.0
202502,1248,방이초등학교,송파구,1049.0,848.0
202502,1250,문정2동 주민센터,송파구,87.0,67.0
202502,1251,석촌역 2번출구,송파구,1282.0,1292.0
202502,1253,오금역 3번 출구 뒤,송파구,233.0,232.0
202502,1256,문정현대아파트 교차로,송파구,376.0,347.0
202502,1257,가락시장역 사거리,송파구,656.0,658.0
202502,1258,가락미륭아파트 앞,송파구,161.0,161.0
202502,1259,방이역 1번출구,송파구,768.0,760.0
202502,1260,방이동 한양3차아파트 옆,송파구,626.0,627.0
202502,1262,송파여성문화회관 앞,송파구,1016.0,1043.0
202502,1263,장지공영차고지,송파구,190.0,200.0
202502,1264,천호역 10번 출구 앞,송파구,1660.0,1662.0
202502,1265,문정동 근린공원,송파구,566.0,590.0
202502,1266,문정동 글샘 공원,송파구,268.0,221.0
202502,1267,올림픽공원 남2문 앞,송파구,498.0,451.0
202502,1268,몽촌토성역 1번출구 옆,송파구,532.0,537.0
202502,1269,리센츠아파트,송파구,853.0,774.0
202502,1271,송파도서관,송파구,524.0,523.0
202502,1274,영파여고 앞,송파구,633.0,630.0
202502,1275,거여초등학교 옆,송파구,242.0,263.0
202502,1277,성내7교,송파구,529.0,549.0
202502,1278,송파구청 교차로,송파구,996.0,1025.0
202502,1279,마천금호어울림 1차아파트 건너편,송파구,129.0,123.0
202502,1280,송파파크데일 2단지입구 앞 주차장,송파구,211.0,204.0
202502,1282,송파소방서 맞은편(성내4교),송파구,774.0,873.0
202502,1283,오금공원 사거리,송파구,75.0,44.0
202502,1285,위례별 유치원 뒤,송파구,171.0,170.0
202502,1286,위례중앙푸르지오 1단지 앞,송파구,503.0,514.0
202502,1287,위례아이파크 101동 맞은편,송파구,179.0,183.0
202502,1288,문정중교 사거리,송파구,595.0,461.0
202502,1289,풍납토성 서성벽터B,송파구,290.0,288.0
202502,1290,위례송파꿈에그린아파트24단지 앞 성벽 다리 밑,송파구,384.0,379.0
202502,1291,서울체육고등학교 앞,송파구,523.0,585.0
202502,1293,석촌호수 서호 사거리,송파구,1413.0,1437.0
202502,1295,잠실역 8번출구,송파구,1575.0,1563.0
202502,1296,석촌호수교차로 (송파나루근린공원 앞),송파구,248.0,229.0
202502,1297,석촌호수교차로(동호 팔각정 앞),송파구,1325.0,1372.0
202502,1299,송파소방서 (방이119안전센터),송파구,334.0,313.0
202502,1300,오륜사거리,송파구,333.0,323.0
202502,2601,석촌호수 아뜰리에,송파구,981.0,1065.0
202502,2603,송파 글마루 도서관,송파구,327.0,330.0
202502,2604,풍납토성 서성벽터A,송파구,606.0,652.0
202502,2605,복정역 1번 출구 앞,송파구,751.0,728.0
202502,2606,위례동주민센터,송파구,751.0,777.0
202502,2608,송파구청,송파구,2668.0,2704.0
202502,2609,보성중고등학교 후문 앞,송파구,110.0,97.0
202502,2611,송파지역자활센터 뒤,송파구,1545.0,1587.0
202502,2612,광평교사거리 인근,송파구,15.0,15.0
202502,2613,잠실나들목,송파구,583.0,590.0
202502,2614,가락고등학교 앞,송파구,212.0,174.0
202502,2615,테라타워2,송파구,1284.0,1301.0
202502,2616,거여동 사거리,송파구,159.0,162.0
202502,2617,가락삼환아파트 앞,송파구,156.0,110.0
202502,2618,삼전역 1번출구,송파구,887.0,942.0
202502,2619,석촌고분역 4번출구,송파구,896.0,979.0
202502,2620,송파나루역 4번 출구옆,송파구,2234.0,2449.0
202502,2621,한성백제역 2번 출구,송파구,1114.0,1127.0
202502,2622,올림픽공원역 3번출구,송파구,2336.0,2330.0
202502,2623,석촌동 주민센터,송파구,1693.0,1585.0
202502,2625,가락종합 사회복지관,송파구,148.0,109.0
202502,2626,"경찰병원역 1,2번 출구 사이",송파구,262.0,256.0
202502,2627,문정시영아파트 5동 앞 공원,송파구,492.0,284.0
202502,2628,문정역 1번출구,송파구,1562.0,1711.0
202502,2630,서울방이동 고분군,송파구,1015.0,954.0
202502,2631,배명고등학교,송파구,330.0,352.0
202502,2632,석촌고분역 2번 출구,송파구,1143.0,1176.0
202502,2633,송파학사 옆,송파구,355.0,313.0
202502,2634,위례포레샤인아파트 2318동,송파구,231.0,240.0
202502,2635,잠실새내역 1번출구,송파구,1046.0,1047.0
202502,2637,아시아지하보도 14번 출구,송파구,1120.0,1206.0
202502,2639,석촌역 8번출구,송파구,1826.0,1813.0
202502,2641,송파역 4번출구,송파구,1331.0,1320.0
202502,2642,마천동 성내천 쉼터,송파구,362.0,336.0
202502,2643,풍납중학교 측면,송파구,142.0,115.0
202502,2644,성내5교,송파구,609.0,696.0
202502,2645,잠실나들목2(엘스아파트136동),송파구,432.0,431.0
202502,2646,레이크펠리스101동앞,송파구,1536.0,1564.0
202502,2647,잠실 자전거 수리센터 앞,송파구,928.0,933.0
202502,2648,헬리오시티 112동 앞,송파구,438.0,407.0
202502,2649,오금공원사거리2,송파구,148.0,89.0
202502,2650,위례22단지 2208동 다리앞,송파구,174.0,186.0
202502,2651,경찰병원역 3번출구 앞,송파구,584.0,582.0
202502,2652,송파 레미니스1단지 102동 앞,송파구,372.0,292.0
202502,2653,올림픽공원사거리(선수촌아파트),송파구,566.0,573.0
202502,2654,올림픽선수촌아파트 136동 앞,송파구,421.0,349.0
202502,2655,송이공원,송파구,294.0,269.0
202502,2656,풍납동 아이파크 107동 앞,송파구,739.0,738.0
202502,2657,송파 파인타운 11단지,송파구,288.0,297.0
202502,2658,가락몰 업무동,송파구,758.0,762.0
202502,2659,서울친환경유통센터,송파구,100.0,102.0
202502,4452,삼성SDS,송파구,1765.0,1813.0
202502,4453,위례중앙푸르지오 201동 앞,송파구,592.0,572.0
202502,4454,위례 포레샤인 1809동 부근,송파구,212.0,65.0
202502,4457,아산병원 기숙사 부근,송파구,2098.0,2087.0
202502,4458,가락2동주민센터 인근,송파구,186.0,188.0
202502,4460,올림픽훼미리아파트 112동 앞,송파구,569.0,580.0
202502,4462,가락중학교 앞,송파구,248.0,249.0
202502,4463,방이역 2번 출구,송파구,391.0,383.0
202502,4464,올림픽공원 북2문 A,송파구,491.0,519.0
202502,4465,건영아파트앞 사거리,송파구,773.0,767.0
202502,4468,가락1동주민센터,송파구,554.0,540.0
202502,4469,거여동 어울림아파트  102동앞,송파구,207.0,209.0
202502,4472,송파파크데일 1단지 115동 건너편,송파구,149.0,130.0
202502,4473,마천금호어울림 1차 102동앞,송파구,108.0,108.0
202502,4474,가락현대 1차 11동 앞,송파구,244.0,156.0
202502,4475,송파파인타운 4단지 403동,송파구,160.0,156.0
202502,4478,문정근린공원2,송파구,524.0,523.0
202502,4479,문정중학교,송파구,85.0,57.0
202502,4480,가락시장 남1문 사거리,송파구,368.0,400.0
202502,4481,올림픽공원 북2문 B,송파구,786.0,782.0
202502,4483,잠실나들목4,송파구,587.0,567.0
202502,4484,잠실나루역4번출구뒤,송파구,954.0,966.0
202502,4485,잠실나루역 고가하부,송파구,345.0,226.0
202502,4486,홈플러스 잠실점,송파구,1162.0,1147.0
202502,4488,"문현중,고등학교 사이",송파구,108.0,114.0
202502,4490,송파파인타운 10단지 1005동,송파구,113.0,101.0
202502,4491,장지역 1번출구,송파구,602.0,603.0
202502,4493,마천사거리 2,송파구,191.0,170.0
202502,4496,잠실 파크리오 120동 앞,송파구,750.0,760.0
202502,4497,아시아선수촌아파트 교차로,송파구,726.0,756.0
202502,4499,세양청마루 101동 앞,송파구,312.0,160.0
202502,4852,서울복합물류 게이트 1,송파구,1201.0,1379.0
202502,4854,가락시장역 2번 출구,송파구,630.0,620.0
202502,4855,거여5단지 503동 앞,송파구,311.0,296.0
202502,4856,올림픽공원 서1문 앞,송파구,601.0,648.0
202502,4857,올림픽공원 장미광장,송파구,295.0,271.0
202502,4859,잠실나루 나들목,송파구,613.0,642.0
202502,4860,가락쌍용2차아파트 103동,송파구,362.0,346.0
202502,4862,성내교 남단,송파구,221.0,147.0
202502,4863,잠실나들목5,송파구,109.0,111.0
202502,4864,송파사거리,송파구,1222.0,1217.0
202502,4865,한성백제역 1번출구 뒤,송파구,1305.0,1330.0
202502,4867,가락대림아파트 앞,송파구,375.0,376.0
202502,4868,석촌호수 서호 남단,송파구,1665.0,1735.0
202502,4870,몽촌토성역 3번 출구,송파구,2334.0,2360.0
202502,4871,오금동 대림아파트 정문,송파구,255.0,255.0
202502,4872,개롱역 3번 출구 뒤,송파구,443.0,455.0
202502,4873,개롱역사거리 2번 출구,송파구,518.0,506.0
202502,4874,탄천1교 하부보도,송파구,293.0,275.0
202502,4875,위례포레샤인13단지,송파구,127.0,129.0
202502,4879,마천청소년센터,송파구,111.0,106.0
202502,4880,송파청소년센터,송파구,467.0,463.0
202502,4881,거여동사거리 송파둘레길 입구,송파구,96.0,96.0
202502,4882,위례포레샤인18단지 1802동,송파구,119.0,94.0
202502,4883,위례포레샤인18단지 1812동,송파구,102.0,12.0
202502,4884,H비즈니스파크,송파구,862.0,929.0
202502,4885,가든파이브 리빙관,송파구,181.0,187.0
202502,4886,배명고등학교 건너편,송파구,446.0,434.0
202502,4887,호돌이상가,송파구,387.0,377.0
202502,4888,둔촌오륜역 2번출구,송파구,193.0,162.0
202502,4889,마천역 1번 출구 인근②,송파구,350.0,341.0
202502,4891,위례포레나송파,송파구,325.0,298.0
202502,4892,성내유수지 체육공원,송파구,179.0,109.0
202502,4893,문정법조단지12,송파구,1457.0,1518.0
202502,4895,송파레이크힐 상가,송파구,413.0,407.0
202502,4896,송파레이크힐,송파구,75.0,63.0
202502,4897,잠실주공5단지1,송파구,1848.0,1777.0
202502,5751,송파여성축구장,송파구,164.0,123.0
202502,5752,풍납백제문화공원 옆 인근,송파구,1345.0,1369.0
202502,5753,호반써밋,송파구,289.0,272.0
202502,5756,극동아파트,송파구,534.0,534.0
202502,5758,올림픽선수기자촌아파트 123동 근처,송파구,302.0,202.0
202502,5759,풍납근린공원,송파구,485.0,484.0
202502,5760,풍납사거리 성내유수지,송파구,428.0,430.0
202502,5761,버섯분수대,송파구,423.0,425.0
202502,5763,세륜초등학교 건너편,송파구,57.0,56.0
202502,5764,한국체육대학교,송파구,295.0,286.0
202502,5765,삼전동주민센터 건너편,송파구,958.0,1108.0
202502,5766,북위례1,송파구,158.0,68.0
202502,5767,북위례2,송파구,104.0,89.0
202502,5768,방이삼거리,송파구,2271.0,2578.0
202502,5773,송파시그니처롯데캐슬,송파구,136.0,118.0
202502,5774,가락본동주민센터 인근,송파구,653.0,631.0
202502,5775,가락시장역 5번출구,송파구,367.0,381.0
202502,5777,호반써밋12단지,송파구,321.0,282.0
202502,5778,북위례3,송파구,145.0,113.0
202502,5779,나래교,송파구,142.0,129.0
202502,5780,송파세무서,송파구,84.0,80.0
202502,5781,올림픽공원 수영장,송파구,1817.0,1879.0
202502,5782,오금현대 아파트 상가입구 앞,송파구,271.0,268.0
202503,1201,가락시장역 3번 출구,송파구,1635.0,1669.0
202503,1203,밀리아나2빌딩 앞,송파구,999.0,1003.0
202503,1204,거여역 3번출구,송파구,1246.0,1364.0
202503,1205,종합운동장역 4번출구,송파구,1476.0,1253.0
202503,1206,9호선종합운동장역 9번출구,송파구,1081.0,1052.0
202503,1207,마천중앙시장,송파구,552.0,581.0
202503,1208,풍납현대아파트쉼터,송파구,2175.0,2147.0
202503,1209,잠실나루역 (2번 출구 쪽),송파구,2913.0,2837.0
202503,1210,롯데월드타워(잠실역2번출구 쪽),송파구,8313.0,8290.0
202503,1212,송파역 2번 출구앞,송파구,1153.0,1243.0
202503,1213,백토공원 앞,송파구,293.0,272.0
202503,1214,오금역 7번 출구 인근,송파구,716.0,662.0
202503,1215,올림픽공원역 1번출구 앞,송파구,1622.0,1613.0
202503,1217,송파파인타운 7단지,송파구,640.0,617.0
202503,1218,방이역 4번출구,송파구,2119.0,2133.0
202503,1220,잠실근린공원,송파구,2304.0,2555.0
202503,1221,삼전역 4번출구,송파구,1408.0,1543.0
202503,1222,잠실새내역 5번 출구 뒤,송파구,3369.0,3672.0
202503,1224,아시아지하보도 2번 출구,송파구,1582.0,1579.0
202503,1226,잠실4동 주민센터 옆,송파구,2026.0,2071.0
202503,1227,거여역 8번출구 뒤,송파구,1112.0,1115.0
202503,1228,마천사거리,송파구,649.0,789.0
202503,1229,송파체육문화회관 앞,송파구,1020.0,1008.0
202503,1230,송파중학교 정문,송파구,540.0,438.0
202503,1231,잠실역 6번출구,송파구,2753.0,2815.0
202503,1232,잠실주공 521동 건너편,송파구,2596.0,2579.0
202503,1233,잠실3거리(갤러리아팰리스),송파구,989.0,949.0
202503,1235,잠실트리지움310동 옆,송파구,1930.0,2123.0
202503,1239,문정 법조단지3,송파구,566.0,557.0
202503,1240,문정 법조단지4,송파구,595.0,544.0
202503,1241,문정 법조단지5,송파구,501.0,479.0
202503,1242,문정 법조단지6,송파구,187.0,188.0
202503,1243,문정 법조단지7,송파구,1835.0,1828.0
202503,1244,문정 법조단지8,송파구,1943.0,1948.0
202503,1245,문정 법조단지9,송파구,1301.0,1284.0
202503,1246,문정 법조단지10,송파구,1583.0,1566.0
202503,1247,문정 법조단지11,송파구,713.0,663.0
202503,1248,방이초등학교,송파구,1969.0,1598.0
202503,1250,문정2동 주민센터,송파구,100.0,80.0
202503,1251,석촌역 2번출구,송파구,2319.0,2326.0
202503,1253,오금역 3번 출구 뒤,송파구,555.0,541.0
202503,1256,문정현대아파트 교차로,송파구,723.0,706.0
202503,1257,가락시장역 사거리,송파구,1020.0,1050.0
202503,1258,가락미륭아파트 앞,송파구,328.0,251.0
202503,1259,방이역 1번출구,송파구,1394.0,1409.0
202503,1260,방이동 한양3차아파트 옆,송파구,1331.0,1332.0
202503,1262,송파여성문화회관 앞,송파구,1861.0,1895.0
202503,1263,장지공영차고지,송파구,314.0,334.0
202503,1264,천호역 10번 출구 앞,송파구,2921.0,2921.0
202503,1265,문정동 근린공원,송파구,1010.0,1028.0
202503,1266,문정동 글샘 공원,송파구,505.0,481.0
202503,1267,올림픽공원 남2문 앞,송파구,954.0,946.0
202503,1268,몽촌토성역 1번출구 옆,송파구,1616.0,1632.0
202503,1269,리센츠아파트,송파구,1456.0,1376.0
202503,1271,송파도서관,송파구,948.0,953.0
202503,1274,영파여고 앞,송파구,1282.0,1269.0
202503,1275,거여초등학교 옆,송파구,516.0,552.0
202503,1277,성내7교,송파구,823.0,879.0
202503,1278,송파구청 교차로,송파구,1901.0,1890.0
202503,1279,마천금호어울림 1차아파트 건너편,송파구,256.0,262.0
202503,1280,송파파크데일 2단지입구 앞 주차장,송파구,353.0,325.0
202503,1282,송파소방서 맞은편(성내4교),송파구,1376.0,1499.0
202503,1283,오금공원 사거리,송파구,209.0,107.0
202503,1285,위례별 유치원 뒤,송파구,361.0,354.0
202503,1286,위례중앙푸르지오 1단지 앞,송파구,1021.0,1006.0
202503,1287,위례아이파크 101동 맞은편,송파구,394.0,412.0
202503,1288,문정중교 사거리,송파구,1131.0,981.0
202503,1289,풍납토성 서성벽터B,송파구,598.0,615.0
202503,1290,위례송파꿈에그린아파트24단지 앞 성벽 다리 밑,송파구,699.0,750.0
202503,1291,서울체육고등학교 앞,송파구,1786.0,1878.0
202503,1293,석촌호수 서호 사거리,송파구,2487.0,2578.0
202503,1295,잠실역 8번출구,송파구,3308.0,3304.0
202503,1296,석촌호수교차로 (송파나루근린공원 앞),송파구,550.0,555.0
202503,1297,석촌호수교차로(동호 팔각정 앞),송파구,2665.0,2680.0
202503,1299,송파소방서 (방이119안전센터),송파구,589.0,487.0
202503,1300,오륜사거리,송파구,681.0,696.0
202503,2601,석촌호수 아뜰리에,송파구,1929.0,1913.0
202503,2603,송파 글마루 도서관,송파구,764.0,695.0
202503,2604,풍납토성 서성벽터A,송파구,1185.0,1283.0
202503,2605,복정역 1번 출구 앞,송파구,1418.0,1398.0
202503,2606,위례동주민센터,송파구,1592.0,1625.0
202503,2608,송파구청,송파구,5313.0,5303.0
202503,2609,보성중고등학교 후문 앞,송파구,228.0,215.0
202503,2611,송파지역자활센터 뒤,송파구,2367.0,2569.0
202503,2612,광평교사거리 인근,송파구,40.0,45.0
202503,2613,잠실나들목,송파구,1810.0,1872.0
202503,2614,가락고등학교 앞,송파구,448.0,352.0
202503,2615,테라타워2,송파구,2501.0,2471.0
202503,2616,거여동 사거리,송파구,355.0,310.0
202503,2617,가락삼환아파트 앞,송파구,359.0,330.0
202503,2618,삼전역 1번출구,송파구,1649.0,1751.0
202503,2619,석촌고분역 4번출구,송파구,1626.0,1685.0
202503,2620,송파나루역 4번 출구옆,송파구,4022.0,4385.0
202503,2621,한성백제역 2번 출구,송파구,2416.0,2429.0
202503,2622,올림픽공원역 3번출구,송파구,5118.0,5087.0
202503,2623,석촌동 주민센터,송파구,2828.0,2689.0
202503,2625,가락종합 사회복지관,송파구,209.0,200.0
202503,2626,"경찰병원역 1,2번 출구 사이",송파구,491.0,488.0
202503,2627,문정시영아파트 5동 앞 공원,송파구,992.0,569.0
202503,2628,문정역 1번출구,송파구,2798.0,3063.0
202503,2630,서울방이동 고분군,송파구,1690.0,1670.0
202503,2631,배명고등학교,송파구,634.0,669.0
202503,2632,석촌고분역 2번 출구,송파구,2029.0,2083.0
202503,2633,송파학사 옆,송파구,732.0,675.0
202503,2634,위례포레샤인아파트 2318동,송파구,467.0,564.0
202503,2635,잠실새내역 1번출구,송파구,2067.0,1997.0
202503,2637,아시아지하보도 14번 출구,송파구,2314.0,2315.0
202503,2639,석촌역 8번출구,송파구,3189.0,3173.0
202503,2641,송파역 4번출구,송파구,2533.0,2536.0
202503,2642,마천동 성내천 쉼터,송파구,833.0,816.0
202503,2643,풍납중학교 측면,송파구,282.0,246.0
202503,2644,성내5교,송파구,1113.0,1231.0
202503,2645,잠실나들목2(엘스아파트136동),송파구,1705.0,1783.0
202503,2646,레이크펠리스101동앞,송파구,2760.0,2835.0
202503,2647,잠실 자전거 수리센터 앞,송파구,1667.0,1713.0
202503,2648,헬리오시티 112동 앞,송파구,977.0,946.0
202503,2649,오금공원사거리2,송파구,239.0,153.0
202503,2650,위례22단지 2208동 다리앞,송파구,369.0,394.0
202503,2651,경찰병원역 3번출구 앞,송파구,1137.0,1142.0
202503,2652,송파 레미니스1단지 102동 앞,송파구,632.0,557.0
202503,2653,올림픽공원사거리(선수촌아파트),송파구,1148.0,1140.0
202503,2654,올림픽선수촌아파트 136동 앞,송파구,665.0,524.0
202503,2655,송이공원,송파구,541.0,430.0
202503,2656,풍납동 아이파크 107동 앞,송파구,1169.0,1154.0
202503,2657,송파 파인타운 11단지,송파구,640.0,598.0
202503,2658,가락몰 업무동,송파구,1313.0,1320.0
202503,2659,서울친환경유통센터,송파구,215.0,213.0
202503,4452,삼성SDS,송파구,3230.0,3195.0
202503,4453,위례중앙푸르지오 201동 앞,송파구,1187.0,1174.0
202503,4454,위례 포레샤인 1809동 부근,송파구,278.0,94.0
202503,4457,아산병원 기숙사 부근,송파구,4071.0,4050.0
202503,4458,가락2동주민센터 인근,송파구,398.0,372.0
202503,4460,올림픽훼미리아파트 112동 앞,송파구,1017.0,1044.0
202503,4462,가락중학교 앞,송파구,540.0,481.0
202503,4463,방이역 2번 출구,송파구,696.0,718.0
202503,4464,올림픽공원 북2문 A,송파구,965.0,1021.0
202503,4465,건영아파트앞 사거리,송파구,1277.0,1277.0
202503,4468,가락1동주민센터,송파구,1028.0,996.0
202503,4469,거여동 어울림아파트  102동앞,송파구,401.0,398.0
202503,4472,송파파크데일 1단지 115동 건너편,송파구,338.0,334.0
202503,4473,마천금호어울림 1차 102동앞,송파구,182.0,188.0
202503,4474,가락현대 1차 11동 앞,송파구,448.0,340.0
202503,4475,송파파인타운 4단지 403동,송파구,404.0,402.0
202503,4478,문정근린공원2,송파구,827.0,829.0
202503,4479,문정중학교,송파구,170.0,117.0
202503,4480,가락시장 남1문 사거리,송파구,654.0,690.0
202503,4481,올림픽공원 북2문 B,송파구,1672.0,1793.0
202503,4483,잠실나들목4,송파구,1375.0,1444.0
202503,4484,잠실나루역4번출구뒤,송파구,1894.0,1885.0
202503,4485,잠실나루역 고가하부,송파구,472.0,423.0
202503,4486,홈플러스 잠실점,송파구,2168.0,2155.0
202503,4488,"문현중,고등학교 사이",송파구,229.0,208.0
202503,4490,송파파인타운 10단지 1005동,송파구,251.0,245.0
202503,4491,장지역 1번출구,송파구,1234.0,1230.0
202503,4493,마천사거리 2,송파구,307.0,320.0
202503,4496,잠실 파크리오 120동 앞,송파구,1243.0,1231.0
202503,4497,아시아선수촌아파트 교차로,송파구,1471.0,1452.0
202503,4499,세양청마루 101동 앞,송파구,684.0,307.0
202503,4852,서울복합물류 게이트 1,송파구,1729.0,1850.0
202503,4854,가락시장역 2번 출구,송파구,1140.0,1141.0
202503,4855,거여5단지 503동 앞,송파구,503.0,505.0
202503,4856,올림픽공원 서1문 앞,송파구,1426.0,1419.0
202503,4857,올림픽공원 장미광장,송파구,454.0,431.0
202503,4859,잠실나루 나들목,송파구,1606.0,1635.0
202503,4860,가락쌍용2차아파트 103동,송파구,763.0,671.0
202503,4862,성내교 남단,송파구,470.0,355.0
202503,4863,잠실나들목5,송파구,291.0,290.0
202503,4864,송파사거리,송파구,2271.0,2287.0
202503,4865,한성백제역 1번출구 뒤,송파구,2495.0,2525.0
202503,4867,가락대림아파트 앞,송파구,810.0,788.0
202503,4868,석촌호수 서호 남단,송파구,2615.0,2617.0
202503,4870,몽촌토성역 3번 출구,송파구,4687.0,4696.0
202503,4871,오금동 대림아파트 정문,송파구,533.0,475.0
202503,4872,개롱역 3번 출구 뒤,송파구,938.0,986.0
202503,4873,개롱역사거리 2번 출구,송파구,1072.0,1113.0
202503,4874,탄천1교 하부보도,송파구,608.0,562.0
202503,4875,위례포레샤인13단지,송파구,252.0,254.0
202503,4879,마천청소년센터,송파구,138.0,135.0
202503,4880,송파청소년센터,송파구,848.0,851.0
202503,4881,거여동사거리 송파둘레길 입구,송파구,151.0,138.0
202503,4882,위례포레샤인18단지 1802동,송파구,256.0,243.0
202503,4883,위례포레샤인18단지 1812동,송파구,167.0,22.0
202503,4884,H비즈니스파크,송파구,1517.0,1539.0
202503,4885,가든파이브 리빙관,송파구,355.0,360.0
202503,4886,배명고등학교 건너편,송파구,780.0,830.0
202503,4887,호돌이상가,송파구,643.0,638.0
202503,4888,둔촌오륜역 2번출구,송파구,519.0,403.0
202503,4889,마천역 1번 출구 인근②,송파구,534.0,504.0
202503,4891,위례포레나송파,송파구,547.0,500.0
202503,4892,성내유수지 체육공원,송파구,299.0,250.0
202503,4893,문정법조단지12,송파구,2344.0,2413.0
202503,4895,송파레이크힐 상가,송파구,920.0,919.0
202503,4896,송파레이크힐,송파구,173.0,143.0
202503,4897,잠실주공5단지1,송파구,2966.0,2920.0
202503,5751,송파여성축구장,송파구,342.0,323.0
202503,5752,풍납백제문화공원 옆 인근,송파구,2313.0,2376.0
202503,5753,호반써밋,송파구,662.0,646.0
202503,5756,극동아파트,송파구,889.0,863.0
202503,5758,올림픽선수기자촌아파트 123동 근처,송파구,602.0,355.0
202503,5759,풍납근린공원,송파구,763.0,742.0
202503,5760,풍납사거리 성내유수지,송파구,795.0,812.0
202503,5761,버섯분수대,송파구,900.0,911.0
202503,5763,세륜초등학교 건너편,송파구,230.0,174.0
202503,5764,한국체육대학교,송파구,592.0,582.0
202503,5765,삼전동주민센터 건너편,송파구,1749.0,1972.0
202503,5766,북위례1,송파구,242.0,136.0
202503,5767,북위례2,송파구,207.0,174.0
202503,5768,방이삼거리,송파구,4184.0,4722.0
202503,5773,송파시그니처롯데캐슬,송파구,279.0,328.0
202503,5774,가락본동주민센터 인근,송파구,1128.0,1129.0
202503,5775,가락시장역 5번출구,송파구,717.0,768.0
202503,5777,호반써밋12단지,송파구,525.0,486.0
202503,5778,북위례3,송파구,401.0,203.0
202503,5779,나래교,송파구,245.0,237.0
202503,5780,송파세무서,송파구,166.0,165.0
202503,5781,올림픽공원 수영장,송파구,2904.0,3094.0
202503,5782,오금현대 아파트 상가입구 앞,송파구,563.0,562.0
202504,1201,가락시장역 3번 출구,송파구,2066.0,2083.0
202504,1203,밀리아나2빌딩 앞,송파구,1334.0,1331.0
202504,1204,거여역 3번출구,송파구,1540.0,1631.0
202504,1205,종합운동장역 4번출구,송파구,2162.0,1812.0
202504,1206,9호선종합운동장역 9번출구,송파구,1510.0,1468.0
202504,1207,마천중앙시장,송파구,685.0,699.0
202504,1208,풍납현대아파트쉼터,송파구,2651.0,2633.0
202504,1209,잠실나루역 (2번 출구 쪽),송파구,3577.0,3516.0
202504,1210,롯데월드타워(잠실역2번출구 쪽),송파구,11297.0,11243.0
202504,1212,송파역 2번 출구앞,송파구,1588.0,1730.0
202504,1213,백토공원 앞,송파구,414.0,386.0
202504,1214,오금역 7번 출구 인근,송파구,997.0,924.0
202504,1215,올림픽공원역 1번출구 앞,송파구,2238.0,2234.0
202504,1217,송파파인타운 7단지,송파구,803.0,795.0
202504,1218,방이역 4번출구,송파구,2955.0,2912.0
202504,1220,잠실근린공원,송파구,2692.0,2955.0
202504,1221,삼전역 4번출구,송파구,2014.0,2110.0
202504,1222,잠실새내역 5번 출구 뒤,송파구,4550.0,4877.0
202504,1224,아시아지하보도 2번 출구,송파구,2099.0,2074.0
202504,1226,잠실4동 주민센터 옆,송파구,2502.0,2581.0
202504,1227,거여역 8번출구 뒤,송파구,1495.0,1521.0
202504,1228,마천사거리,송파구,841.0,1007.0
202504,1229,송파체육문화회관 앞,송파구,1392.0,1374.0
202504,1230,송파중학교 정문,송파구,734.0,582.0
202504,1231,잠실역 6번출구,송파구,3469.0,3654.0
202504,1232,잠실주공 521동 건너편,송파구,3131.0,3114.0
202504,1233,잠실3거리(갤러리아팰리스),송파구,1322.0,1171.0
202504,1235,잠실트리지움310동 옆,송파구,2343.0,2718.0
202504,1239,문정 법조단지3,송파구,736.0,736.0
202504,1240,문정 법조단지4,송파구,846.0,781.0
202504,1241,문정 법조단지5,송파구,661.0,639.0
202504,1242,문정 법조단지6,송파구,212.0,208.0
202504,1243,문정 법조단지7,송파구,2602.0,2637.0
202504,1244,문정 법조단지8,송파구,2548.0,2510.0
202504,1245,문정 법조단지9,송파구,1685.0,1624.0
202504,1246,문정 법조단지10,송파구,2291.0,2235.0
202504,1247,문정 법조단지11,송파구,843.0,819.0
202504,1248,방이초등학교,송파구,2954.0,2391.0
202504,1250,문정2동 주민센터,송파구,200.0,173.0
202504,1251,석촌역 2번출구,송파구,3375.0,3330.0
202504,1253,오금역 3번 출구 뒤,송파구,797.0,742.0
202504,1256,문정현대아파트 교차로,송파구,777.0,765.0
202504,1257,가락시장역 사거리,송파구,1293.0,1351.0
202504,1258,가락미륭아파트 앞,송파구,639.0,384.0
202504,1259,방이역 1번출구,송파구,1768.0,1900.0
202504,1260,방이동 한양3차아파트 옆,송파구,1764.0,1722.0
202504,1262,송파여성문화회관 앞,송파구,2581.0,2592.0
202504,1263,장지공영차고지,송파구,363.0,405.0
202504,1264,천호역 10번 출구 앞,송파구,3799.0,3790.0
202504,1265,문정동 근린공원,송파구,1400.0,1405.0
202504,1266,문정동 글샘 공원,송파구,780.0,747.0
202504,1267,올림픽공원 남2문 앞,송파구,1522.0,1440.0
202504,1268,몽촌토성역 1번출구 옆,송파구,2632.0,2612.0
202504,1269,리센츠아파트,송파구,1928.0,1732.0
202504,1271,송파도서관,송파구,1198.0,1214.0
202504,1274,영파여고 앞,송파구,1742.0,1701.0
202504,1275,거여초등학교 옆,송파구,586.0,710.0
202504,1277,성내7교,송파구,1113.0,1212.0
202504,1278,송파구청 교차로,송파구,2640.0,2687.0
202504,1279,마천금호어울림 1차아파트 건너편,송파구,385.0,388.0
202504,1280,송파파크데일 2단지입구 앞 주차장,송파구,447.0,427.0
202504,1282,송파소방서 맞은편(성내4교),송파구,1579.0,1952.0
202504,1283,오금공원 사거리,송파구,311.0,121.0
202504,1285,위례별 유치원 뒤,송파구,448.0,426.0
202504,1286,위례중앙푸르지오 1단지 앞,송파구,1266.0,1251.0
202504,1287,위례아이파크 101동 맞은편,송파구,466.0,433.0
202504,1288,문정중교 사거리,송파구,1439.0,1332.0
202504,1289,풍납토성 서성벽터B,송파구,831.0,878.0
202504,1290,위례송파꿈에그린아파트24단지 앞 성벽 다리 밑,송파구,817.0,892.0
202504,1291,서울체육고등학교 앞,송파구,2565.0,2929.0
202504,1293,석촌호수 서호 사거리,송파구,3412.0,3703.0
202504,1295,잠실역 8번출구,송파구,4646.0,4608.0
202504,1296,석촌호수교차로 (송파나루근린공원 앞),송파구,863.0,852.0
202504,1297,석촌호수교차로(동호 팔각정 앞),송파구,3489.0,3575.0
202504,1299,송파소방서 (방이119안전센터),송파구,731.0,643.0
202504,1300,오륜사거리,송파구,813.0,876.0
202504,2601,석촌호수 아뜰리에,송파구,2297.0,2429.0
202504,2603,송파 글마루 도서관,송파구,1025.0,1007.0
202504,2604,풍납토성 서성벽터A,송파구,1535.0,1646.0
202504,2605,복정역 1번 출구 앞,송파구,1935.0,1977.0
202504,2606,위례동주민센터,송파구,2021.0,2267.0
202504,2608,송파구청,송파구,7145.0,7393.0
202504,2609,보성중고등학교 후문 앞,송파구,315.0,282.0
202504,2611,송파지역자활센터 뒤,송파구,2869.0,3084.0
202504,2612,광평교사거리 인근,송파구,97.0,84.0
202504,2613,잠실나들목,송파구,2834.0,2939.0
202504,2614,가락고등학교 앞,송파구,627.0,489.0
202504,2615,테라타워2,송파구,3360.0,3323.0
202504,2616,거여동 사거리,송파구,467.0,472.0
202504,2617,가락삼환아파트 앞,송파구,486.0,426.0
202504,2618,삼전역 1번출구,송파구,2090.0,2214.0
202504,2619,석촌고분역 4번출구,송파구,2056.0,2188.0
202504,2620,송파나루역 4번 출구옆,송파구,5570.0,6034.0
202504,2621,한성백제역 2번 출구,송파구,3568.0,3652.0
202504,2622,올림픽공원역 3번출구,송파구,7190.0,7156.0
202504,2623,석촌동 주민센터,송파구,3538.0,3441.0
202504,2625,가락종합 사회복지관,송파구,382.0,318.0
202504,2626,"경찰병원역 1,2번 출구 사이",송파구,658.0,654.0
202504,2627,문정시영아파트 5동 앞 공원,송파구,1571.0,675.0
202504,2628,문정역 1번출구,송파구,3842.0,4126.0
202504,2630,서울방이동 고분군,송파구,2293.0,2181.0
202504,2631,배명고등학교,송파구,804.0,881.0
202504,2632,석촌고분역 2번 출구,송파구,2594.0,2825.0
202504,2633,송파학사 옆,송파구,1088.0,976.0
202504,2634,위례포레샤인아파트 2318동,송파구,684.0,764.0
202504,2635,잠실새내역 1번출구,송파구,2878.0,2653.0
202504,2637,아시아지하보도 14번 출구,송파구,2967.0,2999.0
202504,2639,석촌역 8번출구,송파구,4049.0,3989.0
202504,2641,송파역 4번출구,송파구,3388.0,3399.0
202504,2642,마천동 성내천 쉼터,송파구,1189.0,1202.0
202504,2643,풍납중학교 측면,송파구,477.0,450.0
202504,2644,성내5교,송파구,1371.0,1611.0
202504,2645,잠실나들목2(엘스아파트136동),송파구,2308.0,2413.0
202504,2646,레이크펠리스101동앞,송파구,3614.0,3697.0
202504,2647,잠실 자전거 수리센터 앞,송파구,1829.0,1899.0
202504,2648,헬리오시티 112동 앞,송파구,1481.0,1350.0
202504,2649,오금공원사거리2,송파구,478.0,243.0
202504,2650,위례22단지 2208동 다리앞,송파구,458.0,465.0
202504,2651,경찰병원역 3번출구 앞,송파구,1510.0,1512.0
202504,2652,송파 레미니스1단지 102동 앞,송파구,984.0,762.0
202504,2653,올림픽공원사거리(선수촌아파트),송파구,1453.0,1428.0
202504,2654,올림픽선수촌아파트 136동 앞,송파구,845.0,646.0
202504,2655,송이공원,송파구,969.0,712.0
202504,2656,풍납동 아이파크 107동 앞,송파구,1519.0,1527.0
202504,2657,송파 파인타운 11단지,송파구,859.0,802.0
202504,2658,가락몰 업무동,송파구,1729.0,1769.0
202504,2659,서울친환경유통센터,송파구,268.0,250.0
202504,4452,삼성SDS,송파구,4299.0,4324.0
202504,4453,위례중앙푸르지오 201동 앞,송파구,1472.0,1489.0
202504,4454,위례 포레샤인 1809동 부근,송파구,280.0,111.0
202504,4457,아산병원 기숙사 부근,송파구,5842.0,5806.0
202504,4458,가락2동주민센터 인근,송파구,493.0,449.0
202504,4460,올림픽훼미리아파트 112동 앞,송파구,1297.0,1310.0
202504,4461,한양3차아파트 3동 앞,송파구,135.0,94.0
202504,4462,가락중학교 앞,송파구,799.0,666.0
202504,4463,방이역 2번 출구,송파구,884.0,901.0
202504,4464,올림픽공원 북2문 A,송파구,1658.0,1687.0
202504,4465,건영아파트앞 사거리,송파구,1669.0,1665.0
202504,4468,가락1동주민센터,송파구,1420.0,1358.0
202504,4469,거여동 어울림아파트  102동앞,송파구,557.0,559.0
202504,4472,송파파크데일 1단지 115동 건너편,송파구,592.0,503.0
202504,4473,마천금호어울림 1차 102동앞,송파구,248.0,239.0
202504,4474,가락현대 1차 11동 앞,송파구,599.0,465.0
202504,4475,송파파인타운 4단지 403동,송파구,559.0,547.0
202504,4478,문정근린공원2,송파구,1133.0,1144.0
202504,4479,문정중학교,송파구,261.0,213.0
202504,4480,가락시장 남1문 사거리,송파구,831.0,851.0
202504,4481,올림픽공원 북2문 B,송파구,2930.0,3178.0
202504,4483,잠실나들목4,송파구,1857.0,2013.0
202504,4484,잠실나루역4번출구뒤,송파구,2533.0,2525.0
202504,4485,잠실나루역 고가하부,송파구,915.0,625.0
202504,4486,홈플러스 잠실점,송파구,2618.0,2614.0
202504,4488,"문현중,고등학교 사이",송파구,262.0,255.0
202504,4490,송파파인타운 10단지 1005동,송파구,349.0,285.0
202504,4491,장지역 1번출구,송파구,1602.0,1608.0
202504,4493,마천사거리 2,송파구,400.0,392.0
202504,4496,잠실 파크리오 120동 앞,송파구,1564.0,1588.0
202504,4497,아시아선수촌아파트 교차로,송파구,1932.0,1945.0
202504,4499,세양청마루 101동 앞,송파구,902.0,381.0
202504,4852,서울복합물류 게이트 1,송파구,1657.0,1946.0
202504,4854,가락시장역 2번 출구,송파구,1510.0,1494.0
202504,4855,거여5단지 503동 앞,송파구,653.0,640.0
202504,4856,올림픽공원 서1문 앞,송파구,1995.0,2055.0
202504,4857,올림픽공원 장미광장,송파구,630.0,578.0
202504,4859,잠실나루 나들목,송파구,2086.0,2106.0
202504,4860,가락쌍용2차아파트 103동,송파구,936.0,853.0
202504,4862,성내교 남단,송파구,725.0,611.0
202504,4863,잠실나들목5,송파구,451.0,446.0
202504,4864,송파사거리,송파구,3087.0,3058.0
202504,4865,한성백제역 1번출구 뒤,송파구,3439.0,3454.0
202504,4867,가락대림아파트 앞,송파구,1061.0,1051.0
202504,4868,석촌호수 서호 남단,송파구,2585.0,2645.0
202504,4870,몽촌토성역 3번 출구,송파구,6156.0,6101.0
202504,4871,오금동 대림아파트 정문,송파구,751.0,670.0
202504,4872,개롱역 3번 출구 뒤,송파구,1276.0,1312.0
202504,4873,개롱역사거리 2번 출구,송파구,1307.0,1369.0
202504,4874,탄천1교 하부보도,송파구,789.0,774.0
202504,4875,위례포레샤인13단지,송파구,404.0,379.0
202504,4879,마천청소년센터,송파구,163.0,155.0
202504,4880,송파청소년센터,송파구,1098.0,1081.0
202504,4881,거여동사거리 송파둘레길 입구,송파구,233.0,226.0
202504,4882,위례포레샤인18단지 1802동,송파구,414.0,304.0
202504,4883,위례포레샤인18단지 1812동,송파구,254.0,30.0
202504,4884,H비즈니스파크,송파구,2092.0,2189.0
202504,4885,가든파이브 리빙관,송파구,493.0,545.0
202504,4886,배명고등학교 건너편,송파구,1005.0,1028.0
202504,4887,호돌이상가,송파구,855.0,819.0
202504,4888,둔촌오륜역 2번출구,송파구,676.0,588.0
202504,4889,마천역 1번 출구 인근②,송파구,781.0,746.0
202504,4891,위례포레나송파,송파구,802.0,738.0
202504,4892,성내유수지 체육공원,송파구,491.0,345.0
202504,4893,문정법조단지12,송파구,2978.0,3383.0
202504,4895,송파레이크힐 상가,송파구,1180.0,1183.0
202504,4896,송파레이크힐,송파구,149.0,125.0
202504,4897,잠실주공5단지1,송파구,3044.0,3100.0
202504,5751,송파여성축구장,송파구,733.0,679.0
202504,5752,풍납백제문화공원 옆 인근,송파구,2702.0,2783.0
202504,5753,호반써밋,송파구,785.0,752.0
202504,5756,극동아파트,송파구,1133.0,1107.0
202504,5758,올림픽선수기자촌아파트 123동 근처,송파구,881.0,521.0
202504,5759,풍납근린공원,송파구,794.0,792.0
202504,5760,풍납사거리 성내유수지,송파구,1051.0,1020.0
202504,5761,버섯분수대,송파구,1257.0,1247.0
202504,5763,세륜초등학교 건너편,송파구,289.0,236.0
202504,5764,한국체육대학교,송파구,757.0,755.0
202504,5765,삼전동주민센터 건너편,송파구,2311.0,2626.0
202504,5766,북위례1,송파구,462.0,234.0
202504,5767,북위례2,송파구,298.0,257.0
202504,5768,방이삼거리,송파구,4492.0,5096.0
202504,5773,송파시그니처롯데캐슬,송파구,375.0,408.0
202504,5774,가락본동주민센터 인근,송파구,1423.0,1408.0
202504,5775,가락시장역 5번출구,송파구,1014.0,1092.0
202504,5777,호반써밋12단지,송파구,607.0,582.0
202504,5778,북위례3,송파구,548.0,289.0
202504,5779,나래교,송파구,402.0,356.0
202504,5780,송파세무서,송파구,348.0,346.0
202504,5781,올림픽공원 수영장,송파구,3734.0,3976.0
202504,5782,오금현대 아파트 상가입구 앞,송파구,879.0,855.0
202505,1201,가락시장역 3번 출구,송파구,2040.0,2073.0
202505,1203,밀리아나2빌딩 앞,송파구,1380.0,1382.0
202505,1204,거여역 3번출구,송파구,1559.0,1703.0
202505,1205,종합운동장역 4번출구,송파구,2126.0,1871.0
202505,1206,9호선종합운동장역 9번출구,송파구,1465.0,1455.0
202505,1207,마천중앙시장,송파구,805.0,805.0
202505,1208,풍납현대아파트쉼터,송파구,3027.0,2988.0
202505,1209,잠실나루역 (2번 출구 쪽),송파구,3839.0,3753.0
202505,1210,롯데월드타워(잠실역2번출구 쪽),송파구,11499.0,11455.0
202505,1212,송파역 2번 출구앞,송파구,1717.0,1773.0
202505,1213,백토공원 앞,송파구,484.0,469.0
202505,1214,오금역 7번 출구 인근,송파구,911.0,861.0
202505,1215,올림픽공원역 1번출구 앞,송파구,2333.0,2333.0
202505,1217,송파파인타운 7단지,송파구,1016.0,982.0
202505,1218,방이역 4번출구,송파구,3188.0,3152.0
202505,1220,잠실근린공원,송파구,2783.0,3104.0
202505,1221,삼전역 4번출구,송파구,2115.0,2199.0
202505,1222,잠실새내역 5번 출구 뒤,송파구,5050.0,5250.0
202505,1224,아시아지하보도 2번 출구,송파구,2131.0,2066.0
202505,1226,잠실4동 주민센터 옆,송파구,2627.0,2642.0
202505,1227,거여역 8번출구 뒤,송파구,1499.0,1507.0
202505,1228,마천사거리,송파구,921.0,1154.0
202505,1229,송파체육문화회관 앞,송파구,1423.0,1409.0
202505,1230,송파중학교 정문,송파구,713.0,652.0
202505,1231,잠실역 6번출구,송파구,3587.0,3842.0
202505,1232,잠실주공 521동 건너편,송파구,3227.0,3297.0
202505,1233,잠실3거리(갤러리아팰리스),송파구,1421.0,1239.0
202505,1235,잠실트리지움310동 옆,송파구,2696.0,2929.0
202505,1239,문정 법조단지3,송파구,806.0,792.0
202505,1240,문정 법조단지4,송파구,925.0,841.0
202505,1241,문정 법조단지5,송파구,669.0,652.0
202505,1242,문정 법조단지6,송파구,200.0,203.0
202505,1243,문정 법조단지7,송파구,2431.0,2487.0
202505,1244,문정 법조단지8,송파구,2935.0,2899.0
202505,1245,문정 법조단지9,송파구,1864.0,1842.0
202505,1246,문정 법조단지10,송파구,2145.0,2151.0
202505,1247,문정 법조단지11,송파구,922.0,828.0
202505,1248,방이초등학교,송파구,2934.0,2523.0
202505,1250,문정2동 주민센터,송파구,305.0,270.0
202505,1251,석촌역 2번출구,송파구,3432.0,3407.0
202505,1253,오금역 3번 출구 뒤,송파구,877.0,860.0
202505,1256,문정현대아파트 교차로,송파구,738.0,735.0
202505,1257,가락시장역 사거리,송파구,1472.0,1415.0
202505,1258,가락미륭아파트 앞,송파구,632.0,395.0
202505,1259,방이역 1번출구,송파구,1987.0,1975.0
202505,1260,방이동 한양3차아파트 옆,송파구,1686.0,1669.0
202505,1262,송파여성문화회관 앞,송파구,2744.0,2775.0
202505,1263,장지공영차고지,송파구,346.0,395.0
202505,1264,천호역 10번 출구 앞,송파구,4117.0,4112.0
202505,1265,문정동 근린공원,송파구,1502.0,1529.0
202505,1266,문정동 글샘 공원,송파구,781.0,677.0
202505,1267,올림픽공원 남2문 앞,송파구,1620.0,1621.0
202505,1268,몽촌토성역 1번출구 옆,송파구,3250.0,3271.0
202505,1269,리센츠아파트,송파구,2030.0,1825.0
202505,1271,송파도서관,송파구,1103.0,1103.0
202505,1274,영파여고 앞,송파구,1706.0,1655.0
202505,1275,거여초등학교 옆,송파구,653.0,696.0
202505,1277,성내7교,송파구,1270.0,1271.0
202505,1278,송파구청 교차로,송파구,2578.0,2564.0
202505,1279,마천금호어울림 1차아파트 건너편,송파구,349.0,345.0
202505,1280,송파파크데일 2단지입구 앞 주차장,송파구,501.0,506.0
202505,1282,송파소방서 맞은편(성내4교),송파구,1648.0,1998.0
202505,1283,오금공원 사거리,송파구,234.0,132.0
202505,1285,위례별 유치원 뒤,송파구,503.0,506.0
202505,1286,위례중앙푸르지오 1단지 앞,송파구,1351.0,1325.0
202505,1287,위례아이파크 101동 맞은편,송파구,551.0,535.0
202505,1288,문정중교 사거리,송파구,1649.0,1584.0
202505,1289,풍납토성 서성벽터B,송파구,833.0,870.0
202505,1290,위례송파꿈에그린아파트24단지 앞 성벽 다리 밑,송파구,915.0,988.0
202505,1291,서울체육고등학교 앞,송파구,2656.0,2733.0
202505,1293,석촌호수 서호 사거리,송파구,3487.0,3627.0
202505,1295,잠실역 8번출구,송파구,4762.0,4737.0
202505,1296,석촌호수교차로 (송파나루근린공원 앞),송파구,899.0,855.0
202505,1297,석촌호수교차로(동호 팔각정 앞),송파구,4120.0,4087.0
202505,1299,송파소방서 (방이119안전센터),송파구,761.0,689.0
202505,1300,오륜사거리,송파구,922.0,929.0
202505,2601,석촌호수 아뜰리에,송파구,2845.0,2837.0
202505,2603,송파 글마루 도서관,송파구,1190.0,1104.0
202505,2604,풍납토성 서성벽터A,송파구,1602.0,1804.0
202505,2605,복정역 1번 출구 앞,송파구,1908.0,2021.0
202505,2606,위례동주민센터,송파구,2289.0,2456.0
202505,2608,송파구청,송파구,7522.0,7722.0
202505,2609,보성중고등학교 후문 앞,송파구,326.0,327.0
202505,2611,송파지역자활센터 뒤,송파구,3005.0,3244.0
202505,2612,광평교사거리 인근,송파구,51.0,49.0
202505,2613,잠실나들목,송파구,3220.0,3496.0
202505,2614,가락고등학교 앞,송파구,599.0,523.0
202505,2615,테라타워2,송파구,3058.0,3071.0
202505,2616,거여동 사거리,송파구,449.0,443.0
202505,2617,가락삼환아파트 앞,송파구,579.0,542.0
202505,2618,삼전역 1번출구,송파구,2220.0,2323.0
202505,2619,석촌고분역 4번출구,송파구,2244.0,2343.0
202505,2620,송파나루역 4번 출구옆,송파구,5664.0,6196.0
202505,2621,한성백제역 2번 출구,송파구,3936.0,3938.0
202505,2622,올림픽공원역 3번출구,송파구,8361.0,8335.0
202505,2623,석촌동 주민센터,송파구,3780.0,3661.0
202505,2625,가락종합 사회복지관,송파구,393.0,343.0
202505,2626,"경찰병원역 1,2번 출구 사이",송파구,713.0,705.0
202505,2627,문정시영아파트 5동 앞 공원,송파구,1638.0,750.0
202505,2628,문정역 1번출구,송파구,3982.0,4220.0
202505,2630,서울방이동 고분군,송파구,2365.0,2247.0
202505,2631,배명고등학교,송파구,886.0,976.0
202505,2632,석촌고분역 2번 출구,송파구,2783.0,2911.0
202505,2633,송파학사 옆,송파구,1176.0,1051.0
202505,2634,위례포레샤인아파트 2318동,송파구,768.0,884.0
202505,2635,잠실새내역 1번출구,송파구,2957.0,2733.0
202505,2637,아시아지하보도 14번 출구,송파구,3064.0,3119.0
202505,2639,석촌역 8번출구,송파구,4232.0,4163.0
202505,2641,송파역 4번출구,송파구,3760.0,3804.0
202505,2642,마천동 성내천 쉼터,송파구,1237.0,1288.0
202505,2643,풍납중학교 측면,송파구,627.0,473.0
202505,2644,성내5교,송파구,1569.0,1739.0
202505,2645,잠실나들목2(엘스아파트136동),송파구,2810.0,2912.0
202505,2646,레이크펠리스101동앞,송파구,3689.0,3939.0
202505,2647,잠실 자전거 수리센터 앞,송파구,1876.0,1971.0
202505,2648,헬리오시티 112동 앞,송파구,1608.0,1500.0
202505,2649,오금공원사거리2,송파구,415.0,274.0
202505,2650,위례22단지 2208동 다리앞,송파구,534.0,519.0
202505,2651,경찰병원역 3번출구 앞,송파구,1504.0,1511.0
202505,2652,송파 레미니스1단지 102동 앞,송파구,848.0,756.0
202505,2653,올림픽공원사거리(선수촌아파트),송파구,1555.0,1521.0
202505,2654,올림픽선수촌아파트 136동 앞,송파구,888.0,693.0
202505,2655,송이공원,송파구,1178.0,873.0
202505,2656,풍납동 아이파크 107동 앞,송파구,1520.0,1500.0
202505,2657,송파 파인타운 11단지,송파구,788.0,751.0
202505,2658,가락몰 업무동,송파구,1884.0,1908.0
202505,2659,서울친환경유통센터,송파구,274.0,255.0
202505,4452,삼성SDS,송파구,4119.0,4157.0
202505,4453,위례중앙푸르지오 201동 앞,송파구,1822.0,1782.0
202505,4454,위례 포레샤인 1809동 부근,송파구,346.0,110.0
202505,4457,아산병원 기숙사 부근,송파구,5560.0,5664.0
202505,4458,가락2동주민센터 인근,송파구,589.0,561.0
202505,4460,올림픽훼미리아파트 112동 앞,송파구,1373.0,1413.0
202505,4461,한양3차아파트 3동 앞,송파구,247.0,226.0
202505,4462,가락중학교 앞,송파구,798.0,738.0
202505,4463,방이역 2번 출구,송파구,955.0,924.0
202505,4464,올림픽공원 북2문 A,송파구,1701.0,1727.0
202505,4465,건영아파트앞 사거리,송파구,1784.0,1775.0
202505,4468,가락1동주민센터,송파구,1496.0,1521.0
202505,4469,거여동 어울림아파트  102동앞,송파구,583.0,592.0
202505,4472,송파파크데일 1단지 115동 건너편,송파구,500.0,487.0
202505,4473,마천금호어울림 1차 102동앞,송파구,229.0,229.0
202505,4474,가락현대 1차 11동 앞,송파구,574.0,464.0
202505,4475,송파파인타운 4단지 403동,송파구,565.0,519.0
202505,4478,문정근린공원2,송파구,1103.0,1094.0
202505,4479,문정중학교,송파구,236.0,214.0
202505,4480,가락시장 남1문 사거리,송파구,788.0,770.0
202505,4481,올림픽공원 북2문 B,송파구,2979.0,3059.0
202505,4483,잠실나들목4,송파구,2281.0,2437.0
202505,4484,잠실나루역4번출구뒤,송파구,2584.0,2578.0
202505,4485,잠실나루역 고가하부,송파구,807.0,621.0
202505,4486,홈플러스 잠실점,송파구,2831.0,2839.0
202505,4488,"문현중,고등학교 사이",송파구,265.0,249.0
202505,4490,송파파인타운 10단지 1005동,송파구,345.0,314.0
202505,4491,장지역 1번출구,송파구,1639.0,1681.0
202505,4493,마천사거리 2,송파구,443.0,462.0
202505,4496,잠실 파크리오 120동 앞,송파구,1722.0,1715.0
202505,4497,아시아선수촌아파트 교차로,송파구,2114.0,2129.0
202505,4499,세양청마루 101동 앞,송파구,1022.0,447.0
202505,4852,서울복합물류 게이트 1,송파구,1646.0,1906.0
202505,4854,가락시장역 2번 출구,송파구,1644.0,1635.0
202505,4855,거여5단지 503동 앞,송파구,595.0,590.0
202505,4856,올림픽공원 서1문 앞,송파구,2100.0,2102.0
202505,4857,올림픽공원 장미광장,송파구,1039.0,1002.0
202505,4859,잠실나루 나들목,송파구,2405.0,2409.0
202505,4860,가락쌍용2차아파트 103동,송파구,904.0,864.0
202505,4862,성내교 남단,송파구,689.0,590.0
202505,4863,잠실나들목5,송파구,551.0,561.0
202505,4864,송파사거리,송파구,3238.0,3243.0
202505,4865,한성백제역 1번출구 뒤,송파구,3700.0,3694.0
202505,4867,가락대림아파트 앞,송파구,1086.0,1051.0
202505,4868,석촌호수 서호 남단,송파구,3204.0,3206.0
202505,4870,몽촌토성역 3번 출구,송파구,6585.0,6559.0
202505,4871,오금동 대림아파트 정문,송파구,808.0,708.0
202505,4872,개롱역 3번 출구 뒤,송파구,1323.0,1334.0
202505,4873,개롱역사거리 2번 출구,송파구,1437.0,1438.0
202505,4874,탄천1교 하부보도,송파구,823.0,857.0
202505,4875,위례포레샤인13단지,송파구,495.0,491.0
202505,4879,마천청소년센터,송파구,169.0,170.0
202505,4880,송파청소년센터,송파구,1063.0,1042.0
202505,4881,거여동사거리 송파둘레길 입구,송파구,237.0,235.0
202505,4882,위례포레샤인18단지 1802동,송파구,328.0,313.0
202505,4883,위례포레샤인18단지 1812동,송파구,241.0,44.0
202505,4884,H비즈니스파크,송파구,2003.0,2205.0
202505,4885,가든파이브 리빙관,송파구,497.0,492.0
202505,4886,배명고등학교 건너편,송파구,1115.0,1158.0
202505,4887,호돌이상가,송파구,874.0,858.0
202505,4888,둔촌오륜역 2번출구,송파구,670.0,612.0
202505,4889,마천역 1번 출구 인근②,송파구,797.0,723.0
202505,4891,위례포레나송파,송파구,812.0,742.0
202505,4892,성내유수지 체육공원,송파구,394.0,358.0
202505,4893,문정법조단지12,송파구,2704.0,3084.0
202505,4895,송파레이크힐 상가,송파구,1230.0,1240.0
202505,4896,송파레이크힐,송파구,151.0,141.0
202505,4897,잠실주공5단지1,송파구,3381.0,3315.0
202505,5152,이스트폴 105동 방면 입구,송파구,245.0,223.0
202505,5751,송파여성축구장,송파구,730.0,688.0
202505,5752,풍납백제문화공원 옆 인근,송파구,2991.0,3086.0
202505,5753,호반써밋,송파구,888.0,841.0
202505,5756,극동아파트,송파구,1190.0,1187.0
202505,5758,올림픽선수기자촌아파트 123동 근처,송파구,791.0,580.0
202505,5759,풍납근린공원,송파구,1054.0,1066.0
202505,5760,풍납사거리 성내유수지,송파구,1172.0,1152.0
202505,5761,버섯분수대,송파구,1285.0,1278.0
202505,5763,세륜초등학교 건너편,송파구,346.0,262.0
202505,5764,한국체육대학교,송파구,874.0,860.0
202505,5765,삼전동주민센터 건너편,송파구,2498.0,2896.0
202505,5766,북위례1,송파구,459.0,243.0
202505,5767,북위례2,송파구,308.0,282.0
202505,5768,방이삼거리,송파구,6133.0,6451.0
202505,5773,송파시그니처롯데캐슬,송파구,416.0,449.0
202505,5774,가락본동주민센터 인근,송파구,1532.0,1536.0
202505,5775,가락시장역 5번출구,송파구,1025.0,1036.0
202505,5777,호반써밋12단지,송파구,702.0,602.0
202505,5778,북위례3,송파구,479.0,272.0
202505,5779,나래교,송파구,342.0,314.0
202505,5780,송파세무서,송파구,416.0,418.0
202505,5781,올림픽공원 수영장,송파구,4103.0,4385.0
202505,5782,오금현대 아파트 상가입구 앞,송파구,853.0,844.0
202506,1201,가락시장역 3번 출구,송파구,2107.0,2157.0
202506,1203,밀리아나2빌딩 앞,송파구,1403.0,1457.0
202506,1204,거여역 3번출구,송파구,1598.0,1798.0
202506,1205,종합운동장역 4번출구,송파구,1880.0,1600.0
202506,1206,9호선종합운동장역 9번출구,송파구,1525.0,1495.0
202506,1207,마천중앙시장,송파구,762.0,822.0
202506,1208,풍납현대아파트쉼터,송파구,3191.0,3190.0
202506,1209,잠실나루역 (2번 출구 쪽),송파구,3890.0,3816.0
202506,1210,롯데월드타워(잠실역2번출구 쪽),송파구,11616.0,11577.0
202506,1212,송파역 2번 출구앞,송파구,1715.0,1714.0
202506,1213,백토공원 앞,송파구,478.0,438.0
202506,1214,오금역 7번 출구 인근,송파구,899.0,897.0
202506,1215,올림픽공원역 1번출구 앞,송파구,2395.0,2393.0
202506,1217,송파파인타운 7단지,송파구,982.0,962.0
202506,1218,방이역 4번출구,송파구,3340.0,3316.0
202506,1220,잠실근린공원,송파구,3095.0,3483.0
202506,1221,삼전역 4번출구,송파구,2233.0,2461.0
202506,1222,잠실새내역 5번 출구 뒤,송파구,5287.0,5389.0
202506,1224,아시아지하보도 2번 출구,송파구,2092.0,2105.0
202506,1226,잠실4동 주민센터 옆,송파구,2755.0,2830.0
202506,1227,거여역 8번출구 뒤,송파구,1601.0,1621.0
202506,1228,마천사거리,송파구,1027.0,1118.0
202506,1229,송파체육문화회관 앞,송파구,1346.0,1344.0
202506,1230,송파중학교 정문,송파구,713.0,657.0
202506,1231,잠실역 6번출구,송파구,3375.0,3528.0
202506,1232,잠실주공 521동 건너편,송파구,3370.0,3428.0
202506,1233,잠실3거리(갤러리아팰리스),송파구,1250.0,1195.0
202506,1235,잠실트리지움310동 옆,송파구,2791.0,2905.0
202506,1239,문정 법조단지3,송파구,802.0,835.0
202506,1240,문정 법조단지4,송파구,823.0,817.0
202506,1241,문정 법조단지5,송파구,727.0,709.0
202506,1242,문정 법조단지6,송파구,216.0,210.0
202506,1243,문정 법조단지7,송파구,2863.0,2844.0
202506,1244,문정 법조단지8,송파구,3347.0,3319.0
202506,1245,문정 법조단지9,송파구,1841.0,1824.0
202506,1246,문정 법조단지10,송파구,2049.0,2035.0
202506,1247,문정 법조단지11,송파구,908.0,896.0
202506,1248,방이초등학교,송파구,2977.0,2589.0
202506,1250,문정2동 주민센터,송파구,174.0,156.0
202506,1251,석촌역 2번출구,송파구,3514.0,3493.0
202506,1253,오금역 3번 출구 뒤,송파구,834.0,840.0
202506,1256,문정현대아파트 교차로,송파구,841.0,842.0
202506,1257,가락시장역 사거리,송파구,1378.0,1409.0
202506,1258,가락미륭아파트 앞,송파구,651.0,482.0
202506,1259,방이역 1번출구,송파구,2136.0,2113.0
202506,1260,방이동 한양3차아파트 옆,송파구,1682.0,1693.0
202506,1262,송파여성문화회관 앞,송파구,2983.0,2987.0
202506,1263,장지공영차고지,송파구,412.0,450.0
202506,1264,천호역 10번 출구 앞,송파구,4202.0,4183.0
202506,1265,문정동 근린공원,송파구,1576.0,1580.0
202506,1266,문정동 글샘 공원,송파구,768.0,778.0
202506,1267,올림픽공원 남2문 앞,송파구,1650.0,1547.0
202506,1268,몽촌토성역 1번출구 옆,송파구,2389.0,2381.0
202506,1269,리센츠아파트,송파구,2215.0,2038.0
202506,1271,송파도서관,송파구,1215.0,1228.0
202506,1274,영파여고 앞,송파구,1900.0,1866.0
202506,1275,거여초등학교 옆,송파구,597.0,768.0
202506,1277,성내7교,송파구,1253.0,1261.0
202506,1278,송파구청 교차로,송파구,2456.0,2456.0
202506,1279,마천금호어울림 1차아파트 건너편,송파구,371.0,388.0
202506,1280,송파파크데일 2단지입구 앞 주차장,송파구,481.0,476.0
202506,1282,송파소방서 맞은편(성내4교),송파구,1686.0,2003.0
202506,1283,오금공원 사거리,송파구,167.0,98.0
202506,1285,위례별 유치원 뒤,송파구,418.0,416.0
202506,1286,위례중앙푸르지오 1단지 앞,송파구,1333.0,1326.0
202506,1287,위례아이파크 101동 맞은편,송파구,638.0,646.0
202506,1288,문정중교 사거리,송파구,1633.0,1578.0
202506,1289,풍납토성 서성벽터B,송파구,744.0,809.0
202506,1290,위례송파꿈에그린아파트24단지 앞 성벽 다리 밑,송파구,936.0,933.0
202506,1291,서울체육고등학교 앞,송파구,2555.0,2641.0
202506,1293,석촌호수 서호 사거리,송파구,3718.0,3781.0
202506,1295,잠실역 8번출구,송파구,4405.0,4381.0
202506,1296,석촌호수교차로 (송파나루근린공원 앞),송파구,876.0,871.0
202506,1297,석촌호수교차로(동호 팔각정 앞),송파구,3870.0,3866.0
202506,1299,송파소방서 (방이119안전센터),송파구,762.0,689.0
202506,1300,오륜사거리,송파구,909.0,934.0
202506,2601,석촌호수 아뜰리에,송파구,3083.0,3070.0
202506,2603,송파 글마루 도서관,송파구,1108.0,1115.0
202506,2604,풍납토성 서성벽터A,송파구,1987.0,2139.0
202506,2605,복정역 1번 출구 앞,송파구,1935.0,1951.0
202506,2606,위례동주민센터,송파구,2221.0,2310.0
202506,2608,송파구청,송파구,7704.0,7783.0
202506,2609,보성중고등학교 후문 앞,송파구,353.0,324.0
202506,2611,송파지역자활센터 뒤,송파구,3156.0,3379.0
202506,2612,광평교사거리 인근,송파구,93.0,88.0
202506,2613,잠실나들목,송파구,2772.0,2868.0
202506,2614,가락고등학교 앞,송파구,605.0,540.0
202506,2615,테라타워2,송파구,3237.0,3218.0
202506,2616,거여동 사거리,송파구,561.0,552.0
202506,2617,가락삼환아파트 앞,송파구,649.0,583.0
202506,2618,삼전역 1번출구,송파구,2566.0,2638.0
202506,2619,석촌고분역 4번출구,송파구,2348.0,2499.0
202506,2620,송파나루역 4번 출구옆,송파구,6174.0,6288.0
202506,2621,한성백제역 2번 출구,송파구,3867.0,3888.0
202506,2622,올림픽공원역 3번출구,송파구,8003.0,7984.0
202506,2623,석촌동 주민센터,송파구,3979.0,3971.0
202506,2625,가락종합 사회복지관,송파구,300.0,295.0
202506,2626,"경찰병원역 1,2번 출구 사이",송파구,663.0,656.0
202506,2627,문정시영아파트 5동 앞 공원,송파구,1596.0,785.0
202506,2628,문정역 1번출구,송파구,4187.0,4402.0
202506,2630,서울방이동 고분군,송파구,2446.0,2388.0
202506,2631,배명고등학교,송파구,867.0,999.0
202506,2632,석촌고분역 2번 출구,송파구,3040.0,3203.0
202506,2633,송파학사 옆,송파구,1113.0,1040.0
202506,2634,위례포레샤인아파트 2318동,송파구,775.0,831.0
202506,2635,잠실새내역 1번출구,송파구,2926.0,2751.0
202506,2637,아시아지하보도 14번 출구,송파구,3304.0,3318.0
202506,2639,석촌역 8번출구,송파구,4432.0,4396.0
202506,2641,송파역 4번출구,송파구,3787.0,3781.0
202506,2642,마천동 성내천 쉼터,송파구,1205.0,1211.0
202506,2643,풍납중학교 측면,송파구,499.0,393.0
202506,2644,성내5교,송파구,1648.0,1711.0
202506,2645,잠실나들목2(엘스아파트136동),송파구,2652.0,2688.0
202506,2646,레이크펠리스101동앞,송파구,4327.0,4512.0
202506,2647,잠실 자전거 수리센터 앞,송파구,1842.0,1947.0
202506,2648,헬리오시티 112동 앞,송파구,1522.0,1505.0
202506,2649,오금공원사거리2,송파구,363.0,267.0
202506,2650,위례22단지 2208동 다리앞,송파구,532.0,533.0
202506,2651,경찰병원역 3번출구 앞,송파구,1735.0,1730.0
202506,2652,송파 레미니스1단지 102동 앞,송파구,996.0,880.0
202506,2653,올림픽공원사거리(선수촌아파트),송파구,1741.0,1716.0
202506,2654,올림픽선수촌아파트 136동 앞,송파구,941.0,766.0
202506,2655,송이공원,송파구,1101.0,798.0
202506,2656,풍납동 아이파크 107동 앞,송파구,1421.0,1415.0
202506,2657,송파 파인타운 11단지,송파구,748.0,736.0
202506,2658,가락몰 업무동,송파구,1844.0,1865.0
202506,2659,서울친환경유통센터,송파구,253.0,241.0
202506,4452,삼성SDS,송파구,3999.0,4074.0
202506,4453,위례중앙푸르지오 201동 앞,송파구,1821.0,1803.0
202506,4454,위례 포레샤인 1809동 부근,송파구,365.0,138.0
202506,4457,아산병원 기숙사 부근,송파구,5440.0,5807.0
202506,4458,가락2동주민센터 인근,송파구,538.0,540.0
202506,4460,올림픽훼미리아파트 112동 앞,송파구,1522.0,1522.0
202506,4461,한양3차아파트 3동 앞,송파구,260.0,251.0
202506,4462,가락중학교 앞,송파구,802.0,757.0
202506,4463,방이역 2번 출구,송파구,964.0,957.0
202506,4464,올림픽공원 북2문 A,송파구,1609.0,1632.0
202506,4465,건영아파트앞 사거리,송파구,1885.0,1874.0
202506,4468,가락1동주민센터,송파구,1517.0,1513.0
202506,4469,거여동 어울림아파트  102동앞,송파구,578.0,571.0
202506,4472,송파파크데일 1단지 115동 건너편,송파구,580.0,570.0
202506,4473,마천금호어울림 1차 102동앞,송파구,207.0,208.0
202506,4474,가락현대 1차 11동 앞,송파구,534.0,413.0
202506,4475,송파파인타운 4단지 403동,송파구,524.0,523.0
202506,4478,문정근린공원2,송파구,1195.0,1195.0
202506,4479,문정중학교,송파구,264.0,253.0
202506,4480,가락시장 남1문 사거리,송파구,846.0,851.0
202506,4481,올림픽공원 북2문 B,송파구,2760.0,2802.0
202506,4483,잠실나들목4,송파구,2315.0,2404.0
202506,4484,잠실나루역4번출구뒤,송파구,2560.0,2563.0
202506,4485,잠실나루역 고가하부,송파구,985.0,715.0
202506,4486,홈플러스 잠실점,송파구,3036.0,3094.0
202506,4488,"문현중,고등학교 사이",송파구,287.0,284.0
202506,4490,송파파인타운 10단지 1005동,송파구,364.0,352.0
202506,4491,장지역 1번출구,송파구,1651.0,1672.0
202506,4493,마천사거리 2,송파구,472.0,467.0
202506,4496,잠실 파크리오 120동 앞,송파구,1830.0,1830.0
202506,4497,아시아선수촌아파트 교차로,송파구,2255.0,2317.0
202506,4499,세양청마루 101동 앞,송파구,1098.0,556.0
202506,4852,서울복합물류 게이트 1,송파구,1821.0,1902.0
202506,4854,가락시장역 2번 출구,송파구,1668.0,1671.0
202506,4855,거여5단지 503동 앞,송파구,644.0,631.0
202506,4856,올림픽공원 서1문 앞,송파구,1967.0,1982.0
202506,4857,올림픽공원 장미광장,송파구,1028.0,975.0
202506,4859,잠실나루 나들목,송파구,2244.0,2219.0
202506,4860,가락쌍용2차아파트 103동,송파구,1000.0,948.0
202506,4862,성내교 남단,송파구,637.0,544.0
202506,4863,잠실나들목5,송파구,544.0,599.0
202506,4864,송파사거리,송파구,3309.0,3296.0
202506,4865,한성백제역 1번출구 뒤,송파구,4006.0,4038.0
202506,4867,가락대림아파트 앞,송파구,1097.0,1072.0
202506,4868,석촌호수 서호 남단,송파구,3458.0,3494.0
202506,4870,몽촌토성역 3번 출구,송파구,6735.0,6695.0
202506,4871,오금동 대림아파트 정문,송파구,825.0,727.0
202506,4872,개롱역 3번 출구 뒤,송파구,1383.0,1383.0
202506,4873,개롱역사거리 2번 출구,송파구,1449.0,1471.0
202506,4874,탄천1교 하부보도,송파구,889.0,923.0
202506,4875,위례포레샤인13단지,송파구,527.0,529.0
202506,4879,마천청소년센터,송파구,168.0,172.0
202506,4880,송파청소년센터,송파구,1133.0,1146.0
202506,4881,거여동사거리 송파둘레길 입구,송파구,221.0,219.0
202506,4882,위례포레샤인18단지 1802동,송파구,385.0,335.0
202506,4883,위례포레샤인18단지 1812동,송파구,310.0,40.0
202506,4884,H비즈니스파크,송파구,2176.0,2266.0
202506,4885,가든파이브 리빙관,송파구,510.0,513.0
202506,4886,배명고등학교 건너편,송파구,1108.0,1122.0
202506,4887,호돌이상가,송파구,1029.0,1022.0
202506,4888,둔촌오륜역 2번출구,송파구,688.0,630.0
202506,4889,마천역 1번 출구 인근②,송파구,886.0,854.0
202506,4891,위례포레나송파,송파구,778.0,774.0
202506,4892,성내유수지 체육공원,송파구,464.0,384.0
202506,4893,문정법조단지12,송파구,2930.0,3347.0
202506,4895,송파레이크힐 상가,송파구,1305.0,1306.0
202506,4896,송파레이크힐,송파구,95.0,94.0
202506,4897,잠실주공5단지1,송파구,3533.0,3593.0
202506,5152,이스트폴 105동 방면 입구,송파구,911.0,743.0
202506,5751,송파여성축구장,송파구,589.0,560.0
202506,5752,풍납백제문화공원 옆 인근,송파구,3167.0,3354.0
202506,5753,호반써밋,송파구,806.0,784.0
202506,5756,극동아파트,송파구,1233.0,1202.0
202506,5758,올림픽선수기자촌아파트 123동 근처,송파구,858.0,560.0
202506,5759,풍납근린공원,송파구,1089.0,1085.0
202506,5760,풍납사거리 성내유수지,송파구,1200.0,1226.0
202506,5761,버섯분수대,송파구,1186.0,1191.0
202506,5763,세륜초등학교 건너편,송파구,335.0,238.0
202506,5764,한국체육대학교,송파구,928.0,927.0
202506,5765,삼전동주민센터 건너편,송파구,2725.0,3181.0
202506,5766,북위례1,송파구,471.0,225.0
202506,5767,북위례2,송파구,339.0,307.0
202506,5768,방이삼거리,송파구,6779.0,6865.0
202506,5773,송파시그니처롯데캐슬,송파구,407.0,428.0
202506,5774,가락본동주민센터 인근,송파구,1675.0,1688.0
202506,5775,가락시장역 5번출구,송파구,1071.0,1171.0
202506,5777,호반써밋12단지,송파구,548.0,518.0
202506,5778,북위례3,송파구,647.0,271.0
202506,5779,나래교,송파구,340.0,342.0
202506,5780,송파세무서,송파구,372.0,372.0
202506,5781,올림픽공원 수영장,송파구,4244.0,4439.0
202506,5782,오금현대 아파트 상가입구 앞,송파구,870.0,870.0
202507,1201,가락시장역 3번 출구,송파구,1828.0,1896.0
202507,1203,밀리아나2빌딩 앞,송파구,1186.0,1272.0
202507,1204,거여역 3번출구,송파구,1407.0,1579.0
202507,1205,종합운동장역 4번출구,송파구,1490.0,1286.0
202507,1206,9호선종합운동장역 9번출구,송파구,1432.0,1372.0
202507,1207,마천중앙시장,송파구,628.0,639.0
202507,1208,풍납현대아파트쉼터,송파구,2881.0,2862.0
202507,1209,잠실나루역 (2번 출구 쪽),송파구,3456.0,3393.0
202507,1210,롯데월드타워(잠실역2번출구 쪽),송파구,10084.0,10075.0
202507,1212,송파역 2번 출구앞,송파구,1524.0,1564.0
202507,1213,백토공원 앞,송파구,389.0,372.0
202507,1214,오금역 7번 출구 인근,송파구,786.0,748.0
202507,1215,올림픽공원역 1번출구 앞,송파구,2006.0,2006.0
202507,1217,송파파인타운 7단지,송파구,851.0,828.0
202507,1218,방이역 4번출구,송파구,2622.0,2601.0
202507,1220,잠실근린공원,송파구,2727.0,3004.0
202507,1221,삼전역 4번출구,송파구,1916.0,1997.0
202507,1222,잠실새내역 5번 출구 뒤,송파구,4542.0,4594.0
202507,1224,아시아지하보도 2번 출구,송파구,1733.0,1692.0
202507,1226,잠실4동 주민센터 옆,송파구,2369.0,2447.0
202507,1227,거여역 8번출구 뒤,송파구,1326.0,1355.0
202507,1228,마천사거리,송파구,743.0,903.0
202507,1229,송파체육문화회관 앞,송파구,1180.0,1161.0
202507,1230,송파중학교 정문,송파구,567.0,443.0
202507,1231,잠실역 6번출구,송파구,2987.0,3049.0
202507,1232,잠실주공 521동 건너편,송파구,2817.0,2876.0
202507,1233,잠실3거리(갤러리아팰리스),송파구,1187.0,1050.0
202507,1235,잠실트리지움310동 옆,송파구,2389.0,2427.0
202507,1239,문정 법조단지3,송파구,809.0,813.0
202507,1240,문정 법조단지4,송파구,798.0,737.0
202507,1241,문정 법조단지5,송파구,539.0,537.0
202507,1242,문정 법조단지6,송파구,183.0,168.0
202507,1243,문정 법조단지7,송파구,2529.0,2575.0
202507,1244,문정 법조단지8,송파구,3037.0,2910.0
202507,1245,문정 법조단지9,송파구,1431.0,1429.0
202507,1246,문정 법조단지10,송파구,1852.0,1874.0
202507,1247,문정 법조단지11,송파구,884.0,839.0
202507,1248,방이초등학교,송파구,2414.0,2061.0
202507,1250,문정2동 주민센터,송파구,129.0,121.0
202507,1251,석촌역 2번출구,송파구,2840.0,2843.0
202507,1253,오금역 3번 출구 뒤,송파구,652.0,638.0
202507,1256,문정현대아파트 교차로,송파구,790.0,736.0
202507,1257,가락시장역 사거리,송파구,1391.0,1412.0
202507,1258,가락미륭아파트 앞,송파구,470.0,362.0
202507,1259,방이역 1번출구,송파구,1672.0,1679.0
202507,1260,방이동 한양3차아파트 옆,송파구,1495.0,1487.0
202507,1262,송파여성문화회관 앞,송파구,2634.0,2632.0
202507,1263,장지공영차고지,송파구,359.0,393.0
202507,1264,천호역 10번 출구 앞,송파구,3500.0,3491.0
202507,1265,문정동 근린공원,송파구,1441.0,1491.0
202507,1266,문정동 글샘 공원,송파구,683.0,666.0
202507,1267,올림픽공원 남2문 앞,송파구,1143.0,1075.0
202507,1268,몽촌토성역 1번출구 옆,송파구,869.0,835.0
202507,1269,리센츠아파트,송파구,1922.0,1668.0
202507,1271,송파도서관,송파구,1149.0,1148.0
202507,1274,영파여고 앞,송파구,1552.0,1545.0
202507,1275,거여초등학교 옆,송파구,544.0,669.0
202507,1277,성내7교,송파구,1027.0,1035.0
202507,1278,송파구청 교차로,송파구,1894.0,1898.0
202507,1279,마천금호어울림 1차아파트 건너편,송파구,497.0,487.0
202507,1282,송파소방서 맞은편(성내4교),송파구,1390.0,1663.0
202507,1283,오금공원 사거리,송파구,165.0,85.0
202507,1285,위례별 유치원 뒤,송파구,363.0,355.0
202507,1286,위례중앙푸르지오 1단지 앞,송파구,1060.0,1044.0
202507,1287,위례아이파크 101동 맞은편,송파구,462.0,472.0
202507,1288,문정중교 사거리,송파구,1423.0,1359.0
202507,1289,풍납토성 서성벽터B,송파구,702.0,715.0
202507,1290,위례송파꿈에그린아파트24단지 앞 성벽 다리 밑,송파구,649.0,647.0
202507,1291,서울체육고등학교 앞,송파구,1494.0,1484.0
202507,1293,석촌호수 서호 사거리,송파구,3134.0,3333.0
202507,1295,잠실역 8번출구,송파구,3360.0,3352.0
202507,1296,석촌호수교차로 (송파나루근린공원 앞),송파구,656.0,585.0
202507,1297,석촌호수교차로(동호 팔각정 앞),송파구,3050.0,3037.0
202507,1299,송파소방서 (방이119안전센터),송파구,656.0,605.0
202507,1300,오륜사거리,송파구,722.0,746.0
202507,2601,석촌호수 아뜰리에,송파구,2806.0,2807.0
202507,2603,송파 글마루 도서관,송파구,992.0,907.0
202507,2604,풍납토성 서성벽터A,송파구,1650.0,1822.0
202507,2605,복정역 1번 출구 앞,송파구,1442.0,1478.0
202507,2606,위례동주민센터,송파구,1730.0,1848.0
202507,2608,송파구청,송파구,6491.0,6587.0
202507,2609,보성중고등학교 후문 앞,송파구,280.0,252.0
202507,2611,송파지역자활센터 뒤,송파구,2936.0,3023.0
202507,2612,광평교사거리 인근,송파구,48.0,49.0
202507,2613,잠실나들목,송파구,1679.0,1717.0
202507,2614,가락고등학교 앞,송파구,500.0,469.0
202507,2615,테라타워2,송파구,3000.0,2952.0
202507,2616,거여동 사거리,송파구,461.0,446.0
202507,2617,가락삼환아파트 앞,송파구,474.0,428.0
202507,2618,삼전역 1번출구,송파구,2058.0,2215.0
202507,2619,석촌고분역 4번출구,송파구,2033.0,2167.0
202507,2620,송파나루역 4번 출구옆,송파구,5096.0,5201.0
202507,2621,한성백제역 2번 출구,송파구,2737.0,2747.0
202507,2622,올림픽공원역 3번출구,송파구,5915.0,5881.0
202507,2623,석촌동 주민센터,송파구,3533.0,3339.0
202507,2625,가락종합 사회복지관,송파구,263.0,249.0
202507,2626,"경찰병원역 1,2번 출구 사이",송파구,532.0,533.0
202507,2627,문정시영아파트 5동 앞 공원,송파구,1630.0,666.0
202507,2628,문정역 1번출구,송파구,3880.0,4092.0
202507,2630,서울방이동 고분군,송파구,2046.0,2021.0
202507,2631,배명고등학교,송파구,708.0,808.0
202507,2632,석촌고분역 2번 출구,송파구,2778.0,2891.0
202507,2633,송파학사 옆,송파구,837.0,738.0
202507,2634,위례포레샤인아파트 정류장,송파구,593.0,741.0
202507,2635,잠실새내역 1번출구,송파구,2511.0,2380.0
202507,2637,아시아지하보도 14번 출구,송파구,2982.0,2962.0
202507,2639,석촌역 8번출구,송파구,3962.0,3901.0
202507,2641,송파역 4번출구,송파구,3054.0,3044.0
202507,2642,마천동 성내천 쉼터,송파구,827.0,827.0
202507,2643,풍납중학교 측면,송파구,486.0,341.0
202507,2644,성내5교,송파구,1334.0,1457.0
202507,2645,잠실나들목2(엘스아파트136동),송파구,1930.0,1916.0
202507,2646,레이크펠리스101동앞,송파구,3778.0,3927.0
202507,2647,잠실 자전거 수리센터 앞,송파구,1731.0,1778.0
202507,2648,헬리오시티 112동 앞,송파구,1237.0,1190.0
202507,2649,오금공원사거리2,송파구,304.0,191.0
202507,2650,위례22단지 2208동 다리앞,송파구,454.0,455.0
202507,2651,경찰병원역 3번출구 앞,송파구,1512.0,1485.0
202507,2652,송파 레미니스1단지 102동 앞,송파구,799.0,718.0
202507,2653,올림픽공원사거리(선수촌아파트),송파구,1523.0,1459.0
202507,2654,올림픽선수촌아파트 136동 앞,송파구,914.0,751.0
202507,2655,송이공원,송파구,845.0,646.0
202507,2656,풍납동 아이파크 107동 앞,송파구,1325.0,1340.0
202507,2657,송파 파인타운 11단지,송파구,642.0,582.0
202507,2658,가락몰 업무동,송파구,1588.0,1642.0
202507,2659,서울친환경유통센터,송파구,277.0,269.0
202507,4452,삼성SDS,송파구,3719.0,3893.0
202507,4453,위례중앙푸르지오 201동 앞,송파구,1384.0,1376.0
202507,4454,위례 포레샤인 1809동 부근,송파구,373.0,122.0
202507,4457,아산병원 기숙사 부근,송파구,4264.0,4702.0
202507,4458,가락2동주민센터 인근,송파구,451.0,449.0
202507,4460,올림픽훼미리아파트 112동 앞,송파구,1211.0,1227.0
202507,4461,한양3차아파트 3동 앞,송파구,230.0,203.0
202507,4462,가락중학교 앞,송파구,680.0,675.0
202507,4463,방이역 2번 출구,송파구,864.0,866.0
202507,4464,올림픽공원 북2문 A,송파구,1131.0,1110.0
202507,4465,건영아파트앞 사거리,송파구,1685.0,1698.0
202507,4468,가락1동주민센터,송파구,1221.0,1301.0
202507,4469,거여동 어울림아파트  102동앞,송파구,543.0,534.0
202507,4472,송파파크데일 1단지 115동 건너편,송파구,606.0,594.0
202507,4473,마천금호어울림 1차 102동앞,송파구,174.0,173.0
202507,4474,가락현대 1차 11동 앞,송파구,509.0,326.0
202507,4475,송파파인타운 4단지 403동,송파구,441.0,441.0
202507,4478,문정근린공원2,송파구,1045.0,1040.0
202507,4479,문정중학교,송파구,254.0,161.0
202507,4480,가락시장 남1문 사거리,송파구,748.0,780.0
202507,4481,올림픽공원 북2문 B,송파구,2055.0,2080.0
202507,4483,잠실나들목4,송파구,1891.0,1905.0
202507,4484,잠실나루역4번출구뒤,송파구,2146.0,2134.0
202507,4485,잠실나루역 고가하부,송파구,716.0,530.0
202507,4486,홈플러스 잠실점,송파구,2738.0,2738.0
202507,4488,"문현중,고등학교 사이",송파구,222.0,201.0
202507,4490,송파파인타운 10단지 1005동,송파구,354.0,338.0
202507,4491,장지역 1번출구,송파구,1543.0,1544.0
202507,4493,마천사거리 2,송파구,386.0,394.0
202507,4496,잠실 파크리오 120동 앞,송파구,1591.0,1580.0
202507,4497,아시아선수촌아파트 교차로,송파구,2027.0,2088.0
202507,4499,세양청마루 101동 앞,송파구,1051.0,393.0
202507,4852,서울복합물류 게이트 1,송파구,1883.0,1987.0
202507,4854,가락시장역 2번 출구,송파구,1385.0,1413.0
202507,4855,거여5단지 503동 앞,송파구,555.0,558.0
202507,4856,올림픽공원 서1문 앞,송파구,1555.0,1563.0
202507,4857,올림픽공원 장미광장,송파구,642.0,546.0
202507,4859,잠실나루 나들목,송파구,1582.0,1563.0
202507,4860,가락쌍용2차아파트 103동,송파구,893.0,847.0
202507,4862,성내교 남단,송파구,460.0,415.0
202507,4863,잠실나들목5,송파구,461.0,505.0
202507,4864,송파사거리,송파구,2790.0,2798.0
202507,4865,한성백제역 1번출구 뒤,송파구,3674.0,3658.0
202507,4867,가락대림아파트 앞,송파구,859.0,850.0
202507,4868,석촌호수 서호 남단,송파구,3443.0,3407.0
202507,4870,몽촌토성역 3번 출구,송파구,5592.0,5505.0
202507,4871,오금동 대림아파트 정문,송파구,648.0,584.0
202507,4872,개롱역 3번 출구 뒤,송파구,1286.0,1285.0
202507,4873,개롱역사거리 2번 출구,송파구,1190.0,1217.0
202507,4874,탄천1교 하부보도,송파구,742.0,793.0
202507,4875,위례포레샤인13단지,송파구,444.0,439.0
202507,4879,마천청소년센터,송파구,191.0,189.0
202507,4880,송파청소년센터,송파구,1106.0,1096.0
202507,4881,거여동사거리 송파둘레길 입구,송파구,248.0,246.0
202507,4882,위례포레샤인18단지 1802동,송파구,278.0,250.0
202507,4883,위례포레샤인18단지 1812동,송파구,220.0,22.0
202507,4884,H비즈니스파크,송파구,2032.0,2171.0
202507,4885,가든파이브 리빙관,송파구,382.0,376.0
202507,4886,배명고등학교 건너편,송파구,926.0,980.0
202507,4887,호돌이상가,송파구,816.0,804.0
202507,4888,둔촌오륜역 2번출구,송파구,542.0,427.0
202507,4889,마천역 1번 출구 인근②,송파구,632.0,598.0
202507,4891,위례포레나송파,송파구,665.0,660.0
202507,4892,성내유수지 체육공원,송파구,351.0,320.0
202507,4893,문정법조단지12,송파구,3236.0,3781.0
202507,4895,송파레이크힐 상가,송파구,1177.0,1172.0
202507,4896,송파레이크힐,송파구,131.0,98.0
202507,4897,잠실주공5단지1,송파구,3672.0,3665.0
202507,5152,이스트폴 105동 방면 입구,송파구,863.0,685.0
202507,5751,송파여성축구장,송파구,386.0,371.0
202507,5752,풍납백제문화공원 옆 인근,송파구,2960.0,3009.0
202507,5753,호반써밋,송파구,732.0,704.0
202507,5756,극동아파트,송파구,1003.0,1000.0
202507,5758,올림픽선수기자촌아파트 123동 근처,송파구,787.0,488.0
202507,5759,풍납근린공원,송파구,755.0,760.0
202507,5760,풍납사거리 성내유수지,송파구,941.0,969.0
202507,5761,버섯분수대,송파구,1009.0,992.0
202507,5763,세륜초등학교 건너편,송파구,269.0,177.0
202507,5764,한국체육대학교,송파구,766.0,764.0
202507,5765,삼전동주민센터 건너편,송파구,2469.0,2911.0
202507,5766,북위례1,송파구,393.0,146.0
202507,5767,북위례2,송파구,242.0,205.0
202507,5768,방이삼거리,송파구,5551.0,5670.0
202507,5773,송파시그니처롯데캐슬,송파구,305.0,339.0
202507,5774,가락본동주민센터 인근,송파구,1384.0,1363.0
202507,5775,가락시장역 5번출구,송파구,907.0,918.0
202507,5777,호반써밋12단지,송파구,508.0,460.0
202507,5778,북위례3,송파구,481.0,133.0
202507,5779,나래교,송파구,232.0,235.0
202507,5780,송파세무서,송파구,352.0,369.0
202507,5781,올림픽공원 수영장,송파구,3907.0,4121.0
202507,5782,오금현대 아파트 상가입구 앞,송파구,760.0,745.0
202508,1201,가락시장역 3번 출구,송파구,1719.0,1794.0
202508,1203,밀리아나2빌딩 앞,송파구,1164.0,1308.0
202508,1204,거여역 3번출구,송파구,1393.0,1499.0
202508,1205,종합운동장역 4번출구,송파구,1728.0,1365.0
202508,1206,9호선종합운동장역 9번출구,송파구,1282.0,1237.0
202508,1207,마천중앙시장,송파구,627.0,646.0
202508,1208,풍납현대아파트쉼터,송파구,2680.0,2707.0
202508,1209,잠실나루역 (2번 출구 쪽),송파구,3215.0,3155.0
202508,1210,롯데월드타워(잠실역2번출구 쪽),송파구,9508.0,9521.0
202508,1212,송파역 2번 출구앞,송파구,1504.0,1582.0
202508,1213,백토공원 앞,송파구,382.0,379.0
202508,1214,오금역 7번 출구 인근,송파구,719.0,693.0
202508,1215,올림픽공원역 1번출구 앞,송파구,1938.0,1931.0
202508,1217,송파파인타운 7단지,송파구,637.0,645.0
202508,1218,방이역 4번출구,송파구,2670.0,2660.0
202508,1220,잠실근린공원,송파구,2695.0,3008.0
202508,1221,삼전역 4번출구,송파구,1919.0,2023.0
202508,1222,잠실새내역 5번 출구 뒤,송파구,4878.0,4893.0
202508,1224,아시아지하보도 2번 출구,송파구,1744.0,1758.0
202508,1226,잠실4동 주민센터 옆,송파구,2311.0,2312.0
202508,1227,거여역 8번출구 뒤,송파구,1314.0,1397.0
202508,1228,마천사거리,송파구,693.0,909.0
202508,1229,송파체육문화회관 앞,송파구,1208.0,1216.0
202508,1230,송파중학교 정문,송파구,505.0,455.0
202508,1231,잠실역 6번출구,송파구,3357.0,3407.0
202508,1232,잠실주공 521동 건너편,송파구,2930.0,2931.0
202508,1233,잠실3거리(갤러리아팰리스),송파구,1331.0,1222.0
202508,1235,잠실트리지움310동 옆,송파구,2351.0,2490.0
202508,1239,문정 법조단지3,송파구,775.0,773.0
202508,1240,문정 법조단지4,송파구,774.0,755.0
202508,1241,문정 법조단지5,송파구,618.0,573.0
202508,1242,문정 법조단지6,송파구,157.0,158.0
202508,1243,문정 법조단지7,송파구,2366.0,2367.0
202508,1244,문정 법조단지8,송파구,3065.0,2981.0
202508,1245,문정 법조단지9,송파구,1635.0,1573.0
202508,1246,문정 법조단지10,송파구,2019.0,1985.0
202508,1247,문정 법조단지11,송파구,831.0,802.0
202508,1248,방이초등학교,송파구,2331.0,2035.0
202508,1250,문정2동 주민센터,송파구,177.0,136.0
202508,1251,석촌역 2번출구,송파구,2921.0,2912.0
202508,1253,오금역 3번 출구 뒤,송파구,653.0,650.0
202508,1256,문정현대아파트 교차로,송파구,792.0,794.0
202508,1257,가락시장역 사거리,송파구,1430.0,1392.0
202508,1258,가락미륭아파트 앞,송파구,559.0,403.0
202508,1259,방이역 1번출구,송파구,1763.0,1753.0
202508,1260,방이동 한양3차아파트 옆,송파구,1501.0,1477.0
202508,1262,송파여성문화회관 앞,송파구,2728.0,2701.0
202508,1263,장지공영차고지,송파구,255.0,324.0
202508,1264,천호역 10번 출구 앞,송파구,3200.0,3209.0
202508,1265,문정동 근린공원,송파구,1369.0,1412.0
202508,1266,문정동 글샘 공원,송파구,690.0,630.0
202508,1267,올림픽공원 남2문 앞,송파구,1142.0,1027.0
202508,1268,몽촌토성역 1번출구 옆,송파구,878.0,865.0
202508,1269,리센츠아파트,송파구,2142.0,1958.0
202508,1271,송파도서관,송파구,1238.0,1237.0
202508,1274,영파여고 앞,송파구,1528.0,1495.0
202508,1275,거여초등학교 옆,송파구,526.0,665.0
202508,1277,성내7교,송파구,1153.0,1256.0
202508,1278,송파구청 교차로,송파구,1762.0,1764.0
202508,1279,마천금호어울림 1차아파트 건너편,송파구,417.0,418.0
202508,1282,송파소방서 맞은편(성내4교),송파구,1397.0,1779.0
202508,1283,오금공원 사거리,송파구,186.0,104.0
202508,1285,위례별 유치원 뒤,송파구,396.0,405.0
202508,1286,위례중앙푸르지오 1단지 앞,송파구,960.0,969.0
202508,1287,위례아이파크 101동 맞은편,송파구,451.0,427.0
202508,1288,문정중교 사거리,송파구,1388.0,1270.0
202508,1289,풍납토성 서성벽터B,송파구,730.0,778.0
202508,1290,위례송파꿈에그린아파트24단지 앞 성벽 다리 밑,송파구,650.0,674.0
202508,1291,서울체육고등학교 앞,송파구,1671.0,1582.0
202508,1293,석촌호수 서호 사거리,송파구,3280.0,3356.0
202508,1295,잠실역 8번출구,송파구,3202.0,3193.0
202508,1296,석촌호수교차로 (송파나루근린공원 앞),송파구,663.0,653.0
202508,1297,석촌호수교차로(동호 팔각정 앞),송파구,3271.0,3261.0
202508,1299,송파소방서 (방이119안전센터),송파구,610.0,573.0
202508,1300,오륜사거리,송파구,770.0,792.0
202508,2601,석촌호수 아뜰리에,송파구,2770.0,2754.0
202508,2603,송파 글마루 도서관,송파구,896.0,912.0
202508,2604,풍납토성 서성벽터A,송파구,1527.0,1792.0
202508,2605,복정역 1번 출구 앞,송파구,448.0,483.0
202508,2606,위례동주민센터,송파구,1612.0,1848.0
202508,2608,송파구청,송파구,6199.0,6236.0
202508,2609,보성중고등학교 후문 앞,송파구,280.0,225.0
202508,2611,송파지역자활센터 뒤,송파구,2706.0,3029.0
202508,2612,광평교사거리 인근,송파구,30.0,27.0
202508,2613,잠실나들목,송파구,2019.0,2092.0
202508,2614,가락고등학교 앞,송파구,525.0,438.0
202508,2615,테라타워2,송파구,2717.0,2690.0
202508,2616,거여동 사거리,송파구,410.0,408.0
202508,2617,가락삼환아파트 앞,송파구,514.0,406.0
202508,2618,삼전역 1번출구,송파구,2065.0,2185.0
202508,2619,석촌고분역 4번출구,송파구,2099.0,2176.0
202508,2620,송파나루역 4번 출구옆,송파구,5483.0,5607.0
202508,2621,한성백제역 2번 출구,송파구,3262.0,3255.0
202508,2622,올림픽공원역 3번출구,송파구,6004.0,5989.0
202508,2623,석촌동 주민센터,송파구,3548.0,3343.0
202508,2625,가락종합 사회복지관,송파구,271.0,263.0
202508,2626,"경찰병원역 1,2번 출구 사이",송파구,577.0,558.0
202508,2627,문정시영아파트 5동 앞 공원,송파구,1710.0,653.0
202508,2628,문정역 1번출구,송파구,3842.0,4085.0
202508,2630,서울방이동 고분군,송파구,2149.0,2082.0
202508,2631,배명고등학교,송파구,681.0,757.0
202508,2632,석촌고분역 2번 출구,송파구,2669.0,2836.0
202508,2633,송파학사 옆,송파구,844.0,782.0
202508,2634,위례포레샤인아파트 정류장,송파구,509.0,658.0
202508,2635,잠실새내역 1번출구,송파구,2534.0,2390.0
202508,2637,아시아지하보도 14번 출구,송파구,3203.0,3221.0
202508,2639,석촌역 8번출구,송파구,4012.0,3969.0
202508,2641,송파역 4번출구,송파구,3146.0,3145.0
202508,2642,마천동 성내천 쉼터,송파구,906.0,952.0
202508,2643,풍납중학교 측면,송파구,569.0,354.0
202508,2644,성내5교,송파구,1299.0,1437.0
202508,2645,잠실나들목2(엘스아파트136동),송파구,1253.0,1256.0
202508,2646,레이크펠리스101동앞,송파구,3877.0,4025.0
202508,2647,잠실 자전거 수리센터 앞,송파구,1559.0,1609.0
202508,2648,헬리오시티 112동 앞,송파구,1225.0,1152.0
202508,2649,오금공원사거리2,송파구,290.0,187.0
202508,2650,위례22단지 2208동 다리앞,송파구,373.0,376.0
202508,2651,경찰병원역 3번출구 앞,송파구,1551.0,1535.0
202508,2652,송파 레미니스1단지 102동 앞,송파구,724.0,698.0
202508,2653,올림픽공원사거리(선수촌아파트),송파구,1507.0,1468.0
202508,2654,올림픽선수촌아파트 136동 앞,송파구,861.0,701.0
202508,2655,송이공원,송파구,907.0,630.0
202508,2656,풍납동 아이파크 107동 앞,송파구,1308.0,1327.0
202508,2657,송파 파인타운 11단지,송파구,702.0,688.0
202508,2658,가락몰 업무동,송파구,1607.0,1632.0
202508,2659,서울친환경유통센터,송파구,268.0,253.0
202508,4452,삼성SDS,송파구,3358.0,3463.0
202508,4453,위례중앙푸르지오 201동 앞,송파구,1338.0,1336.0
202508,4454,위례 포레샤인 1809동 부근,송파구,267.0,103.0
202508,4457,아산병원 기숙사 부근,송파구,3972.0,4197.0
202508,4458,가락2동주민센터 인근,송파구,527.0,510.0
202508,4460,올림픽훼미리아파트 112동 앞,송파구,1243.0,1226.0
202508,4461,한양3차아파트 3동 앞,송파구,262.0,232.0
202508,4462,가락중학교 앞,송파구,754.0,705.0
202508,4463,방이역 2번 출구,송파구,866.0,860.0
202508,4464,올림픽공원 북2문 A,송파구,1247.0,1259.0
202508,4465,건영아파트앞 사거리,송파구,1639.0,1624.0
202508,4468,가락1동주민센터,송파구,1270.0,1405.0
202508,4469,거여동 어울림아파트  102동앞,송파구,510.0,504.0
202508,4472,송파파크데일 1단지 115동 건너편,송파구,508.0,489.0
202508,4473,마천금호어울림 1차 102동앞,송파구,187.0,186.0
202508,4474,가락현대 1차 11동 앞,송파구,516.0,361.0
202508,4475,송파파인타운 4단지 403동,송파구,474.0,481.0
202508,4478,문정근린공원2,송파구,942.0,942.0
202508,4479,문정중학교,송파구,196.0,177.0
202508,4480,가락시장 남1문 사거리,송파구,861.0,825.0
202508,4481,올림픽공원 북2문 B,송파구,2600.0,2601.0
202508,4483,잠실나들목4,송파구,1590.0,1606.0
202508,4484,잠실나루역4번출구뒤,송파구,2040.0,2042.0
202508,4485,잠실나루역 고가하부,송파구,740.0,594.0
202508,4486,홈플러스 잠실점,송파구,2677.0,2738.0
202508,4488,"문현중,고등학교 사이",송파구,247.0,254.0
202508,4490,송파파인타운 10단지 1005동,송파구,380.0,323.0
202508,4491,장지역 1번출구,송파구,1600.0,1603.0
202508,4493,마천사거리 2,송파구,291.0,354.0
202508,4496,잠실 파크리오 120동 앞,송파구,1517.0,1519.0
202508,4497,아시아선수촌아파트 교차로,송파구,1918.0,2012.0
202508,4499,세양청마루 101동 앞,송파구,1107.0,396.0
202508,4852,서울복합물류 게이트 1,송파구,1768.0,1837.0
202508,4854,가락시장역 2번 출구,송파구,1410.0,1398.0
202508,4855,거여5단지 503동 앞,송파구,526.0,527.0
202508,4856,올림픽공원 서1문 앞,송파구,1564.0,1576.0
202508,4857,올림픽공원 장미광장,송파구,596.0,550.0
202508,4859,잠실나루 나들목,송파구,1862.0,1901.0
202508,4860,가락쌍용2차아파트 103동,송파구,996.0,956.0
202508,4862,성내교 남단,송파구,459.0,408.0
202508,4863,잠실나들목5,송파구,479.0,525.0
202508,4864,송파사거리,송파구,2931.0,2962.0
202508,4865,한성백제역 1번출구 뒤,송파구,3753.0,3778.0
202508,4867,가락대림아파트 앞,송파구,909.0,857.0
202508,4868,석촌호수 서호 남단,송파구,3628.0,3621.0
202508,4870,몽촌토성역 3번 출구,송파구,5733.0,5674.0
202508,4871,오금동 대림아파트 정문,송파구,712.0,670.0
202508,4872,개롱역 3번 출구 뒤,송파구,1339.0,1364.0
202508,4873,개롱역사거리 2번 출구,송파구,1091.0,1106.0
202508,4874,탄천1교 하부보도,송파구,717.0,709.0
202508,4875,위례포레샤인13단지,송파구,387.0,398.0
202508,4879,마천청소년센터,송파구,161.0,161.0
202508,4880,송파청소년센터,송파구,1119.0,1141.0
202508,4881,거여동사거리 송파둘레길 입구,송파구,220.0,221.0
202508,4882,위례포레샤인18단지 1802동,송파구,310.0,272.0
202508,4883,위례포레샤인18단지 1812동,송파구,344.0,32.0
202508,4884,H비즈니스파크,송파구,2019.0,2063.0
202508,4885,가든파이브 리빙관,송파구,347.0,333.0
202508,4886,배명고등학교 건너편,송파구,922.0,958.0
202508,4887,호돌이상가,송파구,941.0,934.0
202508,4888,둔촌오륜역 2번출구,송파구,515.0,427.0
202508,4889,마천역 1번 출구 인근②,송파구,567.0,557.0
202508,4891,위례포레나송파,송파구,651.0,590.0
202508,4892,성내유수지 체육공원,송파구,282.0,243.0
202508,4893,문정법조단지12,송파구,2835.0,3192.0
202508,4895,송파레이크힐 상가,송파구,1086.0,1087.0
202508,4896,송파레이크힐,송파구,104.0,102.0
202508,4897,잠실주공5단지1,송파구,3780.0,3772.0
202508,5152,이스트폴 105동 방면 입구,송파구,745.0,704.0
202508,5751,송파여성축구장,송파구,445.0,401.0
202508,5752,풍납백제문화공원 옆 인근,송파구,2898.0,3052.0
202508,5753,호반써밋,송파구,668.0,639.0
202508,5756,극동아파트,송파구,947.0,929.0
202508,5758,올림픽선수기자촌아파트 123동 근처,송파구,784.0,516.0
202508,5759,풍납근린공원,송파구,767.0,767.0
202508,5760,풍납사거리 성내유수지,송파구,1096.0,1063.0
202508,5761,버섯분수대,송파구,1044.0,1036.0
202508,5763,세륜초등학교 건너편,송파구,344.0,215.0
202508,5764,한국체육대학교,송파구,837.0,832.0
202508,5765,삼전동주민센터 건너편,송파구,2344.0,2755.0
202508,5766,북위례1,송파구,387.0,162.0
202508,5767,북위례2,송파구,220.0,200.0
202508,5768,방이삼거리,송파구,5678.0,5767.0
202508,5773,송파시그니처롯데캐슬,송파구,289.0,367.0
202508,5774,가락본동주민센터 인근,송파구,1340.0,1376.0
202508,5775,가락시장역 5번출구,송파구,856.0,926.0
202508,5777,호반써밋12단지,송파구,510.0,459.0
202508,5778,북위례3,송파구,492.0,171.0
202508,5779,나래교,송파구,299.0,317.0
202508,5780,송파세무서,송파구,309.0,307.0
202508,5781,올림픽공원 수영장,송파구,3982.0,4109.0
202508,5782,오금현대 아파트 상가입구 앞,송파구,662.0,655.0
202508,5783,성내5교 2,송파구,34.0,65.0
202508,5784,한강버스 잠실 선착장,송파구,3885.0,3620.0
202509,1201,가락시장역 3번 출구,송파구,2069.0,2116.0
202509,1203,밀리아나2빌딩 앞,송파구,1366.0,1386.0
202509,1204,거여역 3번출구,송파구,1464.0,1510.0
202509,1205,종합운동장역 4번출구,송파구,1565.0,1467.0
202509,1206,9호선종합운동장역 9번출구,송파구,1501.0,1488.0
202509,1207,마천중앙시장,송파구,656.0,661.0
202509,1208,풍납현대아파트쉼터,송파구,2868.0,2854.0
202509,1209,잠실나루역 (2번 출구 쪽),송파구,3405.0,3369.0
202509,1210,롯데월드타워(잠실역2번출구 쪽),송파구,11755.0,11657.0
202509,1212,송파역 2번 출구앞,송파구,1571.0,1700.0
202509,1213,백토공원 앞,송파구,407.0,406.0
202509,1214,오금역 7번 출구 인근,송파구,799.0,748.0
202509,1215,올림픽공원역 1번출구 앞,송파구,2143.0,2133.0
202509,1217,송파파인타운 7단지,송파구,864.0,837.0
202509,1218,방이역 4번출구,송파구,3021.0,3021.0
202509,1220,잠실근린공원,송파구,2927.0,3159.0
202509,1221,삼전역 4번출구,송파구,2158.0,2304.0
202509,1222,잠실새내역 5번 출구 뒤,송파구,5478.0,5520.0
202509,1224,아시아지하보도 2번 출구,송파구,2096.0,2019.0
202509,1226,잠실4동 주민센터 옆,송파구,2531.0,2549.0
202509,1227,거여역 8번출구 뒤,송파구,1494.0,1513.0
202509,1228,마천사거리,송파구,755.0,1004.0
202509,1229,송파체육문화회관 앞,송파구,1438.0,1416.0
202509,1230,송파중학교 정문,송파구,585.0,519.0
202509,1231,잠실역 6번출구,송파구,3737.0,3861.0
202509,1232,잠실주공 521동 건너편,송파구,3228.0,3262.0
202509,1233,잠실3거리(갤러리아팰리스),송파구,1504.0,1319.0
202509,1235,잠실트리지움310동 옆,송파구,2666.0,2764.0
202509,1239,문정 법조단지3,송파구,765.0,769.0
202509,1240,문정 법조단지4,송파구,939.0,861.0
202509,1241,문정 법조단지5,송파구,683.0,607.0
202509,1242,문정 법조단지6,송파구,190.0,183.0
202509,1243,문정 법조단지7,송파구,2871.0,2947.0
202509,1244,문정 법조단지8,송파구,3212.0,3134.0
202509,1245,문정 법조단지9,송파구,1731.0,1694.0
202509,1246,문정 법조단지10,송파구,2135.0,2132.0
202509,1247,문정 법조단지11,송파구,976.0,958.0
202509,1248,방이초등학교,송파구,2717.0,2317.0
202509,1250,문정2동 주민센터,송파구,177.0,150.0
202509,1251,석촌역 2번출구,송파구,3135.0,3139.0
202509,1253,오금역 3번 출구 뒤,송파구,803.0,786.0
202509,1256,문정현대아파트 교차로,송파구,792.0,760.0
202509,1257,가락시장역 사거리,송파구,1554.0,1540.0
202509,1258,가락미륭아파트 앞,송파구,595.0,432.0
202509,1259,방이역 1번출구,송파구,1899.0,1894.0
202509,1260,방이동 한양3차아파트 옆,송파구,1524.0,1509.0
202509,1262,송파여성문화회관 앞,송파구,2747.0,2767.0
202509,1263,장지공영차고지,송파구,308.0,354.0
202509,1264,천호역 10번 출구 앞,송파구,3659.0,3648.0
202509,1265,문정동 근린공원,송파구,1557.0,1631.0
202509,1266,문정동 글샘 공원,송파구,841.0,801.0
202509,1267,올림픽공원 남2문 앞,송파구,1362.0,1306.0
202509,1268,몽촌토성역 1번출구 옆,송파구,885.0,861.0
202509,1269,리센츠아파트,송파구,2116.0,1904.0
202509,1271,송파도서관,송파구,1224.0,1213.0
202509,1274,영파여고 앞,송파구,1727.0,1712.0
202509,1275,거여초등학교 옆,송파구,572.0,631.0
202509,1277,성내7교,송파구,1239.0,1292.0
202509,1278,송파구청 교차로,송파구,839.0,861.0
202509,1279,마천금호어울림 1차아파트 건너편,송파구,460.0,453.0
202509,1282,송파소방서 맞은편(성내4교),송파구,1588.0,1817.0
202509,1283,오금공원 사거리,송파구,194.0,96.0
202509,1285,위례별 유치원 뒤,송파구,427.0,413.0
202509,1286,위례중앙푸르지오 1단지 앞,송파구,1143.0,1140.0
202509,1287,위례아이파크 101동 맞은편,송파구,513.0,520.0
202509,1288,문정중교 사거리,송파구,1457.0,1347.0
202509,1289,풍납토성 서성벽터B,송파구,742.0,757.0
202509,1290,위례송파꿈에그린아파트24단지 앞 성벽 다리 밑,송파구,794.0,810.0
202509,1291,서울체육고등학교 앞,송파구,2670.0,2900.0
202509,1293,석촌호수 서호 사거리,송파구,3624.0,3673.0
202509,1295,잠실역 8번출구,송파구,4027.0,4015.0
202509,1296,석촌호수교차로 (송파나루근린공원 앞),송파구,802.0,787.0
202509,1297,석촌호수교차로(동호 팔각정 앞),송파구,3690.0,3700.0
202509,1299,송파소방서 (방이119안전센터),송파구,674.0,629.0
202509,1300,오륜사거리,송파구,939.0,951.0
202509,2601,석촌호수 아뜰리에,송파구,2874.0,2874.0
202509,2603,송파 글마루 도서관,송파구,1079.0,1062.0
202509,2604,풍납토성 서성벽터A,송파구,1739.0,1895.0
202509,2605,복정역 1번 출구 앞,송파구,1546.0,1552.0
202509,2606,위례동주민센터,송파구,1882.0,2031.0
202509,2608,송파구청,송파구,6741.0,6940.0
202509,2609,보성중고등학교 후문 앞,송파구,455.0,455.0
202509,2611,송파지역자활센터 뒤,송파구,2780.0,3093.0
202509,2612,광평교사거리 인근,송파구,26.0,32.0
202509,2613,잠실나들목,송파구,2398.0,2429.0
202509,2614,가락고등학교 앞,송파구,615.0,488.0
202509,2615,테라타워2,송파구,3206.0,3214.0
202509,2616,거여동 사거리,송파구,480.0,484.0
202509,2617,가락삼환아파트 앞,송파구,540.0,506.0
202509,2618,삼전역 1번출구,송파구,2254.0,2368.0
202509,2619,석촌고분역 4번출구,송파구,2190.0,2280.0
202509,2620,송파나루역 4번 출구옆,송파구,5918.0,6098.0
202509,2621,한성백제역 2번 출구,송파구,4111.0,4117.0
202509,2622,올림픽공원역 3번출구,송파구,7722.0,7678.0
202509,2623,석촌동 주민센터,송파구,3729.0,3600.0
202509,2625,가락종합 사회복지관,송파구,271.0,258.0
202509,2626,"경찰병원역 1,2번 출구 사이",송파구,664.0,658.0
202509,2627,문정시영아파트 5동 앞 공원,송파구,1837.0,700.0
202509,2628,문정역 1번출구,송파구,4032.0,4345.0
202509,2630,서울방이동 고분군,송파구,2292.0,2136.0
202509,2631,배명고등학교,송파구,912.0,1031.0
202509,2632,석촌고분역 2번 출구,송파구,2987.0,3000.0
202509,2633,송파학사 옆,송파구,858.0,773.0
202509,2634,위례포레샤인아파트 정류장,송파구,738.0,857.0
202509,2635,잠실새내역 1번출구,송파구,2881.0,2749.0
202509,2637,아시아지하보도 14번 출구,송파구,3459.0,3442.0
202509,2639,석촌역 8번출구,송파구,4396.0,4295.0
202509,2641,송파역 4번출구,송파구,3416.0,3397.0
202509,2642,마천동 성내천 쉼터,송파구,1088.0,1141.0
202509,2643,풍납중학교 측면,송파구,568.0,404.0
202509,2644,성내5교,송파구,1101.0,1170.0
202509,2645,잠실나들목2(엘스아파트136동),송파구,1284.0,1276.0
202509,2646,레이크펠리스101동앞,송파구,4241.0,4272.0
202509,2647,잠실 자전거 수리센터 앞,송파구,1867.0,2025.0
202509,2648,헬리오시티 112동 앞,송파구,1431.0,1352.0
202509,2649,오금공원사거리2,송파구,364.0,242.0
202509,2650,위례22단지 2208동 다리앞,송파구,489.0,519.0
202509,2651,경찰병원역 3번출구 앞,송파구,1579.0,1593.0
202509,2652,송파 레미니스1단지 102동 앞,송파구,839.0,806.0
202509,2653,올림픽공원사거리(선수촌아파트),송파구,1472.0,1464.0
202509,2654,올림픽선수촌아파트 136동 앞,송파구,918.0,723.0
202509,2655,송이공원,송파구,983.0,764.0
202509,2656,풍납동 아이파크 107동 앞,송파구,1561.0,1538.0
202509,2657,송파 파인타운 11단지,송파구,913.0,818.0
202509,2658,가락몰 업무동,송파구,1853.0,1919.0
202509,2659,서울친환경유통센터,송파구,314.0,312.0
202509,4452,삼성SDS,송파구,3899.0,4231.0
202509,4453,위례중앙푸르지오 201동 앞,송파구,1529.0,1501.0
202509,4454,위례 포레샤인 1809동 부근,송파구,342.0,120.0
202509,4457,아산병원 기숙사 부근,송파구,5017.0,6009.0
202509,4458,가락2동주민센터 인근,송파구,592.0,554.0
202509,4460,올림픽훼미리아파트 112동 앞,송파구,1349.0,1362.0
202509,4461,한양3차아파트 3동 앞,송파구,219.0,195.0
202509,4462,가락중학교 앞,송파구,629.0,618.0
202509,4463,방이역 2번 출구,송파구,929.0,943.0
202509,4464,올림픽공원 북2문 A,송파구,1523.0,1528.0
202509,4465,건영아파트앞 사거리,송파구,1757.0,1703.0
202509,4468,가락1동주민센터,송파구,1559.0,1596.0
202509,4469,거여동 어울림아파트  102동앞,송파구,530.0,535.0
202509,4472,송파파크데일 1단지 115동 건너편,송파구,600.0,584.0
202509,4473,마천금호어울림 1차 102동앞,송파구,149.0,152.0
202509,4474,가락현대 1차 11동 앞,송파구,619.0,359.0
202509,4475,송파파인타운 4단지 403동,송파구,504.0,488.0
202509,4478,문정근린공원2,송파구,1149.0,1151.0
202509,4479,문정중학교,송파구,204.0,181.0
202509,4480,가락시장 남1문 사거리,송파구,900.0,885.0
202509,4481,올림픽공원 북2문 B,송파구,2826.0,2852.0
202509,4483,잠실나들목4,송파구,1518.0,1566.0
202509,4484,잠실나루역4번출구뒤,송파구,2464.0,2453.0
202509,4485,잠실나루역 고가하부,송파구,854.0,607.0
202509,4486,홈플러스 잠실점,송파구,2954.0,3018.0
202509,4488,"문현중,고등학교 사이",송파구,254.0,242.0
202509,4490,송파파인타운 10단지 1005동,송파구,366.0,348.0
202509,4491,장지역 1번출구,송파구,1737.0,1861.0
202509,4493,마천사거리 2,송파구,369.0,394.0
202509,4496,잠실 파크리오 120동 앞,송파구,1620.0,1595.0
202509,4497,아시아선수촌아파트 교차로,송파구,2127.0,2100.0
202509,4499,세양청마루 101동 앞,송파구,1152.0,529.0
202509,4852,서울복합물류 게이트 1,송파구,1815.0,1998.0
202509,4854,가락시장역 2번 출구,송파구,1679.0,1660.0
202509,4855,거여5단지 503동 앞,송파구,514.0,523.0
202509,4856,올림픽공원 서1문 앞,송파구,2068.0,2069.0
202509,4857,올림픽공원 장미광장,송파구,739.0,735.0
202509,4859,잠실나루 나들목,송파구,2168.0,2139.0
202509,4860,가락쌍용2차아파트 103동,송파구,987.0,934.0
202509,4862,성내교 남단,송파구,528.0,453.0
202509,4863,잠실나들목5,송파구,604.0,612.0
202509,4864,송파사거리,송파구,3115.0,3112.0
202509,4865,한성백제역 1번출구 뒤,송파구,3802.0,3782.0
202509,4867,가락대림아파트 앞,송파구,1111.0,1065.0
202509,4868,석촌호수 서호 남단,송파구,3707.0,3691.0
202509,4870,몽촌토성역 3번 출구,송파구,6323.0,6279.0
202509,4871,오금동 대림아파트 정문,송파구,871.0,834.0
202509,4872,개롱역 3번 출구 뒤,송파구,1376.0,1367.0
202509,4873,개롱역사거리 2번 출구,송파구,1289.0,1292.0
202509,4874,탄천1교 하부보도,송파구,801.0,838.0
202509,4875,위례포레샤인13단지,송파구,473.0,486.0
202509,4879,마천청소년센터,송파구,205.0,152.0
202509,4880,송파청소년센터,송파구,1182.0,1147.0
202509,4881,거여동사거리 송파둘레길 입구,송파구,259.0,259.0
202509,4882,위례포레샤인18단지 1802동,송파구,393.0,302.0
202509,4883,위례포레샤인18단지 1812동,송파구,259.0,52.0
202509,4884,H비즈니스파크,송파구,2337.0,2529.0
202509,4885,가든파이브 리빙관,송파구,354.0,352.0
202509,4886,배명고등학교 건너편,송파구,1046.0,1095.0
202509,4887,호돌이상가,송파구,1088.0,1100.0
202509,4888,둔촌오륜역 2번출구,송파구,561.0,498.0
202509,4889,마천역 1번 출구 인근②,송파구,598.0,573.0
202509,4891,위례포레나송파,송파구,596.0,577.0
202509,4892,성내유수지 체육공원,송파구,389.0,383.0
202509,4893,문정법조단지12,송파구,3193.0,3752.0
202509,4895,송파레이크힐 상가,송파구,1211.0,1220.0
202509,4896,송파레이크힐,송파구,159.0,137.0
202509,4897,잠실주공5단지1,송파구,3683.0,3657.0
202509,5152,이스트폴 105동 방면 입구,송파구,738.0,655.0
202509,5751,송파여성축구장,송파구,607.0,584.0
202509,5752,풍납백제문화공원 옆 인근,송파구,2864.0,3028.0
202509,5753,호반써밋,송파구,740.0,756.0
202509,5756,극동아파트,송파구,1076.0,999.0
202509,5758,올림픽선수기자촌아파트 123동 근처,송파구,848.0,590.0
202509,5759,풍납근린공원,송파구,874.0,872.0
202509,5760,풍납사거리 성내유수지,송파구,1169.0,1180.0
202509,5761,버섯분수대,송파구,1274.0,1245.0
202509,5763,세륜초등학교 건너편,송파구,338.0,213.0
202509,5764,한국체육대학교,송파구,993.0,992.0
202509,5765,삼전동주민센터 건너편,송파구,2647.0,3156.0
202509,5766,북위례1,송파구,392.0,169.0
202509,5767,북위례2,송파구,260.0,189.0
202509,5768,방이삼거리,송파구,6154.0,6445.0
202509,5773,송파시그니처롯데캐슬,송파구,345.0,373.0
202509,5774,가락본동주민센터 인근,송파구,1527.0,1529.0
202509,5775,가락시장역 5번출구,송파구,1017.0,1032.0
202509,5777,호반써밋12단지,송파구,590.0,575.0
202509,5778,북위례3,송파구,435.0,207.0
202509,5779,나래교,송파구,301.0,298.0
202509,5780,송파세무서,송파구,382.0,381.0
202509,5781,올림픽공원 수영장,송파구,4589.0,4762.0
202509,5782,오금현대 아파트 상가입구 앞,송파구,772.0,768.0
202509,5783,성내5교 2,송파구,485.0,569.0
202509,5784,한강버스 잠실 선착장,송파구,6409.0,5997.0
202510,1201,가락시장역 3번 출구,송파구,1560.0,1609.0
202510,1203,밀리아나2빌딩 앞,송파구,1114.0,1135.0
202510,1204,거여역 3번출구,송파구,1368.0,1431.0
202510,1205,종합운동장역 4번출구,송파구,1383.0,1134.0
202510,1206,9호선종합운동장역 9번출구,송파구,1316.0,1288.0
202510,1207,마천중앙시장,송파구,545.0,572.0
202510,1208,풍납현대아파트쉼터,송파구,2465.0,2459.0
202510,1209,잠실나루역 (2번 출구 쪽),송파구,2862.0,2754.0
202510,1210,롯데월드타워(잠실역2번출구 쪽),송파구,10903.0,10852.0
202510,1212,송파역 2번 출구앞,송파구,1395.0,1521.0
202510,1213,백토공원 앞,송파구,297.0,275.0
202510,1214,오금역 7번 출구 인근,송파구,709.0,677.0
202510,1215,올림픽공원역 1번출구 앞,송파구,1829.0,1823.0
202510,1217,송파파인타운 7단지,송파구,807.0,804.0
202510,1218,방이역 4번출구,송파구,2561.0,2546.0
202510,1220,잠실근린공원,송파구,2484.0,2807.0
202510,1221,삼전역 4번출구,송파구,1857.0,2000.0
202510,1222,잠실새내역 5번 출구 뒤,송파구,4694.0,4926.0
202510,1224,아시아지하보도 2번 출구,송파구,1619.0,1652.0
202510,1226,잠실4동 주민센터 옆,송파구,2209.0,2248.0
202510,1227,거여역 8번출구 뒤,송파구,1196.0,1193.0
202510,1228,마천사거리,송파구,736.0,915.0
202510,1229,송파체육문화회관 앞,송파구,1036.0,1028.0
202510,1230,송파중학교 정문,송파구,436.0,407.0
202510,1231,잠실역 6번출구,송파구,3305.0,3393.0
202510,1232,잠실주공 521동 건너편,송파구,3098.0,3079.0
202510,1233,잠실3거리(갤러리아팰리스),송파구,1347.0,1154.0
202510,1235,잠실트리지움310동 옆,송파구,2173.0,2410.0
202510,1239,문정 법조단지3,송파구,704.0,679.0
202510,1240,문정 법조단지4,송파구,683.0,655.0
202510,1241,문정 법조단지5,송파구,658.0,616.0
202510,1242,문정 법조단지6,송파구,194.0,159.0
202510,1243,문정 법조단지7,송파구,2471.0,2515.0
202510,1244,문정 법조단지8,송파구,2675.0,2621.0
202510,1245,문정 법조단지9,송파구,1603.0,1592.0
202510,1246,문정 법조단지10,송파구,1868.0,1861.0
202510,1247,문정 법조단지11,송파구,834.0,838.0
202510,1248,방이초등학교,송파구,2372.0,1924.0
202510,1250,문정2동 주민센터,송파구,189.0,179.0
202510,1251,석촌역 2번출구,송파구,2760.0,2764.0
202510,1253,오금역 3번 출구 뒤,송파구,657.0,637.0
202510,1256,문정현대아파트 교차로,송파구,696.0,691.0
202510,1257,가락시장역 사거리,송파구,1318.0,1336.0
202510,1258,가락미륭아파트 앞,송파구,484.0,360.0
202510,1259,방이역 1번출구,송파구,1677.0,1677.0
202510,1260,방이동 한양3차아파트 옆,송파구,1379.0,1353.0
202510,1262,송파여성문화회관 앞,송파구,2350.0,2346.0
202510,1263,장지공영차고지,송파구,337.0,327.0
202510,1264,천호역 10번 출구 앞,송파구,3031.0,3036.0
202510,1265,문정동 근린공원,송파구,1388.0,1479.0
202510,1266,문정동 글샘 공원,송파구,707.0,711.0
202510,1267,올림픽공원 남2문 앞,송파구,1310.0,1217.0
202510,1268,몽촌토성역 1번출구 옆,송파구,895.0,892.0
202510,1269,리센츠아파트,송파구,1995.0,1804.0
202510,1271,송파도서관,송파구,925.0,915.0
202510,1274,영파여고 앞,송파구,1361.0,1340.0
202510,1275,거여초등학교 옆,송파구,459.0,519.0
202510,1277,성내7교,송파구,1079.0,1116.0
202510,1279,마천금호어울림 1차아파트 건너편,송파구,410.0,407.0
202510,1282,송파소방서 맞은편(성내4교),송파구,1408.0,1575.0
202510,1283,오금공원 사거리,송파구,134.0,84.0
202510,1285,위례별 유치원 뒤,송파구,358.0,355.0
202510,1286,위례중앙푸르지오 1단지 앞,송파구,933.0,903.0
202510,1287,위례아이파크 101동 맞은편,송파구,437.0,429.0
202510,1288,문정중교 사거리,송파구,1186.0,1133.0
202510,1289,풍납토성 서성벽터B,송파구,693.0,700.0
202510,1290,위례송파꿈에그린아파트24단지 앞 성벽 다리 밑,송파구,622.0,640.0
202510,1291,서울체육고등학교 앞,송파구,2098.0,2242.0
202510,1293,석촌호수 서호 사거리,송파구,3119.0,3247.0
202510,1295,잠실역 8번출구,송파구,3815.0,3800.0
202510,1296,석촌호수교차로 (송파나루근린공원 앞),송파구,790.0,786.0
202510,1297,석촌호수교차로(동호 팔각정 앞),송파구,3357.0,3357.0
202510,1299,송파소방서 (방이119안전센터),송파구,614.0,547.0
202510,1300,오륜사거리,송파구,751.0,750.0
202510,2601,석촌호수 아뜰리에,송파구,2599.0,2544.0
202510,2603,송파 글마루 도서관,송파구,912.0,900.0
202510,2604,풍납토성 서성벽터A,송파구,1404.0,1418.0
202510,2605,복정역 1번 출구 앞,송파구,1358.0,1356.0
202510,2606,위례동주민센터,송파구,1650.0,1768.0
202510,2608,송파구청,송파구,7109.0,7649.0
202510,2609,보성중고등학교 후문 앞,송파구,384.0,360.0
202510,2611,송파지역자활센터 뒤,송파구,2413.0,2587.0
202510,2613,잠실나들목,송파구,2101.0,2064.0
202510,2614,가락고등학교 앞,송파구,570.0,479.0
202510,2615,테라타워2,송파구,2661.0,2645.0
202510,2616,거여동 사거리,송파구,390.0,391.0
202510,2617,가락삼환아파트 앞,송파구,496.0,437.0
202510,2618,삼전역 1번출구,송파구,2022.0,2099.0
202510,2619,석촌고분역 4번출구,송파구,1984.0,2037.0
202510,2620,송파나루역 4번 출구옆,송파구,5186.0,5383.0
202510,2621,한성백제역 2번 출구,송파구,3646.0,3676.0
202510,2622,올림픽공원역 3번출구,송파구,6477.0,6430.0
202510,2623,석촌동 주민센터,송파구,3397.0,3139.0
202510,2625,가락종합 사회복지관,송파구,294.0,268.0
202510,2626,"경찰병원역 1,2번 출구 사이",송파구,542.0,537.0
202510,2627,문정시영아파트 5동 앞 공원,송파구,1552.0,585.0
202510,2628,문정역 1번출구,송파구,3472.0,3693.0
202510,2630,서울방이동 고분군,송파구,1985.0,1881.0
202510,2631,배명고등학교,송파구,750.0,802.0
202510,2632,석촌고분역 2번 출구,송파구,2450.0,2581.0
202510,2633,송파학사 옆,송파구,834.0,764.0
202510,2634,위례포레샤인아파트 정류장,송파구,660.0,729.0
202510,2635,잠실새내역 1번출구,송파구,2802.0,2621.0
202510,2637,아시아지하보도 14번 출구,송파구,2934.0,3044.0
202510,2639,석촌역 8번출구,송파구,3893.0,3764.0
202510,2641,송파역 4번출구,송파구,3113.0,3157.0
202510,2642,마천동 성내천 쉼터,송파구,940.0,970.0
202510,2643,풍납중학교 측면,송파구,399.0,320.0
202510,2644,성내5교,송파구,892.0,908.0
202510,2645,잠실나들목2(엘스아파트136동),송파구,1047.0,1019.0
202510,2646,레이크펠리스101동앞,송파구,3664.0,3836.0
202510,2647,잠실 자전거 수리센터 앞,송파구,1780.0,1933.0
202510,2648,헬리오시티 112동 앞,송파구,1284.0,1226.0
202510,2649,오금공원사거리2,송파구,269.0,190.0
202510,2650,위례22단지 2208동 다리앞,송파구,460.0,462.0
202510,2651,경찰병원역 3번출구 앞,송파구,1277.0,1261.0
202510,2652,송파 레미니스1단지 102동 앞,송파구,699.0,684.0
202510,2653,올림픽공원사거리(선수촌아파트),송파구,1217.0,1225.0
202510,2654,올림픽선수촌아파트 136동 앞,송파구,722.0,601.0
202510,2655,송이공원,송파구,931.0,686.0
202510,2656,풍납동 아이파크 107동 앞,송파구,1385.0,1390.0
202510,2657,송파 파인타운 11단지,송파구,707.0,694.0
202510,2658,가락몰 업무동,송파구,1110.0,1145.0
202510,2659,서울친환경유통센터,송파구,318.0,282.0
202510,4452,삼성SDS,송파구,3341.0,3683.0
202510,4453,위례중앙푸르지오 201동 앞,송파구,1319.0,1308.0
202510,4454,위례 포레샤인 1809동 부근,송파구,250.0,93.0
202510,4457,아산병원 기숙사 부근,송파구,4383.0,5058.0
202510,4458,가락2동주민센터 인근,송파구,458.0,438.0
202510,4460,올림픽훼미리아파트 112동 앞,송파구,1111.0,1133.0
202510,4461,한양3차아파트 3동 앞,송파구,204.0,192.0
202510,4462,가락중학교 앞,송파구,554.0,505.0
202510,4463,방이역 2번 출구,송파구,807.0,801.0
202510,4464,올림픽공원 북2문 A,송파구,1256.0,1252.0
202510,4465,건영아파트앞 사거리,송파구,1567.0,1547.0
202510,4468,가락1동주민센터,송파구,1381.0,1354.0
202510,4469,거여동 어울림아파트  102동앞,송파구,496.0,487.0
202510,4472,송파파크데일 1단지 115동 건너편,송파구,464.0,448.0
202510,4473,마천금호어울림 1차 102동앞,송파구,148.0,150.0
202510,4474,가락현대 1차 11동 앞,송파구,434.0,330.0
202510,4475,송파파인타운 4단지 403동,송파구,475.0,475.0
202510,4478,문정근린공원2,송파구,930.0,938.0
202510,4479,문정중학교,송파구,171.0,163.0
202510,4480,가락시장 남1문 사거리,송파구,811.0,777.0
202510,4481,올림픽공원 북2문 B,송파구,2362.0,2374.0
202510,4483,잠실나들목4,송파구,1283.0,1281.0
202510,4484,잠실나루역4번출구뒤,송파구,2211.0,2215.0
202510,4485,잠실나루역 고가하부,송파구,800.0,526.0
202510,4486,홈플러스 잠실점,송파구,2612.0,2741.0
202510,4488,"문현중,고등학교 사이",송파구,208.0,183.0
202510,4490,송파파인타운 10단지 1005동,송파구,310.0,291.0
202510,4491,장지역 1번출구,송파구,1502.0,1503.0
202510,4493,마천사거리 2,송파구,358.0,390.0
202510,4496,잠실 파크리오 120동 앞,송파구,1282.0,1289.0
202510,4497,아시아선수촌아파트 교차로,송파구,1692.0,1739.0
202510,4499,세양청마루 101동 앞,송파구,989.0,474.0
202510,4852,서울복합물류 게이트 1,송파구,1612.0,1761.0
202510,4854,가락시장역 2번 출구,송파구,1786.0,1855.0
202510,4855,거여5단지 503동 앞,송파구,481.0,456.0
202510,4856,올림픽공원 서1문 앞,송파구,2039.0,2088.0
202510,4857,올림픽공원 장미광장,송파구,729.0,710.0
202510,4859,잠실나루 나들목,송파구,1613.0,1589.0
202510,4860,가락쌍용2차아파트 103동,송파구,802.0,775.0
202510,4862,성내교 남단,송파구,445.0,438.0
202510,4863,잠실나들목5,송파구,531.0,588.0
202510,4864,송파사거리,송파구,2683.0,2682.0
202510,4865,한성백제역 1번출구 뒤,송파구,3162.0,3190.0
202510,4867,가락대림아파트 앞,송파구,944.0,943.0
202510,4868,석촌호수 서호 남단,송파구,3031.0,3012.0
202510,4870,몽촌토성역 3번 출구,송파구,5339.0,5302.0
202510,4871,오금동 대림아파트 정문,송파구,737.0,713.0
202510,4872,개롱역 3번 출구 뒤,송파구,1248.0,1251.0
202510,4873,개롱역사거리 2번 출구,송파구,1053.0,1060.0
202510,4874,탄천1교 하부보도,송파구,726.0,730.0
202510,4875,위례포레샤인13단지,송파구,307.0,304.0
202510,4879,마천청소년센터,송파구,216.0,144.0
202510,4880,송파청소년센터,송파구,1028.0,1057.0
202510,4881,거여동사거리 송파둘레길 입구,송파구,208.0,210.0
202510,4882,위례포레샤인18단지 1802동,송파구,290.0,241.0
202510,4883,위례포레샤인18단지 1812동,송파구,251.0,45.0
202510,4884,H비즈니스파크,송파구,1860.0,1951.0
202510,4885,가든파이브 리빙관,송파구,384.0,422.0
202510,4886,배명고등학교 건너편,송파구,1000.0,1057.0
202510,4887,호돌이상가,송파구,934.0,959.0
202510,4888,둔촌오륜역 2번출구,송파구,445.0,345.0
202510,4889,마천역 1번 출구 인근②,송파구,522.0,509.0
202510,4891,위례포레나송파,송파구,561.0,511.0
202510,4892,성내유수지 체육공원,송파구,311.0,246.0
202510,4893,문정법조단지12,송파구,2627.0,2973.0
202510,4895,송파레이크힐 상가,송파구,965.0,966.0
202510,4896,송파레이크힐,송파구,134.0,115.0
202510,4897,잠실주공5단지1,송파구,3413.0,3332.0
202510,5152,이스트폴 105동 방면 입구,송파구,654.0,501.0
202510,5751,송파여성축구장,송파구,491.0,474.0
202510,5752,풍납백제문화공원 옆 인근,송파구,2456.0,2532.0
202510,5753,호반써밋,송파구,656.0,648.0
202510,5756,극동아파트,송파구,862.0,835.0
202510,5758,올림픽선수기자촌아파트 123동 근처,송파구,793.0,531.0
202510,5759,풍납근린공원,송파구,737.0,737.0
202510,5760,풍납사거리 성내유수지,송파구,1048.0,1052.0
202510,5761,버섯분수대,송파구,1019.0,1037.0
202510,5763,세륜초등학교 건너편,송파구,271.0,191.0
202510,5764,한국체육대학교,송파구,903.0,909.0
202510,5765,삼전동주민센터 건너편,송파구,2310.0,2647.0
202510,5766,북위례1,송파구,385.0,166.0
202510,5767,북위례2,송파구,181.0,174.0
202510,5768,방이삼거리,송파구,5379.0,5661.0
202510,5773,송파시그니처롯데캐슬,송파구,319.0,309.0
202510,5774,가락본동주민센터 인근,송파구,1387.0,1400.0
202510,5775,가락시장역 5번출구,송파구,775.0,857.0
202510,5777,호반써밋12단지,송파구,467.0,423.0
202510,5778,북위례3,송파구,442.0,194.0
202510,5779,나래교,송파구,270.0,271.0
202510,5780,송파세무서,송파구,289.0,291.0
202510,5781,올림픽공원 수영장,송파구,3507.0,3566.0
202510,5782,오금현대 아파트 상가입구 앞,송파구,622.0,617.0
202510,5783,성내5교 2,송파구,508.0,547.0
202510,5784,한강버스 잠실 선착장,송파구,5942.0,5750.0
202510,5785,한림연예예술고등학교,송파구,107.0,111.0
202511,1201,가락시장역 3번 출구,송파구,1586.0,1601.0
202511,1203,밀리아나2빌딩 앞,송파구,994.0,1025.0
202511,1204,거여역 3번출구,송파구,1319.0,1369.0
202511,1205,종합운동장역 4번출구,송파구,1176.0,976.0
202511,1206,9호선종합운동장역 9번출구,송파구,1353.0,1344.0
202511,1207,마천중앙시장,송파구,463.0,457.0
202511,1208,풍납현대아파트쉼터,송파구,2331.0,2324.0
202511,1209,잠실나루역 (2번 출구 쪽),송파구,3453.0,3412.0
202511,1210,롯데월드타워(잠실역2번출구 쪽),송파구,9980.0,9948.0
202511,1212,송파역 2번 출구앞,송파구,1297.0,1441.0
202511,1213,백토공원 앞,송파구,284.0,284.0
202511,1214,오금역 7번 출구 인근,송파구,761.0,690.0
202511,1215,올림픽공원역 1번출구 앞,송파구,1884.0,1879.0
202511,1217,송파파인타운 7단지,송파구,841.0,820.0
202511,1218,방이역 4번출구,송파구,2452.0,2429.0
202511,1220,잠실근린공원,송파구,2364.0,2517.0
202511,1221,삼전역 4번출구,송파구,1800.0,1806.0
202511,1222,잠실새내역 5번 출구 뒤,송파구,3960.0,4184.0
202511,1224,아시아지하보도 2번 출구,송파구,1579.0,1558.0
202511,1226,잠실4동 주민센터 옆,송파구,2143.0,2182.0
202511,1227,거여역 8번출구 뒤,송파구,1144.0,1166.0
202511,1228,마천사거리,송파구,581.0,773.0
202511,1229,송파체육문화회관 앞,송파구,1027.0,1023.0
202511,1230,송파중학교 정문,송파구,415.0,396.0
202511,1231,잠실역 6번출구,송파구,2912.0,3034.0
202511,1232,잠실주공 521동 건너편,송파구,2765.0,2762.0
202511,1233,잠실3거리(갤러리아팰리스),송파구,1180.0,1046.0
202511,1235,잠실트리지움310동 옆,송파구,2076.0,2248.0
202511,1239,문정 법조단지3,송파구,685.0,679.0
202511,1240,문정 법조단지4,송파구,668.0,593.0
202511,1241,문정 법조단지5,송파구,542.0,497.0
202511,1242,문정 법조단지6,송파구,134.0,118.0
202511,1243,문정 법조단지7,송파구,2267.0,2368.0
202511,1244,문정 법조단지8,송파구,2434.0,2372.0
202511,1245,문정 법조단지9,송파구,1341.0,1323.0
202511,1246,문정 법조단지10,송파구,1703.0,1709.0
202511,1247,문정 법조단지11,송파구,800.0,753.0
202511,1248,방이초등학교,송파구,2201.0,1840.0
202511,1250,문정2동 주민센터,송파구,119.0,114.0
202511,1251,석촌역 2번출구,송파구,2437.0,2519.0
202511,1253,오금역 3번 출구 뒤,송파구,556.0,550.0
202511,1256,문정현대아파트 교차로,송파구,692.0,686.0
202511,1257,가락시장역 사거리,송파구,930.0,973.0
202511,1258,가락미륭아파트 앞,송파구,426.0,308.0
202511,1259,방이역 1번출구,송파구,1580.0,1607.0
202511,1260,방이동 한양3차아파트 옆,송파구,1341.0,1320.0
202511,1262,송파여성문화회관 앞,송파구,2110.0,2117.0
202511,1263,장지공영차고지,송파구,319.0,337.0
202511,1264,천호역 10번 출구 앞,송파구,3012.0,3023.0
202511,1265,문정동 근린공원,송파구,1418.0,1543.0
202511,1266,문정동 글샘 공원,송파구,612.0,579.0
202511,1267,올림픽공원 남2문 앞,송파구,1174.0,1047.0
202511,1268,몽촌토성역 1번출구 옆,송파구,775.0,775.0
202511,1269,리센츠아파트,송파구,1512.0,1384.0
202511,1271,송파도서관,송파구,957.0,956.0
202511,1274,영파여고 앞,송파구,1306.0,1285.0
202511,1275,거여초등학교 옆,송파구,429.0,512.0
202511,1277,성내7교,송파구,850.0,937.0
202511,1278,송파구청 교차로,송파구,4.0,4.0
202511,1279,마천금호어울림 1차아파트 건너편,송파구,387.0,376.0
202511,1282,송파소방서 맞은편(성내4교),송파구,1205.0,1442.0
202511,1283,오금공원 사거리,송파구,196.0,95.0
202511,1285,위례별 유치원 뒤,송파구,403.0,444.0
202511,1286,위례중앙푸르지오 1단지 앞,송파구,819.0,818.0
202511,1287,위례아이파크 101동 맞은편,송파구,504.0,512.0
202511,1288,문정중교 사거리,송파구,1094.0,956.0
202511,1289,풍납토성 서성벽터B,송파구,593.0,604.0
202511,1290,위례송파꿈에그린아파트24단지 앞 성벽 다리 밑,송파구,617.0,621.0
202511,1291,서울체육고등학교 앞,송파구,2204.0,2462.0
202511,1293,석촌호수 서호 사거리,송파구,2875.0,2875.0
202511,1295,잠실역 8번출구,송파구,3247.0,3251.0
202511,1296,석촌호수교차로 (송파나루근린공원 앞),송파구,724.0,732.0
202511,1297,석촌호수교차로(동호 팔각정 앞),송파구,2811.0,2815.0
202511,1299,송파소방서 (방이119안전센터),송파구,569.0,513.0
202511,1300,오륜사거리,송파구,700.0,707.0
202511,2601,석촌호수 아뜰리에,송파구,2088.0,2064.0
202511,2603,송파 글마루 도서관,송파구,930.0,882.0
202511,2604,풍납토성 서성벽터A,송파구,1371.0,1429.0
202511,2605,복정역 1번 출구 앞,송파구,1267.0,1264.0
202511,2606,위례동주민센터,송파구,927.0,1007.0
202511,2608,송파구청,송파구,6565.0,7033.0
202511,2609,보성중고등학교 후문 앞,송파구,294.0,265.0
202511,2611,송파지역자활센터 뒤,송파구,2446.0,2599.0
202511,2613,잠실나들목,송파구,1315.0,1307.0
202511,2614,가락고등학교 앞,송파구,743.0,448.0
202511,2615,테라타워2,송파구,2505.0,2575.0
202511,2616,거여동 사거리,송파구,451.0,454.0
202511,2617,가락삼환아파트 앞,송파구,508.0,438.0
202511,2618,삼전역 1번출구,송파구,1794.0,1885.0
202511,2619,석촌고분역 4번출구,송파구,1856.0,1934.0
202511,2620,송파나루역 4번 출구옆,송파구,4575.0,5030.0
202511,2621,한성백제역 2번 출구,송파구,3142.0,3149.0
202511,2622,올림픽공원역 3번출구,송파구,5845.0,5795.0
202511,2623,석촌동 주민센터,송파구,3158.0,2972.0
202511,2625,가락종합 사회복지관,송파구,263.0,245.0
202511,2626,"경찰병원역 1,2번 출구 사이",송파구,486.0,485.0
202511,2627,문정시영아파트 5동 앞 공원,송파구,1490.0,542.0
202511,2628,문정역 1번출구,송파구,3279.0,3454.0
202511,2630,서울방이동 고분군,송파구,1743.0,1681.0
202511,2631,배명고등학교,송파구,669.0,740.0
202511,2632,석촌고분역 2번 출구,송파구,2477.0,2501.0
202511,2633,송파학사 옆,송파구,839.0,780.0
202511,2634,위례포레샤인아파트 정류장,송파구,628.0,657.0
202511,2635,잠실새내역 1번출구,송파구,2499.0,2428.0
202511,2637,아시아지하보도 14번 출구,송파구,2493.0,2545.0
202511,2639,석촌역 8번출구,송파구,3736.0,3702.0
202511,2641,송파역 4번출구,송파구,2777.0,2858.0
202511,2642,마천동 성내천 쉼터,송파구,878.0,897.0
202511,2643,풍납중학교 측면,송파구,471.0,340.0
202511,2644,성내5교,송파구,749.0,820.0
202511,2645,잠실나들목2(엘스아파트136동),송파구,984.0,979.0
202511,2646,레이크펠리스101동앞,송파구,3473.0,3602.0
202511,2647,잠실 자전거 수리센터 앞,송파구,1831.0,1910.0
202511,2648,헬리오시티 112동 앞,송파구,1075.0,961.0
202511,2649,오금공원사거리2,송파구,317.0,207.0
202511,2650,위례22단지 2208동 다리앞,송파구,468.0,465.0
202511,2651,경찰병원역 3번출구 앞,송파구,1189.0,1182.0
202511,2652,송파 레미니스1단지 102동 앞,송파구,679.0,625.0
202511,2653,올림픽공원사거리(선수촌아파트),송파구,1291.0,1291.0
202511,2654,올림픽선수촌아파트 136동 앞,송파구,708.0,578.0
202511,2655,송이공원,송파구,811.0,649.0
202511,2656,풍납동 아이파크 107동 앞,송파구,1325.0,1300.0
202511,2657,송파 파인타운 11단지,송파구,691.0,619.0
202511,2658,가락몰 업무동,송파구,1432.0,1514.0
202511,2659,서울친환경유통센터,송파구,326.0,295.0
202511,4452,삼성SDS,송파구,3217.0,3400.0
202511,4453,위례중앙푸르지오 201동 앞,송파구,1276.0,1223.0
202511,4454,위례 포레샤인 1809동 부근,송파구,281.0,99.0
202511,4457,아산병원 기숙사 부근,송파구,4428.0,4958.0
202511,4458,가락2동주민센터 인근,송파구,411.0,386.0
202511,4460,올림픽훼미리아파트 112동 앞,송파구,1074.0,1077.0
202511,4461,한양3차아파트 3동 앞,송파구,215.0,212.0
202511,4462,가락중학교 앞,송파구,682.0,641.0
202511,4463,방이역 2번 출구,송파구,797.0,795.0
202511,4464,올림픽공원 북2문 A,송파구,1071.0,1071.0
202511,4465,건영아파트앞 사거리,송파구,1300.0,1287.0
202511,4468,가락1동주민센터,송파구,1246.0,1240.0
202511,4469,거여동 어울림아파트  102동앞,송파구,427.0,427.0
202511,4472,송파파크데일 1단지 115동 건너편,송파구,424.0,398.0
202511,4473,마천금호어울림 1차 102동앞,송파구,188.0,175.0
202511,4474,가락현대 1차 11동 앞,송파구,407.0,319.0
202511,4475,송파파인타운 4단지 403동,송파구,424.0,388.0
202511,4478,문정근린공원2,송파구,820.0,821.0
202511,4479,문정중학교,송파구,177.0,171.0
202511,4480,가락시장 남1문 사거리,송파구,1078.0,1101.0
202511,4481,올림픽공원 북2문 B,송파구,1918.0,1927.0
202511,4483,잠실나들목4,송파구,1002.0,979.0
202511,4484,잠실나루역4번출구뒤,송파구,1459.0,1453.0
202511,4485,잠실나루역 고가하부,송파구,779.0,564.0
202511,4486,홈플러스 잠실점,송파구,2245.0,2263.0
202511,4488,"문현중,고등학교 사이",송파구,209.0,207.0
202511,4490,송파파인타운 10단지 1005동,송파구,279.0,229.0
202511,4491,장지역 1번출구,송파구,1427.0,1466.0
202511,4493,마천사거리 2,송파구,357.0,392.0
202511,4496,잠실 파크리오 120동 앞,송파구,1159.0,1169.0
202511,4497,아시아선수촌아파트 교차로,송파구,1614.0,1534.0
202511,4499,세양청마루 101동 앞,송파구,889.0,364.0
202511,4852,서울복합물류 게이트 1,송파구,1523.0,1754.0
202511,4854,가락시장역 2번 출구,송파구,1508.0,1492.0
202511,4855,거여5단지 503동 앞,송파구,436.0,430.0
202511,4856,올림픽공원 서1문 앞,송파구,1865.0,1886.0
202511,4857,올림픽공원 장미광장,송파구,620.0,592.0
202511,4860,가락쌍용2차아파트 103동,송파구,711.0,698.0
202511,4862,성내교 남단,송파구,372.0,330.0
202511,4863,잠실나들목5,송파구,526.0,556.0
202511,4864,송파사거리,송파구,2467.0,2469.0
202511,4865,한성백제역 1번출구 뒤,송파구,2979.0,2981.0
202511,4867,가락대림아파트 앞,송파구,935.0,902.0
202511,4868,석촌호수 서호 남단,송파구,3018.0,2976.0
202511,4870,몽촌토성역 3번 출구,송파구,4796.0,4777.0
202511,4871,오금동 대림아파트 정문,송파구,684.0,660.0
202511,4872,개롱역 3번 출구 뒤,송파구,1149.0,1168.0
202511,4873,개롱역사거리 2번 출구,송파구,912.0,928.0
202511,4874,탄천1교 하부보도,송파구,651.0,627.0
202511,4875,위례포레샤인13단지,송파구,317.0,315.0
202511,4879,마천청소년센터,송파구,241.0,168.0
202511,4880,송파청소년센터,송파구,946.0,965.0
202511,4881,거여동사거리 송파둘레길 입구,송파구,198.0,200.0
202511,4882,위례포레샤인18단지 1802동,송파구,250.0,212.0
202511,4883,위례포레샤인18단지 1812동,송파구,203.0,34.0
202511,4884,H비즈니스파크,송파구,1803.0,1840.0
202511,4885,가든파이브 리빙관,송파구,340.0,353.0
202511,4886,배명고등학교 건너편,송파구,952.0,979.0
202511,4887,호돌이상가,송파구,828.0,834.0
202511,4888,둔촌오륜역 2번출구,송파구,412.0,329.0
202511,4889,마천역 1번 출구 인근②,송파구,536.0,523.0
202511,4891,위례포레나송파,송파구,542.0,535.0
202511,4892,성내유수지 체육공원,송파구,243.0,230.0
202511,4893,문정법조단지12,송파구,2581.0,2934.0
202511,4895,송파레이크힐 상가,송파구,860.0,862.0
202511,4896,송파레이크힐,송파구,120.0,118.0
202511,4897,잠실주공5단지1,송파구,3227.0,3209.0
202511,5152,이스트폴 105동 방면 입구,송파구,694.0,475.0
202511,5751,송파여성축구장,송파구,411.0,406.0
202511,5752,풍납백제문화공원 옆 인근,송파구,2292.0,2352.0
202511,5753,호반써밋,송파구,683.0,688.0
202511,5756,극동아파트,송파구,839.0,815.0
202511,5758,올림픽선수기자촌아파트 123동 근처,송파구,671.0,497.0
202511,5759,풍납근린공원,송파구,694.0,696.0
202511,5760,풍납사거리 성내유수지,송파구,1071.0,1072.0
202511,5761,버섯분수대,송파구,976.0,964.0
202511,5763,세륜초등학교 건너편,송파구,163.0,113.0
202511,5764,한국체육대학교,송파구,909.0,906.0
202511,5765,삼전동주민센터 건너편,송파구,2280.0,2538.0
202511,5766,북위례1,송파구,301.0,138.0
202511,5767,북위례2,송파구,214.0,166.0
202511,5768,방이삼거리,송파구,4719.0,5294.0
202511,5773,송파시그니처롯데캐슬,송파구,306.0,300.0
202511,5774,가락본동주민센터 인근,송파구,1214.0,1254.0
202511,5775,가락시장역 5번출구,송파구,835.0,860.0
202511,5777,호반써밋12단지,송파구,490.0,460.0
202511,5778,북위례3,송파구,435.0,201.0
202511,5779,나래교,송파구,291.0,282.0
202511,5780,송파세무서,송파구,278.0,276.0
202511,5781,올림픽공원 수영장,송파구,3638.0,3723.0
202511,5782,오금현대 아파트 상가입구 앞,송파구,569.0,558.0
202511,5783,성내5교 2,송파구,480.0,508.0
202511,5784,한강버스 잠실 선착장,송파구,3517.0,3313.0
202511,5785,한림연예예술고등학교,송파구,375.0,329.0
202512,1201,가락시장역 3번 출구,송파구,1074.0,1115.0
202512,1203,밀리아나2빌딩 앞,송파구,693.0,689.0
202512,1204,거여역 3번출구,송파구,826.0,814.0
202512,1205,종합운동장역 4번출구,송파구,599.0,458.0
202512,1206,9호선종합운동장역 9번출구,송파구,762.0,782.0
202512,1207,마천중앙시장,송파구,287.0,292.0
202512,1208,풍납현대아파트쉼터,송파구,1546.0,1540.0
202512,1209,잠실나루역 (2번 출구 쪽),송파구,1791.0,1650.0
202512,1210,롯데월드타워(잠실역2번출구 쪽),송파구,5917.0,5939.0
202512,1212,송파역 2번 출구앞,송파구,859.0,931.0
202512,1213,백토공원 앞,송파구,173.0,177.0
202512,1214,오금역 7번 출구 인근,송파구,379.0,379.0
202512,1215,올림픽공원역 1번출구 앞,송파구,1110.0,1109.0
202512,1217,송파파인타운 7단지,송파구,494.0,467.0
202512,1218,방이역 4번출구,송파구,1310.0,1328.0
202512,1220,잠실근린공원,송파구,1499.0,1522.0
202512,1221,삼전역 4번출구,송파구,1041.0,1037.0
202512,1222,잠실새내역 5번 출구 뒤,송파구,2086.0,2251.0
202512,1224,아시아지하보도 2번 출구,송파구,720.0,703.0
202512,1226,잠실4동 주민센터 옆,송파구,1327.0,1391.0
202512,1227,거여역 8번출구 뒤,송파구,692.0,668.0
202512,1228,마천사거리,송파구,374.0,432.0
202512,1229,송파체육문화회관 앞,송파구,608.0,596.0
202512,1230,송파중학교 정문,송파구,197.0,191.0
202512,1231,잠실역 6번출구,송파구,1818.0,1834.0
202512,1232,잠실주공 521동 건너편,송파구,1661.0,1655.0
202512,1233,잠실3거리(갤러리아팰리스),송파구,659.0,612.0
202512,1235,잠실트리지움310동 옆,송파구,1175.0,1249.0
202512,1239,문정 법조단지3,송파구,479.0,476.0
202512,1240,문정 법조단지4,송파구,368.0,365.0
202512,1241,문정 법조단지5,송파구,381.0,337.0
202512,1242,문정 법조단지6,송파구,68.0,61.0
202512,1243,문정 법조단지7,송파구,1443.0,1448.0
202512,1244,문정 법조단지8,송파구,1388.0,1396.0
202512,1245,문정 법조단지9,송파구,745.0,740.0
202512,1246,문정 법조단지10,송파구,1086.0,1075.0
202512,1247,문정 법조단지11,송파구,415.0,394.0
202512,1248,방이초등학교,송파구,1381.0,1092.0
202512,1250,문정2동 주민센터,송파구,59.0,60.0
202512,1251,석촌역 2번출구,송파구,1544.0,1536.0
202512,1253,오금역 3번 출구 뒤,송파구,336.0,333.0
202512,1256,문정현대아파트 교차로,송파구,496.0,497.0
202512,1258,가락미륭아파트 앞,송파구,175.0,136.0
202512,1259,방이역 1번출구,송파구,903.0,920.0
202512,1260,방이동 한양3차아파트 옆,송파구,804.0,805.0
202512,1262,송파여성문화회관 앞,송파구,1183.0,1200.0
202512,1263,장지공영차고지,송파구,224.0,216.0
202512,1264,천호역 10번 출구 앞,송파구,1803.0,1790.0
202512,1265,문정동 근린공원,송파구,857.0,860.0
202512,1266,문정동 글샘 공원,송파구,315.0,303.0
202512,1267,올림픽공원 남2문 앞,송파구,615.0,542.0
202512,1268,몽촌토성역 1번출구 옆,송파구,332.0,339.0
202512,1269,리센츠아파트,송파구,1021.0,852.0
202512,1271,송파도서관,송파구,560.0,560.0
202512,1274,영파여고 앞,송파구,941.0,911.0
202512,1275,거여초등학교 옆,송파구,254.0,309.0
202512,1277,성내7교,송파구,577.0,578.0
202512,1278,송파구청 교차로,송파구,21.0,26.0
202512,1279,마천금호어울림 1차아파트 건너편,송파구,255.0,251.0
202512,1282,송파소방서 맞은편(성내4교),송파구,808.0,832.0
202512,1283,오금공원 사거리,송파구,77.0,67.0
202512,1285,위례별 유치원 뒤,송파구,305.0,278.0
202512,1286,위례중앙푸르지오 1단지 앞,송파구,480.0,471.0
202512,1287,위례아이파크 101동 맞은편,송파구,363.0,346.0
202512,1288,문정중교 사거리,송파구,530.0,520.0
202512,1289,풍납토성 서성벽터B,송파구,437.0,434.0
202512,1290,위례송파꿈에그린아파트24단지 앞 성벽 다리 밑,송파구,394.0,394.0
202512,1291,서울체육고등학교 앞,송파구,1272.0,1426.0
202512,1293,석촌호수 서호 사거리,송파구,1778.0,1773.0
202512,1295,잠실역 8번출구,송파구,1746.0,1743.0
202512,1296,석촌호수교차로 (송파나루근린공원 앞),송파구,344.0,339.0
202512,1297,석촌호수교차로(동호 팔각정 앞),송파구,1528.0,1531.0
202512,1299,송파소방서 (방이119안전센터),송파구,375.0,316.0
202512,1300,오륜사거리,송파구,348.0,418.0
202512,2601,석촌호수 아뜰리에,송파구,1207.0,1189.0
202512,2603,송파 글마루 도서관,송파구,514.0,493.0
202512,2604,풍납토성 서성벽터A,송파구,803.0,798.0
202512,2605,복정역 1번 출구 앞,송파구,670.0,675.0
202512,2608,송파구청,송파구,4026.0,4157.0
202512,2609,보성중고등학교 후문 앞,송파구,198.0,186.0
202512,2611,송파지역자활센터 뒤,송파구,1663.0,1751.0
202512,2613,잠실나들목,송파구,642.0,587.0
202512,2614,가락고등학교 앞,송파구,370.0,281.0
202512,2615,테라타워2,송파구,1645.0,1617.0
202512,2616,거여동 사거리,송파구,284.0,278.0
202512,2617,가락삼환아파트 앞,송파구,195.0,191.0
202512,2618,삼전역 1번출구,송파구,1164.0,1193.0
202512,2619,석촌고분역 4번출구,송파구,1105.0,1129.0
202512,2620,송파나루역 4번 출구옆,송파구,2459.0,2684.0
202512,2621,한성백제역 2번 출구,송파구,1288.0,1321.0
202512,2622,올림픽공원역 3번출구,송파구,3042.0,3031.0
202512,2623,석촌동 주민센터,송파구,1869.0,1742.0
202512,2625,가락종합 사회복지관,송파구,149.0,139.0
202512,2626,"경찰병원역 1,2번 출구 사이",송파구,293.0,294.0
202512,2627,문정시영아파트 5동 앞 공원,송파구,383.0,266.0
202512,2628,문정역 1번출구,송파구,2057.0,2108.0
202512,2630,서울방이동 고분군,송파구,1023.0,984.0
202512,2631,배명고등학교,송파구,427.0,422.0
202512,2632,석촌고분역 2번 출구,송파구,1549.0,1542.0
202512,2633,송파학사 옆,송파구,394.0,358.0
202512,2634,위례포레샤인아파트 정류장,송파구,330.0,332.0
202512,2635,잠실새내역 1번출구,송파구,1407.0,1367.0
202512,2637,아시아지하보도 14번 출구,송파구,1403.0,1404.0
202512,2639,석촌역 8번출구,송파구,2278.0,2285.0
202512,2641,송파역 4번출구,송파구,1517.0,1516.0
202512,2642,마천동 성내천 쉼터,송파구,470.0,469.0
202512,2643,풍납중학교 측면,송파구,176.0,133.0
202512,2644,성내5교,송파구,457.0,491.0
202512,2645,잠실나들목2(엘스아파트136동),송파구,473.0,442.0
202512,2646,레이크펠리스101동앞,송파구,2123.0,2258.0
202512,2647,잠실 자전거 수리센터 앞,송파구,1047.0,1146.0
202512,2648,헬리오시티 112동 앞,송파구,545.0,538.0
202512,2649,오금공원사거리2,송파구,132.0,96.0
202512,2650,위례22단지 2208동 다리앞,송파구,323.0,321.0
202512,2651,경찰병원역 3번출구 앞,송파구,716.0,719.0
202512,2652,송파 레미니스1단지 102동 앞,송파구,396.0,358.0
202512,2653,올림픽공원사거리(선수촌아파트),송파구,740.0,747.0
202512,2654,올림픽선수촌아파트 136동 앞,송파구,411.0,330.0
202512,2655,송이공원,송파구,349.0,317.0
202512,2656,풍납동 아이파크 107동 앞,송파구,810.0,822.0
202512,2657,송파 파인타운 11단지,송파구,406.0,387.0
202512,2658,가락몰 업무동,송파구,963.0,994.0
202512,2659,서울친환경유통센터,송파구,219.0,195.0
202512,4452,삼성SDS,송파구,2182.0,2356.0
202512,4453,위례중앙푸르지오 201동 앞,송파구,604.0,576.0
202512,4454,위례 포레샤인 1809동 부근,송파구,112.0,34.0
202512,4457,아산병원 기숙사 부근,송파구,3049.0,3283.0
202512,4458,가락2동주민센터 인근,송파구,223.0,222.0
202512,4460,올림픽훼미리아파트 112동 앞,송파구,706.0,705.0
202512,4461,한양3차아파트 3동 앞,송파구,93.0,77.0
202512,4462,가락중학교 앞,송파구,483.0,453.0
202512,4463,방이역 2번 출구,송파구,453.0,456.0
202512,4464,올림픽공원 북2문 A,송파구,520.0,555.0
202512,4465,건영아파트앞 사거리,송파구,870.0,863.0
202512,4468,가락1동주민센터,송파구,806.0,790.0
202512,4469,거여동 어울림아파트  102동앞,송파구,244.0,242.0
202512,4472,송파파크데일 1단지 115동 건너편,송파구,250.0,248.0
202512,4473,마천금호어울림 1차 102동앞,송파구,129.0,127.0
202512,4474,가락현대 1차 11동 앞,송파구,177.0,171.0
202512,4475,송파파인타운 4단지 403동,송파구,220.0,218.0
202512,4478,문정근린공원2,송파구,466.0,461.0
202512,4479,문정중학교,송파구,106.0,97.0
202512,4480,가락시장 남1문 사거리,송파구,1282.0,1324.0
202512,4481,올림픽공원 북2문 B,송파구,857.0,952.0
202512,4483,잠실나들목4,송파구,586.0,539.0
202512,4484,잠실나루역4번출구뒤,송파구,1177.0,1177.0
202512,4485,잠실나루역 고가하부,송파구,547.0,329.0
202512,4486,홈플러스 잠실점,송파구,1400.0,1424.0
202512,4488,"문현중,고등학교 사이",송파구,112.0,106.0
202512,4490,송파파인타운 10단지 1005동,송파구,132.0,129.0
202512,4491,장지역 1번출구,송파구,805.0,814.0
202512,4493,마천사거리 2,송파구,221.0,261.0
202512,4496,잠실 파크리오 120동 앞,송파구,715.0,706.0
202512,4497,아시아선수촌아파트 교차로,송파구,936.0,895.0
202512,4499,세양청마루 101동 앞,송파구,505.0,204.0
202512,4852,서울복합물류 게이트 1,송파구,1317.0,1371.0
202512,4854,가락시장역 2번 출구,송파구,887.0,898.0
202512,4855,거여5단지 503동 앞,송파구,241.0,239.0
202512,4856,올림픽공원 서1문 앞,송파구,881.0,963.0
202512,4857,올림픽공원 장미광장,송파구,307.0,277.0
202512,4859,잠실나루 나들목,송파구,459.0,462.0
202512,4860,가락쌍용2차아파트 103동,송파구,430.0,429.0
202512,4862,성내교 남단,송파구,187.0,153.0
202512,4863,잠실나들목5,송파구,267.0,281.0
202512,4864,송파사거리,송파구,1410.0,1410.0
202512,4865,한성백제역 1번출구 뒤,송파구,1702.0,1733.0
202512,4867,가락대림아파트 앞,송파구,585.0,586.0
202512,4868,석촌호수 서호 남단,송파구,2072.0,2059.0
202512,4870,몽촌토성역 3번 출구,송파구,2759.0,2747.0
202512,4871,오금동 대림아파트 정문,송파구,408.0,377.0
202512,4872,개롱역 3번 출구 뒤,송파구,555.0,550.0
202512,4873,개롱역사거리 2번 출구,송파구,539.0,542.0
202512,4874,탄천1교 하부보도,송파구,349.0,339.0
202512,4875,위례포레샤인13단지,송파구,181.0,175.0
202512,4879,마천청소년센터,송파구,114.0,97.0
202512,4880,송파청소년센터,송파구,558.0,577.0
202512,4881,거여동사거리 송파둘레길 입구,송파구,87.0,85.0
202512,4882,위례포레샤인18단지 1802동,송파구,120.0,122.0
202512,4883,위례포레샤인18단지 1812동,송파구,123.0,7.0
202512,4884,H비즈니스파크,송파구,1108.0,1179.0
202512,4885,가든파이브 리빙관,송파구,219.0,220.0
202512,4886,배명고등학교 건너편,송파구,598.0,594.0
202512,4887,호돌이상가,송파구,546.0,554.0
202512,4888,둔촌오륜역 2번출구,송파구,264.0,193.0
202512,4889,마천역 1번 출구 인근②,송파구,376.0,358.0
202512,4891,위례포레나송파,송파구,309.0,252.0
202512,4892,성내유수지 체육공원,송파구,178.0,101.0
202512,4893,문정법조단지12,송파구,1807.0,1987.0
202512,4895,송파레이크힐 상가,송파구,526.0,526.0
202512,4896,송파레이크힐,송파구,47.0,46.0
202512,4897,잠실주공5단지1,송파구,2314.0,2330.0
202512,5751,송파여성축구장,송파구,232.0,202.0
202512,5752,풍납백제문화공원 옆 인근,송파구,1431.0,1425.0
202512,5753,호반써밋,송파구,521.0,497.0
202512,5756,극동아파트,송파구,511.0,513.0
202512,5758,올림픽선수기자촌아파트 123동 근처,송파구,450.0,305.0
202512,5759,풍납근린공원,송파구,424.0,400.0
202512,5760,풍납사거리 성내유수지,송파구,635.0,625.0
202512,5761,버섯분수대,송파구,464.0,452.0
202512,5763,세륜초등학교 건너편,송파구,59.0,44.0
202512,5764,한국체육대학교,송파구,447.0,441.0
202512,5765,삼전동주민센터 건너편,송파구,1353.0,1513.0
202512,5766,북위례1,송파구,132.0,58.0
202512,5767,북위례2,송파구,150.0,110.0
202512,5768,방이삼거리,송파구,2768.0,3278.0
202512,5773,송파시그니처롯데캐슬,송파구,197.0,225.0
202512,5774,가락본동주민센터 인근,송파구,723.0,716.0
202512,5775,가락시장역 5번출구,송파구,520.0,561.0
202512,5777,호반써밋12단지,송파구,327.0,311.0
202512,5778,북위례3,송파구,221.0,108.0
202512,5779,나래교,송파구,203.0,201.0
202512,5780,송파세무서,송파구,189.0,189.0
202512,5781,올림픽공원 수영장,송파구,2451.0,2524.0
202512,5782,오금현대 아파트 상가입구 앞,송파구,310.0,311.0
202512,5783,성내5교 2,송파구,236.0,235.0
202512,5784,한강버스 잠실 선착장,송파구,1004.0,913.0
202512,5785,한림연예예술고등학교,송파구,201.0,198.0
202601,1201,가락시장역 3번 출구,송파구,848.0,841.0
202601,1203,밀리아나2빌딩 앞,송파구,535.0,583.0
202601,1204,거여역 3번출구,송파구,636.0,657.0
202601,1205,종합운동장역 4번출구,송파구,404.0,349.0
202601,1206,9호선종합운동장역 9번출구,송파구,546.0,595.0
202601,1207,마천중앙시장,송파구,171.0,174.0
202601,1208,풍납현대아파트쉼터,송파구,1366.0,1381.0
202601,1209,잠실나루역 (2번 출구 쪽),송파구,1410.0,1316.0
202601,1210,롯데월드타워(잠실역2번출구 쪽),송파구,4389.0,4501.0
202601,1212,송파역 2번 출구앞,송파구,703.0,790.0
202601,1213,백토공원 앞,송파구,121.0,118.0
202601,1214,오금역 7번 출구 인근,송파구,412.0,370.0
202601,1215,올림픽공원역 1번출구 앞,송파구,1047.0,1108.0
202601,1217,송파파인타운 7단지,송파구,413.0,393.0
202601,1218,방이역 4번출구,송파구,1161.0,1178.0
202601,1220,잠실근린공원,송파구,1113.0,1178.0
202601,1221,삼전역 4번출구,송파구,842.0,829.0
202601,1222,잠실새내역 5번 출구 뒤,송파구,1735.0,1805.0
202601,1224,아시아지하보도 2번 출구,송파구,541.0,549.0
202601,1226,잠실4동 주민센터 옆,송파구,1105.0,1190.0
202601,1227,거여역 8번출구 뒤,송파구,607.0,601.0
202601,1228,마천사거리,송파구,285.0,381.0
202601,1229,송파체육문화회관 앞,송파구,528.0,525.0
202601,1230,송파중학교 정문,송파구,215.0,179.0
202601,1231,잠실역 6번출구,송파구,1458.0,1482.0
202601,1232,잠실주공 521동 건너편,송파구,1253.0,1256.0
202601,1233,잠실3거리(갤러리아팰리스),송파구,521.0,518.0
202601,1235,잠실트리지움310동 옆,송파구,925.0,999.0
202601,1239,문정 법조단지3,송파구,391.0,383.0
202601,1240,문정 법조단지4,송파구,330.0,334.0
202601,1241,문정 법조단지5,송파구,264.0,267.0
202601,1242,문정 법조단지6,송파구,48.0,49.0
202601,1243,문정 법조단지7,송파구,1212.0,1209.0
202601,1244,문정 법조단지8,송파구,1138.0,1126.0
202601,1245,문정 법조단지9,송파구,564.0,557.0
202601,1246,문정 법조단지10,송파구,969.0,966.0
202601,1247,문정 법조단지11,송파구,328.0,321.0
202601,1248,방이초등학교,송파구,1148.0,878.0
202601,1250,문정2동 주민센터,송파구,64.0,57.0
202601,1251,석촌역 2번출구,송파구,1350.0,1429.0
202601,1253,오금역 3번 출구 뒤,송파구,289.0,277.0
202601,1256,문정현대아파트 교차로,송파구,331.0,308.0
202601,1258,가락미륭아파트 앞,송파구,117.0,98.0
202601,1259,방이역 1번출구,송파구,744.0,861.0
202601,1260,방이동 한양3차아파트 옆,송파구,760.0,709.0
202601,1262,송파여성문화회관 앞,송파구,1005.0,1040.0
202601,1263,장지공영차고지,송파구,160.0,165.0
202601,1264,천호역 10번 출구 앞,송파구,1520.0,1522.0
202601,1265,문정동 근린공원,송파구,737.0,843.0
202601,1266,문정동 글샘 공원,송파구,272.0,231.0
202601,1267,올림픽공원 남2문 앞,송파구,432.0,400.0
202601,1268,몽촌토성역 1번출구 옆,송파구,292.0,295.0
202601,1269,리센츠아파트,송파구,717.0,648.0
202601,1271,송파도서관,송파구,551.0,545.0
202601,1274,영파여고 앞,송파구,655.0,644.0
202601,1275,거여초등학교 옆,송파구,208.0,324.0
202601,1277,성내7교,송파구,460.0,453.0
202601,1278,송파구청 교차로,송파구,441.0,495.0
202601,1279,마천금호어울림 1차아파트 건너편,송파구,184.0,170.0
202601,1282,송파소방서 맞은편(성내4교),송파구,579.0,704.0
202601,1283,오금공원 사거리,송파구,63.0,38.0
202601,1285,위례별 유치원 뒤,송파구,229.0,221.0
202601,1286,위례중앙푸르지오 1단지 앞,송파구,424.0,433.0
202601,1287,위례아이파크 101동 맞은편,송파구,295.0,301.0
202601,1288,문정중교 사거리,송파구,622.0,470.0
202601,1289,풍납토성 서성벽터B,송파구,370.0,371.0
202601,1290,위례송파꿈에그린아파트24단지 앞 성벽 다리 밑,송파구,306.0,320.0
202601,1291,서울체육고등학교 앞,송파구,685.0,765.0
202601,1293,석촌호수 서호 사거리,송파구,1395.0,1402.0
202601,1295,잠실역 8번출구,송파구,1385.0,1388.0
202601,1296,석촌호수교차로 (송파나루근린공원 앞),송파구,257.0,254.0
202601,1297,석촌호수교차로(동호 팔각정 앞),송파구,1269.0,1272.0
202601,1299,송파소방서 (방이119안전센터),송파구,352.0,280.0
202601,1300,오륜사거리,송파구,296.0,356.0
202601,2601,석촌호수 아뜰리에,송파구,967.0,955.0
202601,2603,송파 글마루 도서관,송파구,402.0,334.0
202601,2604,풍납토성 서성벽터A,송파구,632.0,663.0
202601,2605,복정역 1번 출구 앞,송파구,592.0,598.0
202601,2608,송파구청,송파구,2801.0,2830.0
202601,2609,보성중고등학교 후문 앞,송파구,108.0,117.0
202601,2611,송파지역자활센터 뒤,송파구,1405.0,1437.0
202601,2613,잠실나들목,송파구,391.0,401.0
202601,2614,가락고등학교 앞,송파구,348.0,224.0
202601,2615,테라타워2,송파구,1301.0,1339.0
202601,2616,거여동 사거리,송파구,244.0,231.0
202601,2617,가락삼환아파트 앞,송파구,123.0,120.0
202601,2618,삼전역 1번출구,송파구,1014.0,1038.0
202601,2619,석촌고분역 4번출구,송파구,896.0,876.0
202601,2620,송파나루역 4번 출구옆,송파구,2180.0,2316.0
202601,2621,한성백제역 2번 출구,송파구,1071.0,1118.0
202601,2622,올림픽공원역 3번출구,송파구,2512.0,2508.0
202601,2623,석촌동 주민센터,송파구,1616.0,1443.0
202601,2625,가락종합 사회복지관,송파구,113.0,115.0
202601,2626,"경찰병원역 1,2번 출구 사이",송파구,236.0,237.0
202601,2627,문정시영아파트 5동 앞 공원,송파구,586.0,195.0
202601,2628,문정역 1번출구,송파구,1789.0,1917.0
202601,2630,서울방이동 고분군,송파구,895.0,796.0
202601,2631,배명고등학교,송파구,322.0,366.0
202601,2632,석촌고분역 2번 출구,송파구,1135.0,1139.0
202601,2633,송파학사 옆,송파구,303.0,279.0
202601,2634,위례포레샤인아파트 정류장,송파구,242.0,261.0
202601,2635,잠실새내역 1번출구,송파구,1055.0,1031.0
202601,2637,아시아지하보도 14번 출구,송파구,1018.0,1174.0
202601,2639,석촌역 8번출구,송파구,1787.0,1747.0
202601,2641,송파역 4번출구,송파구,1043.0,1119.0
202601,2642,마천동 성내천 쉼터,송파구,352.0,354.0
202601,2643,풍납중학교 측면,송파구,255.0,178.0
202601,2644,성내5교,송파구,441.0,432.0
202601,2645,잠실나들목2(엘스아파트136동),송파구,344.0,320.0
202601,2646,레이크펠리스101동앞,송파구,1753.0,1779.0
202601,2647,잠실 자전거 수리센터 앞,송파구,841.0,877.0
202601,2648,헬리오시티 112동 앞,송파구,439.0,357.0
202601,2649,오금공원사거리2,송파구,140.0,73.0
202601,2650,위례22단지 2208동 다리앞,송파구,229.0,222.0
202601,2651,경찰병원역 3번출구 앞,송파구,627.0,623.0
202601,2652,송파 레미니스1단지 102동 앞,송파구,329.0,255.0
202601,2653,올림픽공원사거리(선수촌아파트),송파구,621.0,612.0
202601,2654,올림픽선수촌아파트 136동 앞,송파구,420.0,297.0
202601,2655,송이공원,송파구,306.0,272.0
202601,2656,풍납동 아이파크 107동 앞,송파구,668.0,649.0
202601,2657,송파 파인타운 11단지,송파구,369.0,306.0
202601,2658,가락몰 업무동,송파구,805.0,824.0
202601,2659,서울친환경유통센터,송파구,113.0,113.0
202601,4452,삼성SDS,송파구,1644.0,1701.0
202601,4453,위례중앙푸르지오 201동 앞,송파구,516.0,505.0
202601,4454,위례 포레샤인 1809동 부근,송파구,141.0,31.0
202601,4457,아산병원 기숙사 부근,송파구,2557.0,2691.0
202601,4458,가락2동주민센터 인근,송파구,264.0,227.0
202601,4460,올림픽훼미리아파트 112동 앞,송파구,598.0,618.0
202601,4461,한양3차아파트 3동 앞,송파구,105.0,70.0
202601,4462,가락중학교 앞,송파구,347.0,327.0
202601,4463,방이역 2번 출구,송파구,371.0,392.0
202601,4464,올림픽공원 북2문 A,송파구,443.0,491.0
202601,4465,건영아파트앞 사거리,송파구,724.0,709.0
202601,4468,가락1동주민센터,송파구,572.0,534.0
202601,4469,거여동 어울림아파트  102동앞,송파구,208.0,201.0
202601,4472,송파파크데일 1단지 115동 건너편,송파구,157.0,157.0
202601,4473,마천금호어울림 1차 102동앞,송파구,120.0,117.0
202601,4474,가락현대 1차 11동 앞,송파구,230.0,156.0
202601,4475,송파파인타운 4단지 403동,송파구,192.0,163.0
202601,4478,문정근린공원2,송파구,467.0,480.0
202601,4479,문정중학교,송파구,82.0,62.0
202601,4480,가락시장 남1문 사거리,송파구,1138.0,1214.0
202601,4481,올림픽공원 북2문 B,송파구,733.0,802.0
202601,4483,잠실나들목4,송파구,448.0,439.0
202601,4484,잠실나루역4번출구뒤,송파구,1037.0,1039.0
202601,4485,잠실나루역 고가하부,송파구,340.0,250.0
202601,4486,홈플러스 잠실점,송파구,1091.0,1125.0
202601,4488,"문현중,고등학교 사이",송파구,104.0,97.0
202601,4490,송파파인타운 10단지 1005동,송파구,130.0,86.0
202601,4491,장지역 1번출구,송파구,685.0,691.0
202601,4493,마천사거리 2,송파구,177.0,211.0
202601,4496,잠실 파크리오 120동 앞,송파구,580.0,580.0
202601,4497,아시아선수촌아파트 교차로,송파구,775.0,752.0
202601,4499,세양청마루 101동 앞,송파구,418.0,179.0
202601,4852,서울복합물류 게이트 1,송파구,1195.0,1284.0
202601,4854,가락시장역 2번 출구,송파구,719.0,696.0
202601,4855,거여5단지 503동 앞,송파구,242.0,236.0
202601,4856,올림픽공원 서1문 앞,송파구,740.0,778.0
202601,4857,올림픽공원 장미광장,송파구,210.0,211.0
202601,4859,잠실나루 나들목,송파구,445.0,438.0
202601,4860,가락쌍용2차아파트 103동,송파구,365.0,376.0
202601,4862,성내교 남단,송파구,154.0,128.0
202601,4863,잠실나들목5,송파구,189.0,197.0
202601,4864,송파사거리,송파구,1108.0,1160.0
202601,4865,한성백제역 1번출구 뒤,송파구,1338.0,1347.0
202601,4867,가락대림아파트 앞,송파구,529.0,515.0
202601,4868,석촌호수 서호 남단,송파구,1751.0,1753.0
202601,4870,몽촌토성역 3번 출구,송파구,2379.0,2361.0
202601,4871,오금동 대림아파트 정문,송파구,306.0,267.0
202601,4872,개롱역 3번 출구 뒤,송파구,560.0,573.0
202601,4873,개롱역사거리 2번 출구,송파구,464.0,470.0
202601,4874,탄천1교 하부보도,송파구,260.0,288.0
202601,4875,위례포레샤인13단지,송파구,135.0,134.0
202601,4879,마천청소년센터,송파구,133.0,105.0
202601,4880,송파청소년센터,송파구,407.0,413.0
202601,4881,거여동사거리 송파둘레길 입구,송파구,89.0,89.0
202601,4882,위례포레샤인18단지 1802동,송파구,76.0,74.0
202601,4883,위례포레샤인18단지 1812동,송파구,67.0,5.0
202601,4884,H비즈니스파크,송파구,928.0,992.0
202601,4885,가든파이브 리빙관,송파구,150.0,169.0
202601,4886,배명고등학교 건너편,송파구,536.0,551.0
202601,4887,호돌이상가,송파구,481.0,468.0
202601,4888,둔촌오륜역 2번출구,송파구,282.0,161.0
202601,4889,마천역 1번 출구 인근②,송파구,307.0,296.0
202601,4891,위례포레나송파,송파구,280.0,263.0
202601,4892,성내유수지 체육공원,송파구,182.0,93.0
202601,4893,문정법조단지12,송파구,1486.0,1537.0
202601,4895,송파레이크힐 상가,송파구,382.0,380.0
202601,4896,송파레이크힐,송파구,88.0,49.0
202601,4897,잠실주공5단지1,송파구,1860.0,1825.0
202601,5751,송파여성축구장,송파구,168.0,146.0
202601,5752,풍납백제문화공원 옆 인근,송파구,1219.0,1210.0
202601,5753,호반써밋,송파구,410.0,429.0
202601,5756,극동아파트,송파구,459.0,434.0
202601,5758,올림픽선수기자촌아파트 123동 근처,송파구,432.0,259.0
202601,5759,풍납근린공원,송파구,292.0,294.0
202601,5760,풍납사거리 성내유수지,송파구,477.0,456.0
202601,5761,버섯분수대,송파구,311.0,312.0
202601,5763,세륜초등학교 건너편,송파구,94.0,55.0
202601,5764,한국체육대학교,송파구,317.0,318.0
202601,5765,삼전동주민센터 건너편,송파구,1159.0,1244.0
202601,5766,북위례1,송파구,99.0,62.0
202601,5767,북위례2,송파구,84.0,75.0
202601,5768,방이삼거리,송파구,2152.0,2541.0
202601,5773,송파시그니처롯데캐슬,송파구,145.0,169.0
202601,5774,가락본동주민센터 인근,송파구,600.0,652.0
202601,5775,가락시장역 5번출구,송파구,389.0,417.0
202601,5777,호반써밋12단지,송파구,343.0,334.0
202601,5778,북위례3,송파구,231.0,103.0
202601,5779,나래교,송파구,191.0,178.0
202601,5780,송파세무서,송파구,129.0,135.0
202601,5781,올림픽공원 수영장,송파구,2234.0,2322.0
202601,5782,오금현대 아파트 상가입구 앞,송파구,289.0,284.0
202601,5783,성내5교 2,송파구,210.0,213.0
202601,5784,한강버스 잠실 선착장,송파구,714.0,644.0
202601,5785,한림연예예술고등학교,송파구,205.0,158.0
202602,1201,가락시장역 3번 출구,송파구,922.0,921.0
202602,1203,밀리아나2빌딩 앞,송파구,635.0,644.0
202602,1204,거여역 3번출구,송파구,700.0,749.0
202602,1205,종합운동장역 4번출구,송파구,543.0,399.0
202602,1206,9호선종합운동장역 9번출구,송파구,621.0,623.0
202602,1207,마천중앙시장,송파구,221.0,218.0
202602,1208,풍납현대아파트쉼터,송파구,1349.0,1368.0
202602,1209,잠실나루역 (2번 출구 쪽),송파구,1733.0,1640.0
202602,1210,롯데월드타워(잠실역2번출구 쪽),송파구,5197.0,5114.0
202602,1212,송파역 2번 출구앞,송파구,757.0,765.0
202602,1213,백토공원 앞,송파구,198.0,167.0
202602,1214,오금역 7번 출구 인근,송파구,344.0,334.0
202602,1215,올림픽공원역 1번출구 앞,송파구,1134.0,1103.0
202602,1217,송파파인타운 7단지,송파구,424.0,423.0
202602,1218,방이역 4번출구,송파구,1236.0,1231.0
202602,1220,잠실근린공원,송파구,1230.0,1313.0
202602,1221,삼전역 4번출구,송파구,920.0,947.0
202602,1222,잠실새내역 5번 출구 뒤,송파구,2235.0,2345.0
202602,1224,아시아지하보도 2번 출구,송파구,675.0,697.0
202602,1226,잠실4동 주민센터 옆,송파구,1299.0,1438.0
202602,1227,거여역 8번출구 뒤,송파구,569.0,571.0
202602,1228,마천사거리,송파구,374.0,467.0
202602,1229,송파체육문화회관 앞,송파구,600.0,589.0
202602,1230,송파중학교 정문,송파구,248.0,229.0
202602,1231,잠실역 6번출구,송파구,1733.0,1796.0
202602,1232,잠실주공 521동 건너편,송파구,1496.0,1495.0
202602,1233,잠실3거리(갤러리아팰리스),송파구,569.0,541.0
202602,1235,잠실트리지움310동 옆,송파구,1121.0,1220.0
202602,1239,문정 법조단지3,송파구,373.0,376.0
202602,1240,문정 법조단지4,송파구,347.0,357.0
202602,1241,문정 법조단지5,송파구,234.0,228.0
202602,1242,문정 법조단지6,송파구,73.0,61.0
202602,1243,문정 법조단지7,송파구,1165.0,1182.0
202602,1244,문정 법조단지8,송파구,1189.0,1182.0
202602,1245,문정 법조단지9,송파구,638.0,629.0
202602,1246,문정 법조단지10,송파구,963.0,963.0
202602,1247,문정 법조단지11,송파구,343.0,336.0
202602,1248,방이초등학교,송파구,1274.0,950.0
202602,1250,문정2동 주민센터,송파구,79.0,93.0
202602,1251,석촌역 2번출구,송파구,1403.0,1500.0
202602,1253,오금역 3번 출구 뒤,송파구,310.0,297.0
202602,1256,문정현대아파트 교차로,송파구,321.0,313.0
202602,1258,가락미륭아파트 앞,송파구,123.0,102.0
202602,1259,방이역 1번출구,송파구,900.0,914.0
202602,1260,방이동 한양3차아파트 옆,송파구,697.0,703.0
202602,1262,송파여성문화회관 앞,송파구,1133.0,1174.0
202602,1263,장지공영차고지,송파구,183.0,201.0
202602,1264,천호역 10번 출구 앞,송파구,1603.0,1613.0
202602,1265,문정동 근린공원,송파구,771.0,781.0
202602,1266,문정동 글샘 공원,송파구,266.0,272.0
202602,1267,올림픽공원 남2문 앞,송파구,668.0,603.0
202602,1268,몽촌토성역 1번출구 옆,송파구,380.0,391.0
202602,1269,리센츠아파트,송파구,922.0,807.0
202602,1271,송파도서관,송파구,577.0,566.0
202602,1274,영파여고 앞,송파구,688.0,661.0
202602,1275,거여초등학교 옆,송파구,275.0,338.0
202602,1277,성내7교,송파구,542.0,569.0
202602,1278,송파구청 교차로,송파구,1092.0,1146.0
202602,1279,마천금호어울림 1차아파트 건너편,송파구,171.0,158.0
202602,1282,송파소방서 맞은편(성내4교),송파구,619.0,825.0
202602,1283,오금공원 사거리,송파구,50.0,49.0
202602,1285,위례별 유치원 뒤,송파구,238.0,239.0
202602,1286,위례중앙푸르지오 1단지 앞,송파구,534.0,533.0
202602,1287,위례아이파크 101동 맞은편,송파구,314.0,320.0
202602,1288,문정중교 사거리,송파구,616.0,520.0
202602,1289,풍납토성 서성벽터B,송파구,442.0,426.0
202602,1290,위례송파꿈에그린아파트24단지 앞 성벽 다리 밑,송파구,349.0,351.0
202602,1291,서울체육고등학교 앞,송파구,793.0,807.0
202602,1293,석촌호수 서호 사거리,송파구,1553.0,1571.0
202602,1295,잠실역 8번출구,송파구,1993.0,1985.0
202602,1296,석촌호수교차로 (송파나루근린공원 앞),송파구,318.0,321.0
202602,1297,석촌호수교차로(동호 팔각정 앞),송파구,1450.0,1416.0
202602,1299,송파소방서 (방이119안전센터),송파구,394.0,321.0
202602,1300,오륜사거리,송파구,339.0,426.0
202602,2601,석촌호수 아뜰리에,송파구,1057.0,1057.0
202602,2603,송파 글마루 도서관,송파구,471.0,397.0
202602,2604,풍납토성 서성벽터A,송파구,783.0,755.0
202602,2605,복정역 1번 출구 앞,송파구,628.0,622.0
202602,2608,송파구청,송파구,2869.0,2910.0
202602,2609,보성중고등학교 후문 앞,송파구,78.0,71.0
202602,2611,송파지역자활센터 뒤,송파구,1455.0,1476.0
202602,2613,잠실나들목,송파구,704.0,706.0
202602,2614,가락고등학교 앞,송파구,299.0,257.0
202602,2615,테라타워2,송파구,1220.0,1148.0
202602,2616,거여동 사거리,송파구,183.0,181.0
202602,2617,가락삼환아파트 앞,송파구,197.0,147.0
202602,2618,삼전역 1번출구,송파구,971.0,1031.0
202602,2619,석촌고분역 4번출구,송파구,1001.0,996.0
202602,2620,송파나루역 4번 출구옆,송파구,2330.0,2558.0
202602,2621,한성백제역 2번 출구,송파구,1520.0,1568.0
202602,2622,올림픽공원역 3번출구,송파구,2919.0,2909.0
202602,2623,석촌동 주민센터,송파구,1632.0,1472.0
202602,2625,가락종합 사회복지관,송파구,138.0,99.0
202602,2626,"경찰병원역 1,2번 출구 사이",송파구,251.0,249.0
202602,2627,문정시영아파트 5동 앞 공원,송파구,388.0,205.0
202602,2628,문정역 1번출구,송파구,1813.0,1799.0
202602,2630,서울방이동 고분군,송파구,1026.0,969.0
202602,2631,배명고등학교,송파구,300.0,320.0
202602,2632,석촌고분역 2번 출구,송파구,1304.0,1305.0
202602,2633,송파학사 옆,송파구,497.0,437.0
202602,2634,위례포레샤인아파트 정류장,송파구,331.0,335.0
202602,2635,잠실새내역 1번출구,송파구,1232.0,1218.0
202602,2637,아시아지하보도 14번 출구,송파구,1358.0,1388.0
202602,2639,석촌역 8번출구,송파구,1938.0,1914.0
202602,2641,송파역 4번출구,송파구,1365.0,1359.0
202602,2642,마천동 성내천 쉼터,송파구,467.0,471.0
202602,2643,풍납중학교 측면,송파구,220.0,183.0
202602,2644,성내5교,송파구,473.0,486.0
202602,2645,잠실나들목2(엘스아파트136동),송파구,404.0,383.0
202602,2646,레이크펠리스101동앞,송파구,1800.0,1843.0
202602,2647,잠실 자전거 수리센터 앞,송파구,892.0,913.0
202602,2648,헬리오시티 112동 앞,송파구,528.0,519.0
202602,2649,오금공원사거리2,송파구,99.0,87.0
202602,2650,위례22단지 2208동 다리앞,송파구,267.0,266.0
202602,2651,경찰병원역 3번출구 앞,송파구,625.0,626.0
202602,2652,송파 레미니스1단지 102동 앞,송파구,352.0,318.0
202602,2653,올림픽공원사거리(선수촌아파트),송파구,702.0,700.0
202602,2654,올림픽선수촌아파트 136동 앞,송파구,427.0,315.0
202602,2655,송이공원,송파구,302.0,286.0
202602,2656,풍납동 아이파크 107동 앞,송파구,730.0,735.0
202602,2657,송파 파인타운 11단지,송파구,410.0,384.0
202602,2658,가락몰 업무동,송파구,853.0,841.0
202602,2659,서울친환경유통센터,송파구,110.0,109.0
202602,4452,삼성SDS,송파구,1813.0,1876.0
202602,4453,위례중앙푸르지오 201동 앞,송파구,648.0,654.0
202602,4454,위례 포레샤인 1809동 부근,송파구,104.0,33.0
202602,4457,아산병원 기숙사 부근,송파구,3052.0,3030.0
202602,4458,가락2동주민센터 인근,송파구,282.0,284.0
202602,4460,올림픽훼미리아파트 112동 앞,송파구,649.0,622.0
202602,4461,한양3차아파트 3동 앞,송파구,106.0,103.0
202602,4462,가락중학교 앞,송파구,360.0,348.0
202602,4463,방이역 2번 출구,송파구,484.0,511.0
202602,4464,올림픽공원 북2문 A,송파구,523.0,510.0
202602,4465,건영아파트앞 사거리,송파구,721.0,724.0
202602,4468,가락1동주민센터,송파구,695.0,692.0
202602,4469,거여동 어울림아파트  102동앞,송파구,200.0,199.0
202602,4472,송파파크데일 1단지 115동 건너편,송파구,165.0,166.0
202602,4473,마천금호어울림 1차 102동앞,송파구,110.0,94.0
202602,4474,가락현대 1차 11동 앞,송파구,211.0,188.0
202602,4475,송파파인타운 4단지 403동,송파구,204.0,198.0
202602,4478,문정근린공원2,송파구,480.0,463.0
202602,4479,문정중학교,송파구,88.0,85.0
202602,4480,가락시장 남1문 사거리,송파구,1086.0,1172.0
202602,4481,올림픽공원 북2문 B,송파구,971.0,1019.0
202602,4483,잠실나들목4,송파구,494.0,462.0
202602,4484,잠실나루역4번출구뒤,송파구,1238.0,1230.0
202602,4485,잠실나루역 고가하부,송파구,459.0,320.0
202602,4486,홈플러스 잠실점,송파구,1217.0,1225.0
202602,4488,"문현중,고등학교 사이",송파구,128.0,126.0
202602,4490,송파파인타운 10단지 1005동,송파구,133.0,123.0
202602,4491,장지역 1번출구,송파구,720.0,708.0
202602,4493,마천사거리 2,송파구,171.0,209.0
202602,4496,잠실 파크리오 120동 앞,송파구,776.0,765.0
202602,4497,아시아선수촌아파트 교차로,송파구,749.0,730.0
202602,4499,세양청마루 101동 앞,송파구,453.0,185.0
202602,4852,서울복합물류 게이트 1,송파구,1081.0,1140.0
202602,4854,가락시장역 2번 출구,송파구,768.0,779.0
202602,4855,거여5단지 503동 앞,송파구,298.0,295.0
202602,4856,올림픽공원 서1문 앞,송파구,875.0,923.0
202602,4857,올림픽공원 장미광장,송파구,349.0,324.0
202602,4859,잠실나루 나들목,송파구,583.0,582.0
202602,4860,가락쌍용2차아파트 103동,송파구,406.0,381.0
202602,4862,성내교 남단,송파구,220.0,157.0
202602,4863,잠실나들목5,송파구,239.0,253.0
202602,4864,송파사거리,송파구,1266.0,1260.0
202602,4865,한성백제역 1번출구 뒤,송파구,1493.0,1492.0
202602,4867,가락대림아파트 앞,송파구,500.0,497.0
202602,4868,석촌호수 서호 남단,송파구,1648.0,1675.0
202602,4870,몽촌토성역 3번 출구,송파구,2644.0,2623.0
202602,4871,오금동 대림아파트 정문,송파구,374.0,291.0
202602,4872,개롱역 3번 출구 뒤,송파구,565.0,558.0
202602,4873,개롱역사거리 2번 출구,송파구,416.0,407.0
202602,4874,탄천1교 하부보도,송파구,284.0,260.0
202602,4875,위례포레샤인13단지,송파구,169.0,161.0
202602,4879,마천청소년센터,송파구,97.0,88.0
202602,4880,송파청소년센터,송파구,478.0,515.0
202602,4881,거여동사거리 송파둘레길 입구,송파구,86.0,86.0
202602,4882,위례포레샤인18단지 1802동,송파구,129.0,115.0
202602,4883,위례포레샤인18단지 1812동,송파구,132.0,16.0
202602,4884,H비즈니스파크,송파구,950.0,955.0
202602,4885,가든파이브 리빙관,송파구,207.0,195.0
202602,4886,배명고등학교 건너편,송파구,535.0,533.0
202602,4887,호돌이상가,송파구,520.0,513.0
202602,4888,둔촌오륜역 2번출구,송파구,270.0,174.0
202602,4889,마천역 1번 출구 인근②,송파구,404.0,374.0
202602,4891,위례포레나송파,송파구,306.0,307.0
202602,4892,성내유수지 체육공원,송파구,229.0,85.0
202602,4893,문정법조단지12,송파구,1312.0,1379.0
202602,4895,송파레이크힐 상가,송파구,405.0,401.0
202602,4896,송파레이크힐,송파구,53.0,58.0
202602,4897,잠실주공5단지1,송파구,1864.0,1903.0
202602,5751,송파여성축구장,송파구,179.0,168.0
202602,5752,풍납백제문화공원 옆 인근,송파구,1445.0,1458.0
202602,5753,호반써밋,송파구,498.0,482.0
202602,5756,극동아파트,송파구,495.0,490.0
202602,5758,올림픽선수기자촌아파트 123동 근처,송파구,390.0,235.0
202602,5759,풍납근린공원,송파구,379.0,386.0
202602,5760,풍납사거리 성내유수지,송파구,534.0,512.0
202602,5761,버섯분수대,송파구,453.0,449.0
202602,5763,세륜초등학교 건너편,송파구,132.0,72.0
202602,5764,한국체육대학교,송파구,422.0,404.0
202602,5765,삼전동주민센터 건너편,송파구,1193.0,1339.0
202602,5766,북위례1,송파구,172.0,104.0
202602,5767,북위례2,송파구,160.0,123.0
202602,5768,방이삼거리,송파구,2536.0,3058.0
202602,5773,송파시그니처롯데캐슬,송파구,180.0,201.0
202602,5774,가락본동주민센터 인근,송파구,698.0,705.0
202602,5775,가락시장역 5번출구,송파구,415.0,465.0
202602,5777,호반써밋12단지,송파구,306.0,304.0
202602,5778,북위례3,송파구,222.0,142.0
202602,5779,나래교,송파구,156.0,150.0
202602,5780,송파세무서,송파구,160.0,152.0
202602,5781,올림픽공원 수영장,송파구,2165.0,2184.0
202602,5782,오금현대 아파트 상가입구 앞,송파구,398.0,397.0
202602,5783,성내5교 2,송파구,278.0,296.0
202602,5784,한강버스 잠실 선착장,송파구,1976.0,1960.0
202602,5785,한림연예예술고등학교,송파구,260.0,188.0
202603,1201,가락시장역 3번 출구,송파구,1472.0,1479.0
202603,1203,밀리아나2빌딩 앞,송파구,924.0,937.0
202603,1204,거여역 3번출구,송파구,1146.0,1213.0
202603,1205,종합운동장역 4번출구,송파구,872.0,778.0
202603,1206,9호선종합운동장역 9번출구,송파구,1079.0,1042.0
202603,1207,마천중앙시장,송파구,357.0,407.0
202603,1208,풍납현대아파트쉼터,송파구,2085.0,2045.0
202603,1209,잠실나루역 (2번 출구 쪽),송파구,3026.0,2967.0
202603,1210,롯데월드타워(잠실역2번출구 쪽),송파구,8147.0,8123.0
202603,1212,송파역 2번 출구앞,송파구,1327.0,1378.0
202603,1213,백토공원 앞,송파구,318.0,287.0
202603,1214,오금역 7번 출구 인근,송파구,695.0,619.0
202603,1215,올림픽공원역 1번출구 앞,송파구,1780.0,1781.0
202603,1217,송파파인타운 7단지,송파구,764.0,723.0
202603,1218,방이역 4번출구,송파구,2129.0,2112.0
202603,1220,잠실근린공원,송파구,1926.0,2053.0
202603,1221,삼전역 4번출구,송파구,1488.0,1529.0
202603,1222,잠실새내역 5번 출구 뒤,송파구,3919.0,3948.0
202603,1224,아시아지하보도 2번 출구,송파구,1384.0,1386.0
202603,1226,잠실4동 주민센터 옆,송파구,2424.0,2559.0
202603,1227,거여역 8번출구 뒤,송파구,911.0,944.0
202603,1228,마천사거리,송파구,606.0,782.0
202603,1229,송파체육문화회관 앞,송파구,984.0,990.0
202603,1230,송파중학교 정문,송파구,524.0,460.0
202603,1231,잠실역 6번출구,송파구,2749.0,3106.0
202603,1232,잠실주공 521동 건너편,송파구,2361.0,2381.0
202603,1233,잠실3거리(갤러리아팰리스),송파구,837.0,836.0
202603,1235,잠실트리지움310동 옆,송파구,1829.0,2032.0
202603,1239,문정 법조단지3,송파구,675.0,660.0
202603,1240,문정 법조단지4,송파구,531.0,514.0
202603,1241,문정 법조단지5,송파구,461.0,435.0
202603,1242,문정 법조단지6,송파구,82.0,80.0
202603,1243,문정 법조단지7,송파구,1959.0,1934.0
202603,1244,문정 법조단지8,송파구,1892.0,1891.0
202603,1245,문정 법조단지9,송파구,1134.0,1130.0
202603,1246,문정 법조단지10,송파구,1611.0,1615.0
202603,1247,문정 법조단지11,송파구,644.0,644.0
202603,1248,방이초등학교,송파구,1933.0,1645.0
202603,1250,문정2동 주민센터,송파구,147.0,122.0
202603,1251,석촌역 2번출구,송파구,2326.0,2303.0
202603,1253,오금역 3번 출구 뒤,송파구,600.0,570.0
202603,1256,문정현대아파트 교차로,송파구,458.0,452.0
202603,1258,가락미륭아파트 앞,송파구,302.0,197.0
202603,1259,방이역 1번출구,송파구,1507.0,1562.0
202603,1260,방이동 한양3차아파트 옆,송파구,1110.0,1096.0
202603,1262,송파여성문화회관 앞,송파구,1783.0,1780.0
202603,1263,장지공영차고지,송파구,282.0,286.0
202603,1264,천호역 10번 출구 앞,송파구,2890.0,2872.0
202603,1265,문정동 근린공원,송파구,1145.0,1219.0
202603,1266,문정동 글샘 공원,송파구,547.0,527.0
202603,1267,올림픽공원 남2문 앞,송파구,1109.0,1031.0
202603,1268,몽촌토성역 1번출구 옆,송파구,804.0,790.0
202603,1269,리센츠아파트,송파구,1561.0,1483.0
202603,1271,송파도서관,송파구,915.0,920.0
202603,1274,영파여고 앞,송파구,1239.0,1190.0
202603,1275,거여초등학교 옆,송파구,395.0,548.0
202603,1277,성내7교,송파구,927.0,965.0
202603,1278,송파구청 교차로,송파구,1978.0,1969.0
202603,1279,마천금호어울림 1차아파트 건너편,송파구,380.0,378.0
202603,1282,송파소방서 맞은편(성내4교),송파구,1164.0,1415.0
202603,1283,오금공원 사거리,송파구,126.0,70.0
202603,1285,위례별 유치원 뒤,송파구,406.0,408.0
202603,1286,위례중앙푸르지오 1단지 앞,송파구,908.0,910.0
202603,1287,위례아이파크 101동 맞은편,송파구,548.0,569.0
202603,1288,문정중교 사거리,송파구,1174.0,933.0
202603,1289,풍납토성 서성벽터B,송파구,756.0,751.0
202603,1290,위례송파꿈에그린아파트24단지 앞 성벽 다리 밑,송파구,621.0,681.0
202603,1291,서울체육고등학교 앞,송파구,2160.0,2452.0
202603,1293,석촌호수 서호 사거리,송파구,2721.0,2733.0
202603,1295,잠실역 8번출구,송파구,3483.0,3458.0
202603,1296,석촌호수교차로 (송파나루근린공원 앞),송파구,626.0,624.0
202603,1297,석촌호수교차로(동호 팔각정 앞),송파구,2730.0,2733.0
202603,1299,송파소방서 (방이119안전센터),송파구,566.0,446.0
202603,1300,오륜사거리,송파구,579.0,658.0
202603,2601,석촌호수 아뜰리에,송파구,1845.0,1821.0
202603,2603,송파 글마루 도서관,송파구,717.0,713.0
202603,2604,풍납토성 서성벽터A,송파구,1328.0,1310.0
202603,2605,복정역 1번 출구 앞,송파구,1082.0,1090.0
202603,2608,송파구청,송파구,5261.0,5431.0
202603,2609,보성중고등학교 후문 앞,송파구,246.0,239.0
202603,2611,송파지역자활센터 뒤,송파구,2191.0,2410.0
202603,2613,잠실나들목,송파구,1464.0,1485.0
202603,2614,가락고등학교 앞,송파구,460.0,404.0
202603,2615,테라타워2,송파구,2103.0,2088.0
202603,2616,거여동 사거리,송파구,354.0,358.0
202603,2617,가락삼환아파트 앞,송파구,295.0,265.0
202603,2618,삼전역 1번출구,송파구,1607.0,1622.0
202603,2619,석촌고분역 4번출구,송파구,1726.0,1704.0
202603,2620,송파나루역 4번 출구옆,송파구,3886.0,4286.0
202603,2621,한성백제역 2번 출구,송파구,2724.0,2727.0
202603,2622,올림픽공원역 3번출구,송파구,5285.0,5270.0
202603,2623,석촌동 주민센터,송파구,2690.0,2604.0
202603,2625,가락종합 사회복지관,송파구,155.0,154.0
202603,2626,"경찰병원역 1,2번 출구 사이",송파구,429.0,427.0
202603,2627,문정시영아파트 5동 앞 공원,송파구,975.0,380.0
202603,2628,문정역 1번출구,송파구,2933.0,3014.0
202603,2630,서울방이동 고분군,송파구,1561.0,1486.0
202603,2631,배명고등학교,송파구,587.0,610.0
202603,2632,석촌고분역 2번 출구,송파구,2186.0,2215.0
202603,2633,송파학사 옆,송파구,756.0,732.0
202603,2634,위례포레샤인아파트 정류장,송파구,615.0,658.0
202603,2635,잠실새내역 1번출구,송파구,2114.0,2045.0
202603,2637,아시아지하보도 14번 출구,송파구,2247.0,2227.0
202603,2639,석촌역 8번출구,송파구,2827.0,2840.0
202603,2641,송파역 4번출구,송파구,2365.0,2393.0
202603,2642,마천동 성내천 쉼터,송파구,838.0,871.0
202603,2643,풍납중학교 측면,송파구,325.0,263.0
202603,2644,성내5교,송파구,792.0,855.0
202603,2645,잠실나들목2(엘스아파트136동),송파구,731.0,735.0
202603,2646,레이크펠리스101동앞,송파구,2836.0,2940.0
202603,2647,잠실 자전거 수리센터 앞,송파구,1638.0,1680.0
202603,2648,헬리오시티 112동 앞,송파구,876.0,856.0
202603,2649,오금공원사거리2,송파구,246.0,168.0
202603,2650,위례22단지 2208동 다리앞,송파구,439.0,471.0
202603,2651,경찰병원역 3번출구 앞,송파구,1012.0,1023.0
202603,2652,송파 레미니스1단지 102동 앞,송파구,699.0,591.0
202603,2653,올림픽공원사거리(선수촌아파트),송파구,1243.0,1246.0
202603,2654,올림픽선수촌아파트 136동 앞,송파구,687.0,519.0
202603,2655,송이공원,송파구,693.0,498.0
202603,2656,풍납동 아이파크 107동 앞,송파구,1868.0,1948.0
202603,2657,송파 파인타운 11단지,송파구,688.0,628.0
202603,2658,가락몰 업무동,송파구,1249.0,1258.0
202603,2659,서울친환경유통센터,송파구,263.0,263.0
202603,4452,삼성SDS,송파구,3185.0,3239.0
202603,4453,위례중앙푸르지오 201동 앞,송파구,1109.0,1087.0
202603,4454,위례 포레샤인 1809동 부근,송파구,198.0,64.0
202603,4457,아산병원 기숙사 부근,송파구,3188.0,3268.0
202603,4458,가락2동주민센터 인근,송파구,470.0,406.0
202603,4460,올림픽훼미리아파트 112동 앞,송파구,933.0,931.0
202603,4461,한양3차아파트 3동 앞,송파구,202.0,186.0
202603,4462,가락중학교 앞,송파구,566.0,533.0
202603,4463,방이역 2번 출구,송파구,757.0,760.0
202603,4464,올림픽공원 북2문 A,송파구,1058.0,1044.0
202603,4465,건영아파트앞 사거리,송파구,1242.0,1254.0
202603,4468,가락1동주민센터,송파구,1177.0,1143.0
202603,4469,거여동 어울림아파트  102동앞,송파구,395.0,377.0
202603,4472,송파파크데일 1단지 115동 건너편,송파구,429.0,425.0
202603,4473,마천금호어울림 1차 102동앞,송파구,167.0,166.0
202603,4474,가락현대 1차 11동 앞,송파구,399.0,305.0
202603,4475,송파파인타운 4단지 403동,송파구,287.0,273.0
202603,4478,문정근린공원2,송파구,740.0,749.0
202603,4479,문정중학교,송파구,183.0,152.0
202603,4480,가락시장 남1문 사거리,송파구,1795.0,1815.0
202603,4481,올림픽공원 북2문 B,송파구,1795.0,1810.0
202603,4483,잠실나들목4,송파구,840.0,862.0
202603,4484,잠실나루역4번출구뒤,송파구,2040.0,2045.0
202603,4485,잠실나루역 고가하부,송파구,628.0,487.0
202603,4486,홈플러스 잠실점,송파구,1964.0,1949.0
202603,4488,"문현중,고등학교 사이",송파구,169.0,144.0
202603,4490,송파파인타운 10단지 1005동,송파구,229.0,212.0
202603,4491,장지역 1번출구,송파구,1240.0,1241.0
202603,4493,마천사거리 2,송파구,338.0,359.0
202603,4496,잠실 파크리오 120동 앞,송파구,1511.0,1521.0
202603,4497,아시아선수촌아파트 교차로,송파구,1242.0,1235.0
202603,4499,세양청마루 101동 앞,송파구,811.0,311.0
202603,4852,서울복합물류 게이트 1,송파구,1421.0,1519.0
202603,4854,가락시장역 2번 출구,송파구,1180.0,1181.0
202603,4855,거여5단지 503동 앞,송파구,419.0,407.0
202603,4856,올림픽공원 서1문 앞,송파구,1727.0,1719.0
202603,4857,올림픽공원 장미광장,송파구,502.0,479.0
202603,4859,잠실나루 나들목,송파구,1432.0,1448.0
202603,4860,가락쌍용2차아파트 103동,송파구,714.0,716.0
202603,4862,성내교 남단,송파구,431.0,389.0
202603,4863,잠실나들목5,송파구,489.0,506.0
202603,4864,송파사거리,송파구,1973.0,1987.0
202603,4865,한성백제역 1번출구 뒤,송파구,2523.0,2519.0
202603,4867,가락대림아파트 앞,송파구,779.0,766.0
202603,4868,석촌호수 서호 남단,송파구,2543.0,2529.0
202603,4870,몽촌토성역 3번 출구,송파구,4534.0,4511.0
202603,4871,오금동 대림아파트 정문,송파구,588.0,503.0
202603,4872,개롱역 3번 출구 뒤,송파구,958.0,968.0
202603,4873,개롱역사거리 2번 출구,송파구,852.0,909.0
202603,4874,탄천1교 하부보도,송파구,515.0,555.0
202603,4875,위례포레샤인13단지,송파구,279.0,260.0
202603,4879,마천청소년센터,송파구,121.0,128.0
202603,4880,송파청소년센터,송파구,821.0,838.0
202603,4881,거여동사거리 송파둘레길 입구,송파구,173.0,176.0
202603,4882,위례포레샤인18단지 1802동,송파구,256.0,184.0
202603,4883,위례포레샤인18단지 1812동,송파구,202.0,58.0
202603,4884,H비즈니스파크,송파구,1507.0,1664.0
202603,4885,가든파이브 리빙관,송파구,334.0,355.0
202603,4886,배명고등학교 건너편,송파구,858.0,885.0
202603,4887,호돌이상가,송파구,833.0,823.0
202603,4888,둔촌오륜역 2번출구,송파구,522.0,397.0
202603,4889,마천역 1번 출구 인근②,송파구,634.0,557.0
202603,4891,위례포레나송파,송파구,553.0,528.0
202603,4892,성내유수지 체육공원,송파구,325.0,204.0
202603,4893,문정법조단지12,송파구,2054.0,2276.0
202603,4895,송파레이크힐 상가,송파구,732.0,726.0
202603,4896,송파레이크힐,송파구,104.0,84.0
202603,4897,잠실주공5단지1,송파구,2886.0,2928.0
202603,5751,송파여성축구장,송파구,425.0,414.0
202603,5752,풍납백제문화공원 옆 인근,송파구,2211.0,2271.0
202603,5753,호반써밋,송파구,854.0,851.0
202603,5756,극동아파트,송파구,775.0,752.0
202603,5758,올림픽선수기자촌아파트 123동 근처,송파구,704.0,416.0
202603,5759,풍납근린공원,송파구,748.0,757.0
202603,5760,풍납사거리 성내유수지,송파구,813.0,803.0
202603,5761,버섯분수대,송파구,804.0,816.0
202603,5763,세륜초등학교 건너편,송파구,446.0,328.0
202603,5764,한국체육대학교,송파구,710.0,711.0
202603,5765,삼전동주민센터 건너편,송파구,1939.0,2212.0
202603,5766,북위례1,송파구,331.0,160.0
202603,5767,북위례2,송파구,227.0,237.0
202603,5768,방이삼거리,송파구,4243.0,5096.0
202603,5773,송파시그니처롯데캐슬,송파구,236.0,276.0
202603,5774,가락본동주민센터 인근,송파구,1097.0,1091.0
202603,5775,가락시장역 5번출구,송파구,760.0,826.0
202603,5777,호반써밋12단지,송파구,477.0,456.0
202603,5778,북위례3,송파구,447.0,205.0
202603,5779,나래교,송파구,363.0,343.0
202603,5780,송파세무서,송파구,477.0,476.0
202603,5781,올림픽공원 수영장,송파구,3522.0,3508.0
202603,5782,오금현대 아파트 상가입구 앞,송파구,656.0,642.0
202603,5783,성내5교 2,송파구,524.0,572.0
202603,5784,한강버스 잠실 선착장,송파구,4612.0,4494.0
202603,5785,한림연예예술고등학교,송파구,354.0,324.0
202604,1201,가락시장역 3번 출구,송파구,1802.0,1798.0
202604,1203,밀리아나2빌딩 앞,송파구,1162.0,1151.0
202604,1204,거여역 3번출구,송파구,1547.0,1627.0
202604,1205,종합운동장역 4번출구,송파구,1889.0,1768.0
202604,1206,9호선종합운동장역 9번출구,송파구,1423.0,1409.0
202604,1207,마천중앙시장,송파구,604.0,600.0
202604,1208,풍납현대아파트쉼터,송파구,2988.0,2944.0
202604,1209,잠실나루역 (2번 출구 쪽),송파구,4464.0,4441.0
202604,1210,롯데월드타워(잠실역2번출구 쪽),송파구,11671.0,11607.0
202604,1212,송파역 2번 출구앞,송파구,1868.0,1921.0
202604,1213,백토공원 앞,송파구,365.0,344.0
202604,1214,오금역 7번 출구 인근,송파구,898.0,884.0
202604,1215,올림픽공원역 1번출구 앞,송파구,2464.0,2434.0
202604,1217,송파파인타운 7단지,송파구,950.0,951.0
202604,1218,방이역 4번출구,송파구,3012.0,2934.0
202604,1220,잠실근린공원,송파구,2454.0,2789.0
202604,1221,삼전역 4번출구,송파구,2023.0,2135.0
202604,1222,잠실새내역 5번 출구 뒤,송파구,5465.0,5646.0
202604,1224,아시아지하보도 2번 출구,송파구,1977.0,2005.0
202604,1226,잠실4동 주민센터 옆,송파구,3384.0,3469.0
202604,1227,거여역 8번출구 뒤,송파구,1279.0,1367.0
202604,1228,마천사거리,송파구,849.0,1030.0
202604,1229,송파체육문화회관 앞,송파구,1306.0,1273.0
202604,1230,송파중학교 정문,송파구,730.0,618.0
202604,1231,잠실역 6번출구,송파구,3656.0,4208.0
202604,1232,잠실주공 521동 건너편,송파구,3327.0,3419.0
202604,1233,잠실3거리(갤러리아팰리스),송파구,1112.0,1081.0
202604,1235,잠실트리지움310동 옆,송파구,2557.0,2678.0
202604,1239,문정 법조단지3,송파구,980.0,971.0
202604,1240,문정 법조단지4,송파구,778.0,747.0
202604,1241,문정 법조단지5,송파구,649.0,610.0
202604,1242,문정 법조단지6,송파구,128.0,108.0
202604,1243,문정 법조단지7,송파구,2674.0,2716.0
202604,1244,문정 법조단지8,송파구,2523.0,2513.0
202604,1245,문정 법조단지9,송파구,1556.0,1534.0
202604,1246,문정 법조단지10,송파구,2354.0,2353.0
202604,1247,문정 법조단지11,송파구,876.0,845.0
202604,1248,방이초등학교,송파구,2894.0,2219.0
202604,1250,문정2동 주민센터,송파구,185.0,178.0
202604,1251,석촌역 2번출구,송파구,3360.0,3362.0
202604,1253,오금역 3번 출구 뒤,송파구,758.0,731.0
202604,1256,문정현대아파트 교차로,송파구,722.0,605.0
202604,1258,가락미륭아파트 앞,송파구,529.0,297.0
202604,1259,방이역 1번출구,송파구,2019.0,2000.0
202604,1260,방이동 한양3차아파트 옆,송파구,1553.0,1525.0
202604,1262,송파여성문화회관 앞,송파구,2565.0,2573.0
202604,1263,장지공영차고지,송파구,310.0,375.0
202604,1264,천호역 10번 출구 앞,송파구,4008.0,4027.0
202604,1265,문정동 근린공원,송파구,1455.0,1485.0
202604,1266,문정동 글샘 공원,송파구,786.0,776.0
202604,1267,올림픽공원 남2문 앞,송파구,1594.0,1531.0
202604,1268,몽촌토성역 1번출구 옆,송파구,1249.0,1252.0
202604,1269,리센츠아파트,송파구,2076.0,1902.0
202604,1271,송파도서관,송파구,1243.0,1217.0
202604,1274,영파여고 앞,송파구,1635.0,1581.0
202604,1275,거여초등학교 옆,송파구,532.0,667.0
202604,1277,성내7교,송파구,1380.0,1434.0
202604,1278,송파구청 교차로,송파구,3206.0,3252.0
202604,1279,마천금호어울림 1차아파트 건너편,송파구,507.0,510.0
202604,1282,송파소방서 맞은편(성내4교),송파구,1650.0,1959.0
202604,1283,오금공원 사거리,송파구,200.0,118.0
202604,1285,위례별 유치원 뒤,송파구,606.0,599.0
202604,1286,위례중앙푸르지오 1단지 앞,송파구,1239.0,1220.0
202604,1287,위례아이파크 101동 맞은편,송파구,853.0,851.0
202604,1288,문정중교 사거리,송파구,1493.0,1279.0
202604,1289,풍납토성 서성벽터B,송파구,1080.0,1103.0
202604,1290,위례송파꿈에그린아파트24단지 앞 성벽 다리 밑,송파구,945.0,997.0
202604,1291,서울체육고등학교 앞,송파구,2763.0,2989.0
202604,1293,석촌호수 서호 사거리,송파구,4036.0,4297.0
202604,1295,잠실역 8번출구,송파구,4751.0,4707.0
202604,1296,석촌호수교차로 (송파나루근린공원 앞),송파구,594.0,623.0
202604,1297,석촌호수교차로(동호 팔각정 앞),송파구,2810.0,2818.0
202604,1299,송파소방서 (방이119안전센터),송파구,733.0,597.0
202604,1300,오륜사거리,송파구,902.0,936.0
202604,2601,석촌호수 아뜰리에,송파구,1823.0,1811.0
202604,2603,송파 글마루 도서관,송파구,1047.0,986.0
202604,2604,풍납토성 서성벽터A,송파구,1700.0,1726.0
202604,2605,복정역 1번 출구 앞,송파구,1689.0,1681.0
202604,2606,위례동주민센터,송파구,1.0,1.0
202604,2608,송파구청,송파구,7962.0,8226.0
202604,2609,보성중고등학교 후문 앞,송파구,405.0,386.0
202604,2611,송파지역자활센터 뒤,송파구,2908.0,3112.0
202604,2613,잠실나들목,송파구,2644.0,2710.0
202604,2614,가락고등학교 앞,송파구,572.0,509.0
202604,2615,테라타워2,송파구,2999.0,2987.0
202604,2616,거여동 사거리,송파구,476.0,479.0
202604,2617,가락삼환아파트 앞,송파구,444.0,363.0
202604,2618,삼전역 1번출구,송파구,2222.0,2347.0
202604,2619,석촌고분역 4번출구,송파구,2207.0,2271.0
202604,2620,송파나루역 4번 출구옆,송파구,5748.0,5953.0
202604,2621,한성백제역 2번 출구,송파구,4387.0,4415.0
202604,2622,올림픽공원역 3번출구,송파구,7513.0,7500.0
202604,2623,석촌동 주민센터,송파구,3492.0,3271.0
202604,2625,가락종합 사회복지관,송파구,301.0,281.0
202604,2626,"경찰병원역 1,2번 출구 사이",송파구,625.0,618.0
202604,2627,문정시영아파트 5동 앞 공원,송파구,1402.0,626.0
202604,2628,문정역 1번출구,송파구,4078.0,4196.0
202604,2630,서울방이동 고분군,송파구,1928.0,1902.0
202604,2631,배명고등학교,송파구,755.0,815.0
202604,2632,석촌고분역 2번 출구,송파구,2856.0,2952.0
202604,2633,송파학사 옆,송파구,1154.0,1125.0
202604,2634,위례포레샤인아파트 정류장,송파구,932.0,1002.0
202604,2635,잠실새내역 1번출구,송파구,2853.0,2753.0
202604,2637,아시아지하보도 14번 출구,송파구,3050.0,3082.0
202604,2639,석촌역 8번출구,송파구,3965.0,3951.0
202604,2641,송파역 4번출구,송파구,3306.0,3333.0
202604,2642,마천동 성내천 쉼터,송파구,1217.0,1221.0
202604,2643,풍납중학교 측면,송파구,640.0,553.0
202604,2644,성내5교,송파구,979.0,1110.0
202604,2645,잠실나들목2(엘스아파트136동),송파구,1253.0,1232.0
202604,2646,레이크펠리스101동앞,송파구,3617.0,3783.0
202604,2647,잠실 자전거 수리센터 앞,송파구,1419.0,1574.0
202604,2648,헬리오시티 112동 앞,송파구,1259.0,1234.0
202604,2649,오금공원사거리2,송파구,344.0,238.0
202604,2650,위례22단지 2208동 다리앞,송파구,635.0,649.0
202604,2651,경찰병원역 3번출구 앞,송파구,1426.0,1428.0
202604,2652,송파 레미니스1단지 102동 앞,송파구,854.0,721.0
202604,2653,올림픽공원사거리(선수촌아파트),송파구,1766.0,1768.0
202604,2654,올림픽선수촌아파트 136동 앞,송파구,868.0,673.0
202604,2655,송이공원,송파구,999.0,777.0
202604,2656,풍납동 아이파크 107동 앞,송파구,2723.0,2827.0
202604,2657,송파 파인타운 11단지,송파구,807.0,780.0
202604,2658,가락몰 업무동,송파구,1693.0,1698.0
202604,2659,서울친환경유통센터,송파구,295.0,296.0
202604,4452,삼성SDS,송파구,4131.0,4286.0
202604,4453,위례중앙푸르지오 201동 앞,송파구,1462.0,1457.0
202604,4454,위례 포레샤인 1809동 부근,송파구,325.0,156.0
202604,4457,아산병원 기숙사 부근,송파구,2691.0,2692.0
202604,4458,가락2동주민센터 인근,송파구,530.0,504.0
202604,4460,올림픽훼미리아파트 112동 앞,송파구,1216.0,1216.0
202604,4461,한양3차아파트 3동 앞,송파구,314.0,290.0
202604,4462,가락중학교 앞,송파구,692.0,678.0
202604,4463,방이역 2번 출구,송파구,1032.0,1029.0
202604,4464,올림픽공원 북2문 A,송파구,1714.0,1720.0
202604,4465,건영아파트앞 사거리,송파구,1627.0,1629.0
202604,4468,가락1동주민센터,송파구,1578.0,1595.0
202604,4469,거여동 어울림아파트  102동앞,송파구,522.0,525.0
202604,4472,송파파크데일 1단지 115동 건너편,송파구,620.0,598.0
202604,4473,마천금호어울림 1차 102동앞,송파구,232.0,221.0
202604,4474,가락현대 1차 11동 앞,송파구,607.0,462.0
202604,4475,송파파인타운 4단지 403동,송파구,463.0,447.0
202604,4478,문정근린공원2,송파구,1009.0,1003.0
202604,4479,문정중학교,송파구,313.0,220.0
202604,4480,가락시장 남1문 사거리,송파구,2093.0,2087.0
202604,4481,올림픽공원 북2문 B,송파구,3448.0,3597.0
202604,4483,잠실나들목4,송파구,1341.0,1347.0
202604,4484,잠실나루역4번출구뒤,송파구,2662.0,2631.0
202604,4485,잠실나루역 고가하부,송파구,1078.0,766.0
202604,4486,홈플러스 잠실점,송파구,2519.0,2562.0
202604,4488,"문현중,고등학교 사이",송파구,244.0,238.0
202604,4490,송파파인타운 10단지 1005동,송파구,348.0,323.0
202604,4491,장지역 1번출구,송파구,1583.0,1561.0
202604,4493,마천사거리 2,송파구,385.0,410.0
202604,4496,잠실 파크리오 120동 앞,송파구,2152.0,2142.0
202604,4497,아시아선수촌아파트 교차로,송파구,1759.0,1758.0
202604,4499,세양청마루 101동 앞,송파구,1021.0,478.0
202604,4852,서울복합물류 게이트 1,송파구,1569.0,1699.0
202604,4854,가락시장역 2번 출구,송파구,1528.0,1524.0
202604,4855,거여5단지 503동 앞,송파구,532.0,520.0
202604,4856,올림픽공원 서1문 앞,송파구,2703.0,2835.0
202604,4857,올림픽공원 장미광장,송파구,838.0,733.0
202604,4859,잠실나루 나들목,송파구,2274.0,2301.0
202604,4860,가락쌍용2차아파트 103동,송파구,903.0,898.0
202604,4862,성내교 남단,송파구,809.0,765.0
202604,4863,잠실나들목5,송파구,656.0,656.0
202604,4864,송파사거리,송파구,2801.0,2797.0
202604,4865,한성백제역 1번출구 뒤,송파구,3260.0,3292.0
202604,4867,가락대림아파트 앞,송파구,1139.0,1131.0
202604,4868,석촌호수 서호 남단,송파구,2201.0,2214.0
202604,4870,몽촌토성역 3번 출구,송파구,6512.0,6470.0
202604,4871,오금동 대림아파트 정문,송파구,718.0,671.0
202604,4872,개롱역 3번 출구 뒤,송파구,1392.0,1417.0
202604,4873,개롱역사거리 2번 출구,송파구,1174.0,1203.0
202604,4874,탄천1교 하부보도,송파구,766.0,785.0
202604,4875,위례포레샤인13단지,송파구,412.0,402.0
202604,4879,마천청소년센터,송파구,249.0,234.0
202604,4880,송파청소년센터,송파구,1034.0,1049.0
202604,4881,거여동사거리 송파둘레길 입구,송파구,193.0,193.0
202604,4882,위례포레샤인18단지 1802동,송파구,395.0,320.0
202604,4883,위례포레샤인18단지 1812동,송파구,223.0,25.0
202604,4884,H비즈니스파크,송파구,2120.0,2244.0
202604,4885,가든파이브 리빙관,송파구,565.0,568.0
202604,4886,배명고등학교 건너편,송파구,1140.0,1178.0
202604,4887,호돌이상가,송파구,1060.0,1084.0
202604,4888,둔촌오륜역 2번출구,송파구,707.0,560.0
202604,4889,마천역 1번 출구 인근②,송파구,619.0,571.0
202604,4891,위례포레나송파,송파구,773.0,746.0
202604,4892,성내유수지 체육공원,송파구,547.0,411.0
202604,4893,문정법조단지12,송파구,2359.0,2764.0
202604,4895,송파레이크힐 상가,송파구,1037.0,1019.0
202604,4896,송파레이크힐,송파구,129.0,109.0
202604,4897,잠실주공5단지1,송파구,3600.0,3623.0
202604,5751,송파여성축구장,송파구,961.0,929.0
202604,5752,풍납백제문화공원 옆 인근,송파구,3107.0,3258.0
202604,5753,호반써밋,송파구,1126.0,1107.0
202604,5756,극동아파트,송파구,1199.0,1206.0
202604,5758,올림픽선수기자촌아파트 123동 근처,송파구,887.0,541.0
202604,5759,풍납근린공원,송파구,943.0,1008.0
202604,5760,풍납사거리 성내유수지,송파구,1433.0,1437.0
202604,5761,버섯분수대,송파구,1185.0,1185.0
202604,5763,세륜초등학교 건너편,송파구,687.0,497.0
202604,5764,한국체육대학교,송파구,962.0,943.0
202604,5765,삼전동주민센터 건너편,송파구,2583.0,2852.0
202604,5766,북위례1,송파구,563.0,199.0
202604,5767,북위례2,송파구,335.0,311.0
202604,5768,방이삼거리,송파구,4679.0,5086.0
202604,5773,송파시그니처롯데캐슬,송파구,394.0,425.0
202604,5774,가락본동주민센터 인근,송파구,1482.0,1513.0
202604,5775,가락시장역 5번출구,송파구,1026.0,1045.0
202604,5777,호반써밋12단지,송파구,628.0,578.0
202604,5778,북위례3,송파구,517.0,301.0
202604,5779,나래교,송파구,487.0,481.0
202604,5780,송파세무서,송파구,872.0,874.0
202604,5781,올림픽공원 수영장,송파구,4760.0,4792.0
202604,5782,오금현대 아파트 상가입구 앞,송파구,925.0,920.0
202604,5783,성내5교 2,송파구,730.0,878.0
202604,5784,한강버스 잠실 선착장,송파구,8178.0,7904.0
202604,5785,한림연예예술고등학교,송파구,618.0,562.0
202604,5786,문정로데오거리입구,송파구,3.0,2.0
202605,1201,가락시장역 3번 출구,송파구,1764.0,1777.0
202605,1203,밀리아나2빌딩 앞,송파구,1131.0,1122.0
202605,1204,거여역 3번출구,송파구,1650.0,1699.0
202605,1205,종합운동장역 4번출구,송파구,1783.0,1733.0
202605,1206,9호선종합운동장역 9번출구,송파구,1571.0,1532.0
202605,1207,마천중앙시장,송파구,596.0,636.0
202605,1208,풍납현대아파트쉼터,송파구,3013.0,3003.0
202605,1209,잠실나루역 (2번 출구 쪽),송파구,4527.0,4492.0
202605,1210,롯데월드타워(잠실역2번출구 쪽),송파구,11634.0,11565.0
202605,1212,송파역 2번 출구앞,송파구,1830.0,1863.0
202605,1213,백토공원 앞,송파구,377.0,370.0
202605,1214,오금역 7번 출구 인근,송파구,934.0,863.0
202605,1215,올림픽공원역 1번출구 앞,송파구,2324.0,2330.0
202605,1217,송파파인타운 7단지,송파구,1017.0,1020.0
202605,1218,방이역 4번출구,송파구,3157.0,3107.0
202605,1220,잠실근린공원,송파구,2553.0,2871.0
202605,1221,삼전역 4번출구,송파구,2181.0,2347.0
202605,1222,잠실새내역 5번 출구 뒤,송파구,5965.0,6255.0
202605,1224,아시아지하보도 2번 출구,송파구,2096.0,2123.0
202605,1226,잠실4동 주민센터 옆,송파구,3572.0,3581.0
202605,1227,거여역 8번출구 뒤,송파구,1324.0,1321.0
202605,1228,마천사거리,송파구,885.0,979.0
202605,1229,송파체육문화회관 앞,송파구,1118.0,1119.0
202605,1230,송파중학교 정문,송파구,667.0,596.0
202605,1231,잠실역 6번출구,송파구,3503.0,3883.0
202605,1232,잠실주공 521동 건너편,송파구,3536.0,3645.0
202605,1233,잠실3거리(갤러리아팰리스),송파구,1254.0,1231.0
202605,1235,잠실트리지움310동 옆,송파구,2865.0,2939.0
202605,1239,문정 법조단지3,송파구,906.0,919.0
202605,1240,문정 법조단지4,송파구,792.0,733.0
202605,1241,문정 법조단지5,송파구,603.0,568.0
202605,1242,문정 법조단지6,송파구,123.0,119.0
202605,1243,문정 법조단지7,송파구,2348.0,2374.0
202605,1244,문정 법조단지8,송파구,2906.0,2907.0
202605,1245,문정 법조단지9,송파구,1847.0,1801.0
202605,1246,문정 법조단지10,송파구,2127.0,2118.0
202605,1247,문정 법조단지11,송파구,863.0,852.0
202605,1248,방이초등학교,송파구,2551.0,2230.0
202605,1250,문정2동 주민센터,송파구,231.0,185.0
202605,1251,석촌역 2번출구,송파구,3455.0,3434.0
202605,1253,오금역 3번 출구 뒤,송파구,723.0,709.0
202605,1256,문정현대아파트 교차로,송파구,628.0,591.0
202605,1258,가락미륭아파트 앞,송파구,382.0,289.0
202605,1259,방이역 1번출구,송파구,1941.0,1935.0
202605,1260,방이동 한양3차아파트 옆,송파구,1632.0,1611.0
202605,1262,송파여성문화회관 앞,송파구,2653.0,2653.0
202605,1263,장지공영차고지,송파구,361.0,380.0
202605,1264,천호역 10번 출구 앞,송파구,4036.0,4038.0
202605,1265,문정동 근린공원,송파구,1494.0,1487.0
202605,1266,문정동 글샘 공원,송파구,782.0,729.0
202605,1267,올림픽공원 남2문 앞,송파구,1547.0,1483.0
202605,1268,몽촌토성역 1번출구 옆,송파구,1266.0,1263.0
202605,1269,리센츠아파트,송파구,2258.0,2119.0
202605,1271,송파도서관,송파구,1100.0,1086.0
202605,1274,영파여고 앞,송파구,1563.0,1532.0
202605,1275,거여초등학교 옆,송파구,662.0,734.0
202605,1277,성내7교,송파구,1276.0,1329.0
202605,1278,송파구청 교차로,송파구,3433.0,3438.0
202605,1279,마천금호어울림 1차아파트 건너편,송파구,513.0,496.0
202605,1282,송파소방서 맞은편(성내4교),송파구,1697.0,1991.0
202605,1283,오금공원 사거리,송파구,137.0,111.0
202605,1285,위례별 유치원 뒤,송파구,631.0,623.0
202605,1286,위례중앙푸르지오 1단지 앞,송파구,1265.0,1265.0
202605,1287,위례아이파크 101동 맞은편,송파구,814.0,804.0
202605,1288,문정중교 사거리,송파구,1473.0,1357.0
202605,1289,풍납토성 서성벽터B,송파구,983.0,996.0
202605,1290,위례송파꿈에그린아파트24단지 앞 성벽 다리 밑,송파구,871.0,911.0
202605,1291,서울체육고등학교 앞,송파구,2581.0,2679.0
202605,1293,석촌호수 서호 사거리,송파구,3350.0,3477.0
202605,1295,잠실역 8번출구,송파구,4996.0,4964.0
202605,1296,석촌호수교차로 (송파나루근린공원 앞),송파구,392.0,398.0
202605,1297,석촌호수교차로(동호 팔각정 앞),송파구,4249.0,4205.0
202605,1299,송파소방서 (방이119안전센터),송파구,757.0,622.0
202605,1300,오륜사거리,송파구,895.0,921.0
202605,2601,석촌호수 아뜰리에,송파구,2778.0,2726.0
202605,2603,송파 글마루 도서관,송파구,930.0,926.0
202605,2604,풍납토성 서성벽터A,송파구,1822.0,1829.0
202605,2605,복정역 1번 출구 앞,송파구,1461.0,1506.0
202605,2606,위례동주민센터,송파구,2.0,2.0
202605,2608,송파구청,송파구,8086.0,8095.0
202605,2609,보성중고등학교 후문 앞,송파구,324.0,288.0
202605,2611,송파지역자활센터 뒤,송파구,2762.0,2973.0
202605,2613,잠실나들목,송파구,2569.0,2606.0
202605,2614,가락고등학교 앞,송파구,632.0,588.0
202605,2615,테라타워2,송파구,2415.0,2389.0
202605,2616,거여동 사거리,송파구,477.0,477.0
202605,2617,가락삼환아파트 앞,송파구,444.0,421.0
202605,2618,삼전역 1번출구,송파구,2334.0,2524.0
202605,2619,석촌고분역 4번출구,송파구,2315.0,2377.0
202605,2620,송파나루역 4번 출구옆,송파구,6075.0,6193.0
202605,2621,한성백제역 2번 출구,송파구,4516.0,4514.0
202605,2622,올림픽공원역 3번출구,송파구,8249.0,8226.0
202605,2623,석촌동 주민센터,송파구,3711.0,3608.0
202605,2625,가락종합 사회복지관,송파구,289.0,271.0
202605,2626,"경찰병원역 1,2번 출구 사이",송파구,682.0,689.0
202605,2627,문정시영아파트 5동 앞 공원,송파구,1374.0,644.0
202605,2628,문정역 1번출구,송파구,4087.0,4136.0
202605,2630,서울방이동 고분군,송파구,2127.0,2046.0
202605,2631,배명고등학교,송파구,782.0,879.0
202605,2632,석촌고분역 2번 출구,송파구,3158.0,3255.0
202605,2633,송파학사 옆,송파구,1274.0,1239.0
202605,2634,위례포레샤인아파트 정류장,송파구,960.0,1040.0
202605,2635,잠실새내역 1번출구,송파구,3046.0,2993.0
202605,2637,아시아지하보도 14번 출구,송파구,3033.0,3039.0
202605,2639,석촌역 8번출구,송파구,4165.0,4135.0
202605,2641,송파역 4번출구,송파구,3474.0,3576.0
202605,2642,마천동 성내천 쉼터,송파구,1234.0,1276.0
202605,2643,풍납중학교 측면,송파구,453.0,418.0
202605,2644,성내5교,송파구,1131.0,1131.0
202605,2645,잠실나들목2(엘스아파트136동),송파구,1196.0,1208.0
202605,2646,레이크펠리스101동앞,송파구,3918.0,3986.0
202605,2647,잠실 자전거 수리센터 앞,송파구,1998.0,2087.0
202605,2648,헬리오시티 112동 앞,송파구,1416.0,1384.0
202605,2649,오금공원사거리2,송파구,236.0,213.0
202605,2650,위례22단지 2208동 다리앞,송파구,537.0,549.0
202605,2651,경찰병원역 3번출구 앞,송파구,1465.0,1445.0
202605,2652,송파 레미니스1단지 102동 앞,송파구,840.0,745.0
202605,2653,올림픽공원사거리(선수촌아파트),송파구,1790.0,1760.0
202605,2654,올림픽선수촌아파트 136동 앞,송파구,901.0,755.0
202605,2655,송이공원,송파구,973.0,834.0
202605,2656,풍납동 아이파크 107동 앞,송파구,1608.0,1604.0
202605,2657,송파 파인타운 11단지,송파구,820.0,737.0
202605,2658,가락몰 업무동,송파구,1687.0,1713.0
202605,2659,서울친환경유통센터,송파구,279.0,279.0
202605,4452,삼성SDS,송파구,3800.0,3872.0
202605,4453,위례중앙푸르지오 201동 앞,송파구,1632.0,1647.0
202605,4454,위례 포레샤인 1809동 부근,송파구,257.0,120.0
202605,4457,아산병원 기숙사 부근,송파구,5596.0,5804.0
202605,4458,가락2동주민센터 인근,송파구,544.0,528.0
202605,4460,올림픽훼미리아파트 112동 앞,송파구,1170.0,1135.0
202605,4461,한양3차아파트 3동 앞,송파구,365.0,336.0
202605,4462,가락중학교 앞,송파구,697.0,669.0
202605,4463,방이역 2번 출구,송파구,940.0,928.0
202605,4464,올림픽공원 북2문 A,송파구,1510.0,1494.0
202605,4465,건영아파트앞 사거리,송파구,1665.0,1669.0
202605,4468,가락1동주민센터,송파구,1628.0,1614.0
202605,4469,거여동 어울림아파트  102동앞,송파구,493.0,492.0
202605,4472,송파파크데일 1단지 115동 건너편,송파구,544.0,532.0
202605,4473,마천금호어울림 1차 102동앞,송파구,241.0,225.0
202605,4474,가락현대 1차 11동 앞,송파구,590.0,429.0
202605,4475,송파파인타운 4단지 403동,송파구,532.0,531.0
202605,4478,문정근린공원2,송파구,1018.0,1005.0
202605,4479,문정중학교,송파구,318.0,250.0
202605,4480,가락시장 남1문 사거리,송파구,1860.0,1867.0
202605,4481,올림픽공원 북2문 B,송파구,3067.0,3073.0
202605,4483,잠실나들목4,송파구,1303.0,1297.0
202605,4484,잠실나루역4번출구뒤,송파구,2920.0,2921.0
202605,4485,잠실나루역 고가하부,송파구,936.0,792.0
202605,4486,홈플러스 잠실점,송파구,2397.0,2395.0
202605,4488,"문현중,고등학교 사이",송파구,220.0,221.0
202605,4490,송파파인타운 10단지 1005동,송파구,319.0,304.0
202605,4491,장지역 1번출구,송파구,1585.0,1608.0
202605,4493,마천사거리 2,송파구,397.0,454.0
202605,4496,잠실 파크리오 120동 앞,송파구,2506.0,2457.0
202605,4497,아시아선수촌아파트 교차로,송파구,2041.0,2066.0
202605,4499,세양청마루 101동 앞,송파구,938.0,446.0
202605,4852,서울복합물류 게이트 1,송파구,1603.0,1753.0
202605,4854,가락시장역 2번 출구,송파구,1712.0,1703.0
202605,4855,거여5단지 503동 앞,송파구,576.0,567.0
202605,4856,올림픽공원 서1문 앞,송파구,2671.0,2715.0
202605,4857,올림픽공원 장미광장,송파구,1071.0,1024.0
202605,4859,잠실나루 나들목,송파구,2602.0,2658.0
202605,4860,가락쌍용2차아파트 103동,송파구,926.0,925.0
202605,4862,성내교 남단,송파구,749.0,678.0
202605,4863,잠실나들목5,송파구,608.0,602.0
202605,4864,송파사거리,송파구,3016.0,3004.0
202605,4865,한성백제역 1번출구 뒤,송파구,3611.0,3624.0
202605,4867,가락대림아파트 앞,송파구,1061.0,1028.0
202605,4868,석촌호수 서호 남단,송파구,3144.0,3148.0
202605,4870,몽촌토성역 3번 출구,송파구,6975.0,6877.0
202605,4871,오금동 대림아파트 정문,송파구,774.0,700.0
202605,4872,개롱역 3번 출구 뒤,송파구,1375.0,1454.0
202605,4873,개롱역사거리 2번 출구,송파구,1155.0,1163.0
202605,4874,탄천1교 하부보도,송파구,779.0,823.0
202605,4875,위례포레샤인13단지,송파구,473.0,484.0
202605,4879,마천청소년센터,송파구,230.0,232.0
202605,4880,송파청소년센터,송파구,985.0,982.0
202605,4881,거여동사거리 송파둘레길 입구,송파구,188.0,187.0
202605,4882,위례포레샤인18단지 1802동,송파구,404.0,318.0
202605,4883,위례포레샤인18단지 1812동,송파구,201.0,37.0
202605,4884,H비즈니스파크,송파구,1611.0,1947.0
202605,4885,가든파이브 리빙관,송파구,454.0,451.0
202605,4886,배명고등학교 건너편,송파구,1213.0,1366.0
202605,4887,호돌이상가,송파구,1016.0,1002.0
202605,4888,둔촌오륜역 2번출구,송파구,691.0,560.0
202605,4889,마천역 1번 출구 인근②,송파구,526.0,503.0
202605,4891,위례포레나송파,송파구,691.0,667.0
202605,4892,성내유수지 체육공원,송파구,374.0,312.0
202605,4893,문정법조단지12,송파구,1879.0,2398.0
202605,4895,송파레이크힐 상가,송파구,1006.0,1010.0
202605,4896,송파레이크힐,송파구,95.0,89.0
202605,4897,잠실주공5단지1,송파구,3961.0,4035.0
202605,5751,송파여성축구장,송파구,712.0,655.0
202605,5752,풍납백제문화공원 옆 인근,송파구,3418.0,3600.0
202605,5753,호반써밋,송파구,1067.0,988.0
202605,5756,극동아파트,송파구,1164.0,1143.0
202605,5758,올림픽선수기자촌아파트 123동 근처,송파구,871.0,623.0
202605,5759,풍납근린공원,송파구,1034.0,1016.0
202605,5760,풍납사거리 성내유수지,송파구,1252.0,1196.0
202605,5761,버섯분수대,송파구,1252.0,1247.0
202605,5763,세륜초등학교 건너편,송파구,774.0,591.0
202605,5764,한국체육대학교,송파구,926.0,924.0
202605,5765,삼전동주민센터 건너편,송파구,2608.0,3059.0
202605,5766,북위례1,송파구,462.0,206.0
202605,5767,북위례2,송파구,337.0,304.0
202605,5768,방이삼거리,송파구,6683.0,7085.0
202605,5773,송파시그니처롯데캐슬,송파구,392.0,422.0
202605,5774,가락본동주민센터 인근,송파구,1574.0,1581.0
202605,5775,가락시장역 5번출구,송파구,1018.0,1031.0
202605,5777,호반써밋12단지,송파구,614.0,518.0
202605,5778,북위례3,송파구,450.0,296.0
202605,5779,나래교,송파구,441.0,434.0
202605,5780,송파세무서,송파구,473.0,465.0
202605,5781,올림픽공원 수영장,송파구,5117.0,5174.0
202605,5782,오금현대 아파트 상가입구 앞,송파구,994.0,979.0
202605,5783,성내5교 2,송파구,833.0,944.0
202605,5784,한강버스 잠실 선착장,송파구,8706.0,8275.0
202605,5785,한림연예예술고등학교,송파구,643.0,634.0
202605,5786,문정로데오거리입구,송파구,562.0,572.0
202606,1201,가락시장역 3번 출구,송파구,1901.0,1892.0
202606,1203,밀리아나2빌딩 앞,송파구,1097.0,1104.0
202606,1204,거여역 3번출구,송파구,1598.0,1633.0
202606,1205,종합운동장역 4번출구,송파구,1866.0,1759.0
202606,1206,9호선종합운동장역 9번출구,송파구,1615.0,1583.0
202606,1207,마천중앙시장,송파구,630.0,626.0
202606,1208,풍납현대아파트쉼터,송파구,3170.0,3129.0
202606,1209,잠실나루역 (2번 출구 쪽),송파구,4731.0,4733.0
202606,1210,롯데월드타워(잠실역2번출구 쪽),송파구,11874.0,11813.0
202606,1212,송파역 2번 출구앞,송파구,1838.0,1830.0
202606,1213,백토공원 앞,송파구,403.0,416.0
202606,1214,오금역 7번 출구 인근,송파구,822.0,798.0
202606,1215,올림픽공원역 1번출구 앞,송파구,2457.0,2438.0
202606,1217,송파파인타운 7단지,송파구,1104.0,1096.0
202606,1218,방이역 4번출구,송파구,3317.0,3255.0
202606,1220,잠실근린공원,송파구,2462.0,2871.0
202606,1221,삼전역 4번출구,송파구,2088.0,2343.0
202606,1222,잠실새내역 5번 출구 뒤,송파구,5569.0,5578.0
202606,1224,아시아지하보도 2번 출구,송파구,2104.0,2078.0
202606,1226,잠실4동 주민센터 옆,송파구,3642.0,3691.0
202606,1227,거여역 8번출구 뒤,송파구,1393.0,1407.0
202606,1228,마천사거리,송파구,923.0,1000.0
202606,1229,송파체육문화회관 앞,송파구,1353.0,1347.0
202606,1230,송파중학교 정문,송파구,566.0,548.0
202606,1231,잠실역 6번출구,송파구,3203.0,3565.0
202606,1232,잠실주공 521동 건너편,송파구,3269.0,3315.0
202606,1233,잠실3거리(갤러리아팰리스),송파구,1296.0,1279.0
202606,1235,잠실트리지움310동 옆,송파구,2945.0,3024.0
202606,1239,문정 법조단지3,송파구,966.0,977.0
202606,1240,문정 법조단지4,송파구,751.0,746.0
202606,1241,문정 법조단지5,송파구,661.0,599.0
202606,1242,문정 법조단지6,송파구,123.0,89.0
202606,1243,문정 법조단지7,송파구,2558.0,2658.0
202606,1244,문정 법조단지8,송파구,3073.0,3047.0
202606,1245,문정 법조단지9,송파구,1688.0,1662.0
202606,1246,문정 법조단지10,송파구,2255.0,2235.0
202606,1247,문정 법조단지11,송파구,789.0,762.0
202606,1248,방이초등학교,송파구,2625.0,2333.0
202606,1250,문정2동 주민센터,송파구,193.0,143.0
202606,1251,석촌역 2번출구,송파구,3097.0,3085.0
202606,1253,오금역 3번 출구 뒤,송파구,752.0,710.0
202606,1256,문정현대아파트 교차로,송파구,751.0,678.0
202606,1258,가락미륭아파트 앞,송파구,354.0,274.0
202606,1259,방이역 1번출구,송파구,2122.0,2102.0
202606,1260,방이동 한양3차아파트 옆,송파구,1493.0,1487.0
202606,1262,송파여성문화회관 앞,송파구,2738.0,2736.0
202606,1263,장지공영차고지,송파구,407.0,434.0
202606,1264,천호역 10번 출구 앞,송파구,4275.0,4250.0
202606,1265,문정동 근린공원,송파구,1543.0,1507.0
202606,1266,문정동 글샘 공원,송파구,738.0,730.0
202606,1267,올림픽공원 남2문 앞,송파구,2385.0,2357.0
202606,1268,몽촌토성역 1번출구 옆,송파구,1236.0,1244.0
202606,1269,리센츠아파트,송파구,2402.0,2224.0
202606,1271,송파도서관,송파구,1185.0,1189.0
202606,1274,영파여고 앞,송파구,1930.0,1803.0
202606,1275,거여초등학교 옆,송파구,689.0,801.0
202606,1277,성내7교,송파구,1297.0,1346.0
202606,1278,송파구청 교차로,송파구,3576.0,3569.0
202606,1279,마천금호어울림 1차아파트 건너편,송파구,526.0,525.0
202606,1282,송파소방서 맞은편(성내4교),송파구,1777.0,2106.0
202606,1283,오금공원 사거리,송파구,194.0,147.0
202606,1285,위례별 유치원 뒤,송파구,548.0,536.0
202606,1286,위례중앙푸르지오 1단지 앞,송파구,1157.0,1157.0
202606,1287,위례아이파크 101동 맞은편,송파구,716.0,722.0
202606,1288,문정중교 사거리,송파구,1616.0,1398.0
202606,1289,풍납토성 서성벽터B,송파구,955.0,950.0
202606,1290,위례송파꿈에그린아파트24단지 앞 성벽 다리 밑,송파구,842.0,884.0
202606,1291,서울체육고등학교 앞,송파구,2654.0,2673.0
202606,1293,석촌호수 서호 사거리,송파구,3498.0,3526.0
202606,1295,잠실역 8번출구,송파구,4109.0,4093.0
202606,1296,석촌호수교차로 (송파나루근린공원 앞),송파구,761.0,757.0
202606,1297,석촌호수교차로(동호 팔각정 앞),송파구,3787.0,3777.0
202606,1299,송파소방서 (방이119안전센터),송파구,684.0,606.0
202606,1300,오륜사거리,송파구,943.0,953.0
202606,2601,석촌호수 아뜰리에,송파구,2810.0,2788.0
202606,2603,송파 글마루 도서관,송파구,1112.0,954.0
202606,2604,풍납토성 서성벽터A,송파구,1927.0,1949.0
202606,2605,복정역 1번 출구 앞,송파구,1624.0,1665.0
202606,2606,위례동주민센터,송파구,4.0,4.0
202606,2608,송파구청,송파구,7652.0,7672.0
202606,2609,보성중고등학교 후문 앞,송파구,420.0,392.0
202606,2611,송파지역자활센터 뒤,송파구,3191.0,3349.0
202606,2613,잠실나들목,송파구,2252.0,2336.0
202606,2614,가락고등학교 앞,송파구,594.0,573.0
202606,2615,테라타워2,송파구,2732.0,2728.0
202606,2616,거여동 사거리,송파구,519.0,522.0
202606,2617,가락삼환아파트 앞,송파구,432.0,427.0
202606,2618,삼전역 1번출구,송파구,2281.0,2491.0
202606,2619,석촌고분역 4번출구,송파구,2338.0,2386.0
202606,2620,송파나루역 4번 출구옆,송파구,6075.0,6111.0
202606,2621,한성백제역 2번 출구,송파구,3824.0,3805.0
202606,2622,올림픽공원역 3번출구,송파구,10072.0,9938.0
202606,2623,석촌동 주민센터,송파구,3773.0,3671.0
202606,2625,가락종합 사회복지관,송파구,338.0,316.0
202606,2626,"경찰병원역 1,2번 출구 사이",송파구,661.0,646.0
202606,2627,문정시영아파트 5동 앞 공원,송파구,1395.0,705.0
202606,2628,문정역 1번출구,송파구,4065.0,4151.0
202606,2630,서울방이동 고분군,송파구,2134.0,2137.0
202606,2631,배명고등학교,송파구,810.0,845.0
202606,2632,석촌고분역 2번 출구,송파구,3306.0,3394.0
202606,2633,송파학사 옆,송파구,1195.0,1130.0
202606,2634,위례포레샤인아파트 정류장,송파구,915.0,956.0
202606,2635,잠실새내역 1번출구,송파구,3065.0,2977.0
202606,2637,아시아지하보도 14번 출구,송파구,3308.0,3337.0
202606,2639,석촌역 8번출구,송파구,4191.0,4168.0
202606,2641,송파역 4번출구,송파구,3440.0,3437.0
202606,2642,마천동 성내천 쉼터,송파구,1133.0,1181.0
202606,2643,풍납중학교 측면,송파구,435.0,399.0
202606,2644,성내5교,송파구,991.0,1041.0
202606,2645,잠실나들목2(엘스아파트136동),송파구,1243.0,1226.0
202606,2646,레이크펠리스101동앞,송파구,3968.0,4063.0
202606,2647,잠실 자전거 수리센터 앞,송파구,1854.0,1963.0
202606,2648,헬리오시티 112동 앞,송파구,1382.0,1357.0
202606,2649,오금공원사거리2,송파구,298.0,240.0
202606,2650,위례22단지 2208동 다리앞,송파구,570.0,567.0
202606,2651,경찰병원역 3번출구 앞,송파구,1541.0,1539.0
202606,2652,송파 레미니스1단지 102동 앞,송파구,902.0,863.0
202606,2653,올림픽공원사거리(선수촌아파트),송파구,1952.0,1960.0
202606,2654,올림픽선수촌아파트 136동 앞,송파구,813.0,747.0
202606,2655,송이공원,송파구,1023.0,874.0
202606,2656,풍납동 아이파크 107동 앞,송파구,1688.0,1688.0
202606,2657,송파 파인타운 11단지,송파구,779.0,728.0
202606,2658,가락몰 업무동,송파구,1793.0,1806.0
202606,2659,서울친환경유통센터,송파구,269.0,269.0
202606,4452,삼성SDS,송파구,4309.0,4317.0
202606,4453,위례중앙푸르지오 201동 앞,송파구,1455.0,1452.0
202606,4454,위례 포레샤인 1809동 부근,송파구,317.0,123.0
202606,4457,아산병원 기숙사 부근,송파구,5460.0,6581.0
202606,4458,가락2동주민센터 인근,송파구,585.0,585.0
202606,4460,올림픽훼미리아파트 112동 앞,송파구,1465.0,1444.0
202606,4461,한양3차아파트 3동 앞,송파구,331.0,308.0
202606,4462,가락중학교 앞,송파구,709.0,701.0
202606,4463,방이역 2번 출구,송파구,975.0,982.0
202606,4464,올림픽공원 북2문 A,송파구,1428.0,1431.0
202606,4465,건영아파트앞 사거리,송파구,1784.0,1784.0
202606,4468,가락1동주민센터,송파구,1602.0,1651.0
202606,4469,거여동 어울림아파트  102동앞,송파구,542.0,524.0
202606,4472,송파파크데일 1단지 115동 건너편,송파구,508.0,501.0
202606,4473,마천금호어울림 1차 102동앞,송파구,259.0,262.0
202606,4474,가락현대 1차 11동 앞,송파구,587.0,406.0
202606,4475,송파파인타운 4단지 403동,송파구,562.0,563.0
202606,4478,문정근린공원2,송파구,1077.0,1077.0
202606,4479,문정중학교,송파구,366.0,278.0
202606,4480,가락시장 남1문 사거리,송파구,1962.0,1964.0
202606,4481,올림픽공원 북2문 B,송파구,3021.0,3030.0
202606,4483,잠실나들목4,송파구,1334.0,1347.0
202606,4484,잠실나루역4번출구뒤,송파구,2707.0,2702.0
202606,4485,잠실나루역 고가하부,송파구,856.0,720.0
202606,4486,홈플러스 잠실점,송파구,2335.0,2333.0
202606,4488,"문현중,고등학교 사이",송파구,252.0,238.0
202606,4490,송파파인타운 10단지 1005동,송파구,323.0,312.0
202606,4491,장지역 1번출구,송파구,1692.0,1702.0
202606,4493,마천사거리 2,송파구,371.0,420.0
202606,4496,잠실 파크리오 120동 앞,송파구,2574.0,2578.0
202606,4497,아시아선수촌아파트 교차로,송파구,2269.0,2296.0
202606,4499,세양청마루 101동 앞,송파구,932.0,434.0
202606,4852,서울복합물류 게이트 1,송파구,1652.0,1830.0
202606,4854,가락시장역 2번 출구,송파구,1613.0,1600.0
202606,4855,거여5단지 503동 앞,송파구,592.0,593.0
202606,4856,올림픽공원 서1문 앞,송파구,2556.0,2522.0
202606,4857,올림픽공원 장미광장,송파구,949.0,932.0
202606,4859,잠실나루 나들목,송파구,2098.0,2104.0
202606,4860,가락쌍용2차아파트 103동,송파구,974.0,968.0
202606,4862,성내교 남단,송파구,654.0,590.0
202606,4863,잠실나들목5,송파구,626.0,646.0
202606,4864,송파사거리,송파구,3098.0,3071.0
202606,4865,한성백제역 1번출구 뒤,송파구,3794.0,3805.0
202606,4867,가락대림아파트 앞,송파구,1163.0,1149.0
202606,4868,석촌호수 서호 남단,송파구,3607.0,3632.0
202606,4870,몽촌토성역 3번 출구,송파구,7190.0,7161.0
202606,4871,오금동 대림아파트 정문,송파구,796.0,798.0
202606,4872,개롱역 3번 출구 뒤,송파구,1357.0,1328.0
202606,4873,개롱역사거리 2번 출구,송파구,1189.0,1182.0
202606,4874,탄천1교 하부보도,송파구,702.0,789.0
202606,4875,위례포레샤인13단지,송파구,462.0,457.0
202606,4879,마천청소년센터,송파구,196.0,190.0
202606,4880,송파청소년센터,송파구,1136.0,1134.0
202606,4881,거여동사거리 송파둘레길 입구,송파구,161.0,160.0
202606,4882,위례포레샤인18단지 1802동,송파구,408.0,351.0
202606,4883,위례포레샤인18단지 1812동,송파구,222.0,57.0
202606,4884,H비즈니스파크,송파구,1847.0,2204.0
202606,4885,가든파이브 리빙관,송파구,406.0,407.0
202606,4886,배명고등학교 건너편,송파구,1261.0,1387.0
202606,4887,호돌이상가,송파구,1168.0,1196.0
202606,4888,둔촌오륜역 2번출구,송파구,724.0,579.0
202606,4889,마천역 1번 출구 인근②,송파구,480.0,449.0
202606,4891,위례포레나송파,송파구,690.0,658.0
202606,4892,성내유수지 체육공원,송파구,423.0,329.0
202606,4893,문정법조단지12,송파구,2376.0,3097.0
202606,4895,송파레이크힐 상가,송파구,1126.0,1127.0
202606,4896,송파레이크힐,송파구,93.0,79.0
202606,4897,잠실주공5단지1,송파구,3964.0,4042.0
202606,5751,송파여성축구장,송파구,492.0,478.0
202606,5752,풍납백제문화공원 옆 인근,송파구,3800.0,3946.0
202606,5753,호반써밋,송파구,1084.0,996.0
202606,5756,극동아파트,송파구,1198.0,1189.0
202606,5758,올림픽선수기자촌아파트 123동 근처,송파구,1091.0,759.0
202606,5759,풍납근린공원,송파구,1048.0,1046.0
202606,5760,풍납사거리 성내유수지,송파구,1164.0,1127.0
202606,5761,버섯분수대,송파구,1253.0,1248.0
202606,5763,세륜초등학교 건너편,송파구,833.0,591.0
202606,5764,한국체육대학교,송파구,1221.0,1216.0
202606,5765,삼전동주민센터 건너편,송파구,2606.0,3146.0
202606,5766,북위례1,송파구,411.0,194.0
202606,5767,북위례2,송파구,325.0,324.0
202606,5768,방이삼거리,송파구,6824.0,6949.0
202606,5773,송파시그니처롯데캐슬,송파구,422.0,457.0
202606,5774,가락본동주민센터 인근,송파구,1463.0,1459.0
202606,5775,가락시장역 5번출구,송파구,1026.0,1020.0
202606,5777,호반써밋12단지,송파구,669.0,604.0
202606,5778,북위례3,송파구,503.0,261.0
202606,5779,나래교,송파구,426.0,427.0
202606,5780,송파세무서,송파구,504.0,502.0
202606,5781,올림픽공원 수영장,송파구,5403.0,5416.0
202606,5782,오금현대 아파트 상가입구 앞,송파구,1070.0,1067.0
202606,5783,성내5교 2,송파구,884.0,973.0
202606,5784,한강버스 잠실 선착장,송파구,6973.0,6274.0
202606,5785,한림연예예술고등학교,송파구,778.0,752.0
202606,5786,문정로데오거리입구,송파구,832.0,820.0
